{
	"credit": "Created by mullak99",
	"ambientocclusion": false,
	"textures": {
		"door": "block/jungle_door_bottom",
		"particle": "block/jungle_door_bottom",
		"bottom": "m99-ctm:block/doors/jungle/bottom",
		"side_bottom": "m99-ctm:block/doors/jungle/side_bottom",
		"side_bottom_hinge": "m99-ctm:block/doors/jungle/side_bottom_hinge"
	},
	"elements": [
		{
			"name": "left",
			"from": [0, 0, 9],
			"to": [3, 16, 16],
			"faces": {
				"north": {"uv": [0, 0, 3, 16], "texture": "#side_bottom"},
				"east": {"uv": [0, 0, 7, 16], "texture": "#door"},
				"south": {"uv": [3, 0, 0, 16], "texture": "#side_bottom_hinge", "cullface": "south"},
				"west": {"uv": [7, 0, 0, 16], "texture": "#door", "cullface": "west"},
				"down": {"uv": [0, 3, 7, 0], "rotation": 90, "texture": "#bottom", "cullface": "down"}
			}
		},
		{
			"name": "right",
			"from": [0, 0, 0],
			"to": [3, 16, 7],
			"faces": {
				"north": {"uv": [0, 0, 3, 16], "texture": "#side_bottom", "cullface": "north"},
				"east": {"uv": [9, 0, 16, 16], "texture": "#door"},
				"south": {"uv": [3, 0, 0, 16], "texture": "#side_bottom"},
				"west": {"uv": [16, 0, 9, 16], "texture": "#door", "cullface": "west"},
				"down": {"uv": [9, 3, 16, 0], "rotation": 90, "texture": "#bottom", "cullface": "down"}
			}
		},
		{
			"name": "1",
			"from": [0, 0, 7],
			"to": [3, 3, 9],
			"faces": {
				"east": {"uv": [7, 13, 9, 16], "texture": "#door"},
				"west": {"uv": [9, 13, 7, 16], "texture": "#door", "cullface": "west"},
				"up": {"uv": [9, 3, 7, 0], "rotation": 90, "texture": "#bottom"},
				"down": {"uv": [7, 3, 9, 0], "rotation": 90, "texture": "#bottom", "cullface": "down"}
			}
		},
		{
			"name": "2",
			"from": [0, 15, 7],
			"to": [3, 16, 9],
			"faces": {
				"east": {"uv": [7, 0, 9, 1], "texture": "#door"},
				"west": {"uv": [9, 0, 7, 1], "texture": "#door", "cullface": "west"},
				"down": {"uv": [7, 3, 9, 0], "rotation": 90, "texture": "#bottom"}
			}
		}
	],
	"groups": [
		{
			"name": "group",
			"children": [0, 1,
				{
					"name": "vert",
					"children": [2, 3]
				}
			]
		}
	]
}