{
	"credit": "Created by mullak99",
	"ambientocclusion": false,
	"textures": {
		"particle": "block/warped_trapdoor",
		"top": "block/warped_trapdoor",
		"front": "m99-ctm:block/trapdoors/warped/front",
		"side": "m99-ctm:block/trapdoors/warped/side"
	},
	"elements": [
		{
			"name": "main",
			"from": [0, 13, 0],
			"to": [16, 16, 2.5],
			"rotation": {"angle": 0, "axis": "y", "origin": [8, 1.5, 8]},
			"faces": {
				"north": {"uv": [0, 0, 16, 3], "texture": "#front", "cullface": "north"},
				"east": {"uv": [2.5, 0, 0, 3], "texture": "#side", "cullface": "east"},
				"south": {"uv": [0, 0, 16, 3], "texture": "#front"},
				"west": {"uv": [0, 0, 2.5, 3], "texture": "#side", "cullface": "west"},
				"up": {"uv": [0, 16, 16, 13.5], "texture": "#top", "cullface": "up"},
				"down": {"uv": [0, 13.5, 16, 16], "texture": "#top"}
			}
		},
		{
			"name": "main",
			"from": [13, 13, 2.5],
			"to": [16, 16, 13],
			"rotation": {"angle": 0, "axis": "y", "origin": [8, 1.5, 8]},
			"faces": {
				"east": {"uv": [13, 0, 2.5, 3], "texture": "#side", "cullface": "east"},
				"west": {"uv": [2.5, 0, 13, 3], "texture": "#side"},
				"up": {"uv": [13, 13.5, 16, 3], "texture": "#top", "cullface": "up"},
				"down": {"uv": [13, 3, 16, 13.5], "texture": "#top"}
			}
		},
		{
			"name": "main",
			"from": [0, 13, 2.5],
			"to": [2.5, 16, 13],
			"rotation": {"angle": 0, "axis": "y", "origin": [8, 1.5, 8]},
			"faces": {
				"east": {"uv": [2.5, 0, 13, 3], "texture": "#side"},
				"west": {"uv": [2.5, 0, 13, 3], "texture": "#side", "cullface": "west"},
				"up": {"uv": [0, 13.5, 2.5, 3], "texture": "#top", "cullface": "up"},
				"down": {"uv": [0, 3, 2.5, 13.5], "texture": "#top"}
			}
		},
		{
			"name": "main",
			"from": [0, 13, 13],
			"to": [16, 16, 16],
			"rotation": {"angle": 0, "axis": "y", "origin": [8, 1.5, 8]},
			"faces": {
				"north": {"uv": [0, 0, 16, 3], "texture": "#front"},
				"east": {"uv": [16, 0, 13, 3], "texture": "#side", "cullface": "east"},
				"south": {"uv": [0, 0, 16, 3], "texture": "#front", "cullface": "south"},
				"west": {"uv": [13, 0, 16, 3], "texture": "#side", "cullface": "west"},
				"up": {"uv": [0, 3, 16, 0], "texture": "#top", "cullface": "up"},
				"down": {"uv": [0, 0, 16, 3], "texture": "#top"}
			}
		},
		{
			"name": "1",
			"from": [2.5, 13, 2.5],
			"to": [3, 16, 4],
			"rotation": {"angle": 0, "axis": "y", "origin": [8, 1.5, 8]},
			"faces": {
				"east": {"uv": [11.5, 0, 13, 3], "texture": "#side"},
				"south": {"uv": [2.5, 0, 3, 3], "texture": "#front"},
				"up": {"uv": [2.5, 13.5, 3, 12], "texture": "#top", "cullface": "up"},
				"down": {"uv": [2.5, 12, 3, 13.5], "texture": "#top"}
			}
		},
		{
			"name": "2",
			"from": [2.5, 13, 6],
			"to": [3, 16, 13],
			"rotation": {"angle": 0, "axis": "y", "origin": [8, 1.5, 8]},
			"faces": {
				"north": {"uv": [13, 0, 13.5, 3], "texture": "#front"},
				"east": {"uv": [2.5, 0, 9.5, 3], "texture": "#side"},
				"up": {"uv": [2.5, 10, 3, 3], "texture": "#top", "cullface": "up"},
				"down": {"uv": [2.5, 3, 3, 10], "texture": "#top"}
			}
		},
		{
			"name": "3",
			"from": [3, 13, 2.5],
			"to": [3.5, 16, 3],
			"rotation": {"angle": 0, "axis": "y", "origin": [8, 1.5, 8]},
			"faces": {
				"south": {"uv": [3, 0, 3.5, 3], "texture": "#front"},
				"up": {"uv": [3, 13.5, 3.5, 13], "texture": "#top", "cullface": "up"},
				"down": {"uv": [3, 13, 3.5, 13.5], "texture": "#top"}
			}
		},
		{
			"name": "4",
			"from": [3, 13, 7],
			"to": [3.5, 16, 11],
			"rotation": {"angle": 0, "axis": "y", "origin": [8, 1.5, 8]},
			"faces": {
				"north": {"uv": [12.5, 0, 13, 3], "texture": "#front"},
				"east": {"uv": [4.5, 0, 8.5, 3], "texture": "#side"},
				"south": {"uv": [3, 0, 3.5, 3], "texture": "#front"},
				"up": {"uv": [3, 9, 3.5, 5], "texture": "#top", "cullface": "up"},
				"down": {"uv": [3, 5, 3.5, 9], "texture": "#top"}
			}
		},
		{
			"name": "5",
			"from": [3, 13, 12],
			"to": [3.5, 16, 13],
			"rotation": {"angle": 0, "axis": "y", "origin": [8, 1.5, 8]},
			"faces": {
				"north": {"uv": [12.5, 0, 13, 3], "texture": "#front"},
				"east": {"uv": [2.5, 0, 3.5, 3], "texture": "#side"},
				"up": {"uv": [3, 4, 3.5, 3], "texture": "#top", "cullface": "up"},
				"down": {"uv": [3, 3, 3.5, 4], "texture": "#top"}
			}
		},
		{
			"name": "6",
			"from": [3.5, 13, 2.5],
			"to": [7, 16, 3.5],
			"rotation": {"angle": 0, "axis": "y", "origin": [8, 1.5, 8]},
			"faces": {
				"east": {"uv": [12, 0, 13, 3], "texture": "#side"},
				"south": {"uv": [3.5, 0, 7, 3], "texture": "#front"},
				"west": {"uv": [2.5, 0, 3.5, 3], "texture": "#side"},
				"up": {"uv": [3.5, 13.5, 7, 12.5], "texture": "#top", "cullface": "up"},
				"down": {"uv": [3.5, 12.5, 7, 13.5], "texture": "#top"}
			}
		},
		{
			"name": "7",
			"from": [4, 13, 3.5],
			"to": [6.5, 16, 4.5],
			"rotation": {"angle": 0, "axis": "y", "origin": [8, 1.5, 8]},
			"faces": {
				"east": {"uv": [11, 0, 12, 3], "texture": "#side"},
				"south": {"uv": [4, 0, 6.5, 3], "texture": "#front"},
				"west": {"uv": [3.5, 0, 4.5, 3], "texture": "#side"},
				"up": {"uv": [4, 12.5, 6.5, 11.5], "texture": "#top", "cullface": "up"},
				"down": {"uv": [4, 11.5, 6.5, 12.5], "texture": "#top"}
			}
		},
		{
			"name": "8",
			"from": [4, 13, 4.5],
			"to": [6, 16, 5],
			"rotation": {"angle": 0, "axis": "y", "origin": [8, 1.5, 8]},
			"faces": {
				"east": {"uv": [10.5, 0, 11, 3], "texture": "#side"},
				"south": {"uv": [4, 0, 6, 3], "texture": "#front"},
				"west": {"uv": [4.5, 0, 5, 3], "texture": "#side"},
				"up": {"uv": [4, 11.5, 6, 11], "texture": "#top", "cullface": "up"},
				"down": {"uv": [4, 11, 6, 11.5], "texture": "#top"}
			}
		},
		{
			"name": "9",
			"from": [4.5, 13, 5],
			"to": [6, 16, 6.5],
			"rotation": {"angle": 0, "axis": "y", "origin": [8, 1.5, 8]},
			"faces": {
				"east": {"uv": [9, 0, 10.5, 3], "texture": "#side"},
				"south": {"uv": [4.5, 0, 6, 3], "texture": "#front"},
				"west": {"uv": [5, 0, 6.5, 3], "texture": "#side"},
				"up": {"uv": [4.5, 11, 6, 9.5], "texture": "#top", "cullface": "up"},
				"down": {"uv": [4.5, 9.5, 6, 11], "texture": "#top"}
			}
		},
		{
			"name": "10",
			"from": [6, 13, 6],
			"to": [6.5, 16, 6.5],
			"rotation": {"angle": 0, "axis": "y", "origin": [8, 1.5, 8]},
			"faces": {
				"north": {"uv": [9.5, 0, 10, 3], "texture": "#front"},
				"east": {"uv": [9, 0, 9.5, 3], "texture": "#side"},
				"up": {"uv": [6, 10, 6.5, 9.5], "texture": "#top", "cullface": "up"},
				"down": {"uv": [6, 9.5, 6.5, 10], "texture": "#top"}
			}
		},
		{
			"name": "11",
			"from": [5, 13, 6.5],
			"to": [6.5, 16, 8.5],
			"rotation": {"angle": 0, "axis": "y", "origin": [8, 1.5, 8]},
			"faces": {
				"east": {"uv": [7, 0, 9, 3], "texture": "#side"},
				"south": {"uv": [5, 0, 6.5, 3], "texture": "#front"},
				"west": {"uv": [6.5, 0, 8.5, 3], "texture": "#side"},
				"up": {"uv": [5, 9.5, 6.5, 7.5], "texture": "#top", "cullface": "up"},
				"down": {"uv": [5, 7.5, 6.5, 9.5], "texture": "#top"}
			}
		},
		{
			"name": "12",
			"from": [6.5, 13, 7.5],
			"to": [7, 16, 10.5],
			"rotation": {"angle": 0, "axis": "y", "origin": [8, 1.5, 8]},
			"faces": {
				"north": {"uv": [9, 0, 9.5, 3], "texture": "#front"},
				"east": {"uv": [5, 0, 8, 3], "texture": "#side"},
				"south": {"uv": [6.5, 0, 7, 3], "texture": "#front"},
				"up": {"uv": [6.5, 8.5, 7, 5.5], "texture": "#top", "cullface": "up"},
				"down": {"uv": [6.5, 5.5, 7, 8.5], "texture": "#top"}
			}
		},
		{
			"name": "13",
			"from": [5.5, 13, 8.5],
			"to": [6.5, 16, 11.5],
			"rotation": {"angle": 0, "axis": "y", "origin": [8, 1.5, 8]},
			"faces": {
				"east": {"uv": [4, 0, 7, 3], "texture": "#side"},
				"south": {"uv": [5.5, 0, 6.5, 3], "texture": "#front"},
				"west": {"uv": [8.5, 0, 11.5, 3], "texture": "#side"},
				"up": {"uv": [5.5, 7.5, 6.5, 4.5], "texture": "#top", "cullface": "up"},
				"down": {"uv": [5.5, 4.5, 6.5, 7.5], "texture": "#top"}
			}
		},
		{
			"name": "14",
			"from": [5, 13, 10],
			"to": [5.5, 16, 11.5],
			"rotation": {"angle": 0, "axis": "y", "origin": [8, 1.5, 8]},
			"faces": {
				"north": {"uv": [10.5, 0, 11, 3], "texture": "#front"},
				"west": {"uv": [10, 0, 11.5, 3], "texture": "#side"},
				"up": {"uv": [5, 6, 5.5, 4.5], "texture": "#top", "cullface": "up"},
				"down": {"uv": [5, 4.5, 5.5, 6], "texture": "#top"}
			}
		},
		{
			"name": "15",
			"from": [4.5, 13, 11.5],
			"to": [6, 16, 12.5],
			"rotation": {"angle": 0, "axis": "y", "origin": [8, 1.5, 8]},
			"faces": {
				"north": {"uv": [10, 0, 11.5, 3], "texture": "#front"},
				"east": {"uv": [3, 0, 4, 3], "texture": "#side"},
				"west": {"uv": [11.5, 0, 12.5, 3], "texture": "#side"},
				"up": {"uv": [4.5, 4.5, 6, 3.5], "texture": "#top", "cullface": "up"},
				"down": {"uv": [4.5, 3.5, 6, 4.5], "texture": "#top"}
			}
		},
		{
			"name": "16",
			"from": [4, 13, 12.5],
			"to": [6.5, 16, 13],
			"rotation": {"angle": 0, "axis": "y", "origin": [8, 1.5, 8]},
			"faces": {
				"north": {"uv": [10, 0, 11.5, 3], "texture": "#front"},
				"east": {"uv": [2.5, 0, 3, 3], "texture": "#side"},
				"west": {"uv": [12.5, 0, 13, 3], "texture": "#side"},
				"up": {"uv": [4, 3.5, 6.5, 3], "texture": "#top", "cullface": "up"},
				"down": {"uv": [4, 3, 6.5, 3.5], "texture": "#top"}
			}
		},
		{
			"name": "17",
			"from": [7, 13, 2.5],
			"to": [10.5, 16, 3],
			"rotation": {"angle": 0, "axis": "y", "origin": [8, 1.5, 8]},
			"faces": {
				"east": {"uv": [12.5, 0, 13, 3], "texture": "#side"},
				"south": {"uv": [7, 0, 10.5, 3], "texture": "#front"},
				"up": {"uv": [7, 13.5, 10.5, 13], "texture": "#top", "cullface": "up"},
				"down": {"uv": [7, 13, 10.5, 13.5], "texture": "#top"}
			}
		},
		{
			"name": "18",
			"from": [8.5, 13, 3],
			"to": [10, 16, 3.5],
			"rotation": {"angle": 0, "axis": "y", "origin": [8, 1.5, 8]},
			"faces": {
				"east": {"uv": [12, 0, 12.5, 3], "texture": "#side"},
				"south": {"uv": [8.5, 0, 10, 3], "texture": "#front"},
				"west": {"uv": [3, 0, 3.5, 3], "texture": "#side"},
				"up": {"uv": [8.5, 13, 10, 12.5], "texture": "#top", "cullface": "up"},
				"down": {"uv": [8.5, 12.5, 10, 13], "texture": "#top"}
			}
		},
		{
			"name": "19",
			"from": [9, 13, 3.5],
			"to": [10, 16, 5],
			"rotation": {"angle": 0, "axis": "y", "origin": [8, 1.5, 8]},
			"faces": {
				"east": {"uv": [10.5, 0, 12, 3], "texture": "#side"},
				"south": {"uv": [9, 0, 10, 3], "texture": "#front"},
				"west": {"uv": [3.5, 0, 5, 3], "texture": "#side"},
				"up": {"uv": [9, 12.5, 10, 11], "texture": "#top", "cullface": "up"},
				"down": {"uv": [9, 11, 10, 12.5], "texture": "#top"}
			}
		},
		{
			"name": "20",
			"from": [10, 13, 4],
			"to": [10.5, 16, 5],
			"rotation": {"angle": 0, "axis": "y", "origin": [8, 1.5, 8]},
			"faces": {
				"north": {"uv": [5.5, 0, 6, 3], "texture": "#front"},
				"east": {"uv": [10.5, 0, 11.5, 3], "texture": "#side"},
				"up": {"uv": [10, 12, 10.5, 11], "texture": "#top", "cullface": "up"},
				"down": {"uv": [10, 11, 10.5, 12], "texture": "#top"}
			}
		},
		{
			"name": "21",
			"from": [9.5, 13, 5],
			"to": [10, 16, 6],
			"rotation": {"angle": 0, "axis": "y", "origin": [8, 1.5, 8]},
			"faces": {
				"south": {"uv": [9, 0, 9.5, 3], "texture": "#front"},
				"west": {"uv": [5, 0, 6, 3], "texture": "#side"},
				"up": {"uv": [9.5, 11, 10, 10], "texture": "#top", "cullface": "up"},
				"down": {"uv": [9.5, 10, 10, 11], "texture": "#top"}
			}
		},
		{
			"name": "22",
			"from": [10, 13, 5],
			"to": [10.5, 16, 11],
			"rotation": {"angle": 0, "axis": "y", "origin": [8, 1.5, 8]},
			"faces": {
				"east": {"uv": [4.5, 0, 10.5, 3], "texture": "#side"},
				"south": {"uv": [10, 0, 10.5, 3], "texture": "#front"},
				"west": {"uv": [5, 0, 11, 3], "texture": "#side"},
				"up": {"uv": [10, 11, 10.5, 5], "texture": "#top", "cullface": "up"},
				"down": {"uv": [10, 5, 10.5, 11], "texture": "#top"}
			}
		},
		{
			"name": "23",
			"from": [10.5, 13, 5.5],
			"to": [11, 16, 9.5],
			"rotation": {"angle": 0, "axis": "y", "origin": [8, 1.5, 8]},
			"faces": {
				"north": {"uv": [5, 0, 5.5, 3], "texture": "#front"},
				"east": {"uv": [6, 0, 10, 3], "texture": "#side"},
				"south": {"uv": [10.5, 0, 11, 3], "texture": "#front"},
				"up": {"uv": [10.5, 10.5, 11, 6.5], "texture": "#top", "cullface": "up"},
				"down": {"uv": [10.5, 6.5, 11, 10.5], "texture": "#top"}
			}
		},
		{
			"name": "24",
			"from": [9.5, 13, 8.5],
			"to": [10, 16, 12],
			"rotation": {"angle": 0, "axis": "y", "origin": [8, 1.5, 8]},
			"faces": {
				"north": {"uv": [6, 0, 6.5, 3], "texture": "#front"},
				"east": {"uv": [3.5, 0, 7, 3], "texture": "#side"},
				"west": {"uv": [8.5, 0, 12, 3], "texture": "#side"},
				"up": {"uv": [9.5, 7.5, 10, 4], "texture": "#top", "cullface": "up"},
				"down": {"uv": [9.5, 10, 10, 11], "texture": "#top"}
			}
		},
		{
			"name": "25",
			"from": [9, 13, 10],
			"to": [9.5, 16, 12],
			"rotation": {"angle": 0, "axis": "y", "origin": [8, 1.5, 8]},
			"faces": {
				"north": {"uv": [6.5, 0, 7, 3], "texture": "#front"},
				"west": {"uv": [10, 0, 12, 3], "texture": "#side"},
				"up": {"uv": [9.5, 7.5, 10, 4], "texture": "#top", "cullface": "up"},
				"down": {"uv": [9.5, 4, 10, 7.5], "texture": "#top"}
			}
		},
		{
			"name": "26",
			"from": [8.5, 13, 12],
			"to": [10.5, 16, 12.5],
			"rotation": {"angle": 0, "axis": "y", "origin": [8, 1.5, 8]},
			"faces": {
				"north": {"uv": [5.5, 0, 7.5, 3], "texture": "#front"},
				"east": {"uv": [3, 0, 3.5, 3], "texture": "#side"},
				"west": {"uv": [12, 0, 12.5, 3], "texture": "#side"},
				"up": {"uv": [8.5, 4, 10.5, 3.5], "texture": "#top", "cullface": "up"},
				"down": {"uv": [8.5, 3.5, 10.5, 4], "texture": "#top"}
			}
		},
		{
			"name": "27",
			"from": [8.5, 13, 11.5],
			"to": [9, 16, 12],
			"rotation": {"angle": 0, "axis": "y", "origin": [8, 1.5, 8]},
			"faces": {
				"north": {"uv": [7, 0, 7.5, 3], "texture": "#front"},
				"west": {"uv": [11.5, 0, 12, 3], "texture": "#side"},
				"up": {"uv": [8.5, 4.5, 9, 4], "texture": "#top", "cullface": "up"},
				"down": {"uv": [8.5, 4, 9, 4.5], "texture": "#top"}
			}
		},
		{
			"name": "28",
			"from": [8, 13, 12.5],
			"to": [11.5, 16, 13],
			"rotation": {"angle": 0, "axis": "y", "origin": [8, 1.5, 8]},
			"faces": {
				"north": {"uv": [5.5, 0, 7.5, 3], "texture": "#front"},
				"east": {"uv": [2.5, 0, 3, 3], "texture": "#side"},
				"west": {"uv": [12.5, 0, 13, 3], "texture": "#side"},
				"up": {"uv": [8, 3.5, 11.5, 3], "texture": "#top", "cullface": "up"},
				"down": {"uv": [8, 3, 11.5, 3.5], "texture": "#top"}
			}
		},
		{
			"name": "29",
			"from": [11, 13, 2.5],
			"to": [12, 16, 3.5],
			"rotation": {"angle": 0, "axis": "y", "origin": [8, 1.5, 8]},
			"faces": {
				"east": {"uv": [12, 0, 13, 3], "texture": "#side"},
				"south": {"uv": [11, 0, 12, 3], "texture": "#front"},
				"west": {"uv": [2.5, 0, 3.5, 3], "texture": "#side"},
				"up": {"uv": [11, 13.5, 12, 12.5], "texture": "#top", "cullface": "up"},
				"down": {"uv": [11, 12.5, 12, 13.5], "texture": "#top"}
			}
		},
		{
			"name": "30",
			"from": [11.5, 13, 3.5],
			"to": [12, 16, 4],
			"rotation": {"angle": 0, "axis": "y", "origin": [8, 1.5, 8]},
			"faces": {
				"east": {"uv": [11.5, 0, 12, 3], "texture": "#side"},
				"south": {"uv": [11, 0, 12, 3], "texture": "#front"},
				"west": {"uv": [3.5, 0, 4, 3], "texture": "#side"},
				"up": {"uv": [11.5, 12.5, 12, 12], "texture": "#top", "cullface": "up"},
				"down": {"uv": [11.5, 12, 12, 12.5], "texture": "#top"}
			}
		},
		{
			"name": "31",
			"from": [12, 13, 2.5],
			"to": [13, 16, 3],
			"rotation": {"angle": 0, "axis": "y", "origin": [8, 1.5, 8]},
			"faces": {
				"south": {"uv": [12, 0, 13, 3], "texture": "#front"},
				"up": {"uv": [12, 13.5, 13, 13], "texture": "#top", "cullface": "up"},
				"down": {"uv": [12, 13, 13, 13.5], "texture": "#top"}
			}
		},
		{
			"name": "32",
			"from": [12.5, 13, 3],
			"to": [13, 16, 3.5],
			"rotation": {"angle": 0, "axis": "y", "origin": [8, 1.5, 8]},
			"faces": {
				"south": {"uv": [12.5, 0, 13, 3], "texture": "#front"},
				"west": {"uv": [3, 0, 3.5, 3], "texture": "#side"},
				"up": {"uv": [12.5, 13, 13, 12.5], "texture": "#top", "cullface": "up"},
				"down": {"uv": [12.5, 12.5, 13, 13], "texture": "#top"}
			}
		},
		{
			"name": "33",
			"from": [3.5, 13, 8],
			"to": [4, 16, 10],
			"rotation": {"angle": 0, "axis": "y", "origin": [8, 1.5, 8]},
			"faces": {
				"north": {"uv": [12, 0, 12.5, 3], "texture": "#front"},
				"east": {"uv": [5.5, 0, 7.5, 3], "texture": "#side"},
				"south": {"uv": [3.5, 0, 4, 3], "texture": "#front"},
				"up": {"uv": [3.5, 8, 4, 6], "texture": "#top", "cullface": "up"},
				"down": {"uv": [3.5, 6, 4, 8], "texture": "#top"}
			}
		},
		{
			"name": "34",
			"from": [12.5, 13, 5.5],
			"to": [13, 16, 11],
			"rotation": {"angle": 0, "axis": "y", "origin": [8, 1.5, 8]},
			"faces": {
				"north": {"uv": [3, 0, 3.5, 3], "texture": "#front"},
				"south": {"uv": [12.5, 0, 13, 3], "texture": "#front"},
				"west": {"uv": [5.5, 0, 11, 3], "texture": "#side"},
				"up": {"uv": [12.5, 10.5, 13, 5], "texture": "#top", "cullface": "up"},
				"down": {"uv": [12.5, 5, 13, 10.5], "texture": "#top"}
			}
		},
		{
			"name": "35",
			"from": [12.5, 13, 12.5],
			"to": [13, 16, 13],
			"rotation": {"angle": 0, "axis": "y", "origin": [8, 1.5, 8]},
			"faces": {
				"north": {"uv": [3, 0, 3.5, 3], "texture": "#front"},
				"west": {"uv": [12.5, 0, 13, 3], "texture": "#side"},
				"up": {"uv": [12.5, 13, 13, 12.5], "texture": "#top", "cullface": "up"},
				"down": {"uv": [12.5, 12.5, 13, 13], "texture": "#top"}
			}
		},
		{
			"name": "36",
			"from": [12, 13, 8],
			"to": [12.5, 16, 10],
			"rotation": {"angle": 0, "axis": "y", "origin": [8, 1.5, 8]},
			"faces": {
				"north": {"uv": [3.5, 0, 4, 3], "texture": "#front"},
				"south": {"uv": [12, 0, 12.5, 3], "texture": "#front"},
				"west": {"uv": [8, 0, 10, 3], "texture": "#side"},
				"up": {"uv": [12, 8, 12.5, 6], "texture": "#top", "cullface": "up"},
				"down": {"uv": [12, 6, 12.5, 8], "texture": "#top"}
			}
		}
	],
	"display": {
		"thirdperson_righthand": {
			"rotation": [75, 45, 0],
			"translation": [0, 2.5, 0],
			"scale": [0.375, 0.375, 0.375]
		},
		"firstperson_righthand": {
			"rotation": [0, 45, 0],
			"scale": [0.4, 0.4, 0.4]
		},
		"firstperson_lefthand": {
			"rotation": [0, 225, 0],
			"scale": [0.4, 0.4, 0.4]
		},
		"ground": {
			"translation": [0, 3, 0],
			"scale": [0.25, 0.25, 0.25]
		},
		"gui": {
			"rotation": [30, 225, 0],
			"scale": [0.625, 0.625, 0.625]
		},
		"fixed": {
			"scale": [0.5, 0.5, 0.5]
		}
	},
	"groups": [
		{
			"name": "group",
			"origin": [8, 8, 8],
			"color": 0,
			"children": [
				{
					"name": "north",
					"origin": [8, 8, 8],
					"color": 0,
					"children": [0]
				},
				{
					"name": "east",
					"origin": [8, 8, 8],
					"color": 0,
					"children": [1]
				},
				{
					"name": "west",
					"origin": [8, 8, 8],
					"color": 0,
					"children": [2]
				},
				{
					"name": "south",
					"origin": [8, 8, 8],
					"color": 0,
					"children": [3]
				},
				{
					"name": "inside",
					"origin": [8, 8, 8],
					"color": 0,
					"children": [4, 5, 6, 7, 8, 9, 10, 11, 12, 13, 14, 15, 16, 17, 18, 19, 20, 21, 22, 23, 24, 25, 26, 27, 28, 29, 30, 31, 32, 33, 34, 35, 36, 37, 38, 39]
				}
			]
		}
	]
}