{
	"credit": "Created by mullak99",
	"ambientocclusion": false,
	"textures": {
		"door": "block/spruce_door_bottom",
		"particle": "block/spruce_door_bottom",
		"bottom": "m99-ctm:block/doors/spruce/bottom",
		"side_bottom": "m99-ctm:block/doors/spruce/side_bottom",
		"side_bottom_hinge": "m99-ctm:block/doors/spruce/side_bottom_hinge"
	},
	"elements": [
		{
			"name": "top",
			"from": [0, 12, 0],
			"to": [3, 16, 16],
			"faces": {
				"north": {"uv": [0, 0, 3, 4], "texture": "#side_bottom", "cullface": "north"},
				"east": {"uv": [0, 11, 16, 15], "texture": "#door"},
				"south": {"uv": [0, 0, 3, 4], "texture": "#side_bottom_hinge", "cullface": "south"},
				"west": {"uv": [16, 11, 0, 15], "texture": "#door", "cullface": "west"}
			}
		},
		{
			"name": "bottom",
			"from": [0, 0, 0],
			"to": [3, 12, 16],
			"faces": {
				"north": {"uv": [0, 4, 3, 16], "texture": "#side_bottom", "cullface": "north"},
				"east": {"uv": [0, 4, 16, 16], "texture": "#door"},
				"south": {"uv": [3, 4, 0, 16], "texture": "#side_bottom_hinge", "cullface": "south"},
				"west": {"uv": [16, 4, 0, 16], "texture": "#door", "cullface": "west"},
				"down": {"uv": [0, 0, 16, 3], "rotation": 90, "texture": "#bottom", "cullface": "down"}
			}
		},
		{
			"name": "1",
			"from": [3, 4, 15],
			"to": [3.25, 6.5, 16],
			"faces": {
				"north": {"uv": [0.5, 9.5, 1, 12], "texture": "#door"},
				"east": {"uv": [0, 9.5, 1, 12], "texture": "#door"},
				"south": {"uv": [0, 9.5, 0.5, 12], "texture": "#door", "cullface": "south"},
				"up": {"uv": [0, 9.5, 1, 10], "rotation": 180, "texture": "#door"},
				"down": {"uv": [0, 11.5, 1, 12], "rotation": 90, "texture": "#door"}
			}
		},
		{
			"name": "2",
			"from": [3, 4.5, 1],
			"to": [3.25, 6, 15],
			"faces": {
				"north": {"uv": [14.5, 10, 15, 11.5], "texture": "#door"},
				"east": {"uv": [1, 10, 15, 11.5], "texture": "#door"},
				"up": {"uv": [1, 10, 15, 10.5], "rotation": 270, "texture": "#door"},
				"down": {"uv": [1, 11, 15, 11.5], "rotation": 90, "texture": "#door"}
			}
		},
		{
			"name": "3",
			"from": [3, 5, 0.5],
			"to": [3.25, 5.5, 1],
			"faces": {
				"north": {"uv": [15, 10.5, 15.5, 11], "texture": "#door"},
				"east": {"uv": [15, 10.5, 15.5, 11], "texture": "#door"},
				"up": {"uv": [15, 10.5, 15.5, 11], "rotation": 180, "texture": "#door"},
				"down": {"uv": [15, 10.5, 15.5, 11], "rotation": 180, "texture": "#door"}
			}
		},
		{
			"name": "4",
			"from": [3, 15, 15],
			"to": [3.25, 16, 16],
			"faces": {
				"north": {"uv": [0.5, 0.5, 1, 1], "texture": "#door"},
				"east": {"uv": [0, 0, 1, 1], "texture": "#door"},
				"south": {"uv": [0, 0, 0.5, 1], "texture": "#door", "cullface": "south"},
				"up": {"uv": [0, 0, 1, 0.5], "rotation": 180, "texture": "#door", "cullface": "up"},
				"down": {"uv": [0, 0.5, 1, 1], "rotation": 90, "texture": "#door"}
			}
		},
		{
			"name": "5",
			"from": [3, 15.5, 1],
			"to": [3.25, 16, 15],
			"faces": {
				"north": {"uv": [14.5, 11, 15, 11.5], "texture": "#door"},
				"east": {"uv": [1, 11, 15, 11.5], "texture": "#door"},
				"up": {"uv": [1, 10, 15, 10.5], "rotation": 270, "texture": "#door", "cullface": "up"},
				"down": {"uv": [1, 11, 15, 11.5], "rotation": 90, "texture": "#door"}
			}
		},
		{
			"name": "1",
			"from": [-0.25, 4, 15],
			"to": [0, 6.5, 16],
			"faces": {
				"north": {"uv": [0.5, 9.5, 1, 12], "texture": "#door", "cullface": "west"},
				"south": {"uv": [0, 9.5, 0.5, 12], "texture": "#door", "cullface": "west"},
				"west": {"uv": [1, 9.5, 0, 12], "texture": "#door", "cullface": "west"},
				"up": {"uv": [0, 9.5, 1, 10], "rotation": 180, "texture": "#door", "cullface": "west"},
				"down": {"uv": [0, 11.5, 1, 12], "rotation": 90, "texture": "#door", "cullface": "west"}
			}
		},
		{
			"name": "2",
			"from": [-0.25, 4.5, 1],
			"to": [0, 6, 15],
			"faces": {
				"north": {"uv": [14.5, 10, 15, 11.5], "texture": "#door", "cullface": "west"},
				"west": {"uv": [15, 10, 1, 11.5], "texture": "#door", "cullface": "west"},
				"up": {"uv": [1, 10, 15, 10.5], "rotation": 270, "texture": "#door", "cullface": "west"},
				"down": {"uv": [1, 11, 15, 11.5], "rotation": 90, "texture": "#door", "cullface": "west"}
			}
		},
		{
			"name": "3",
			"from": [-0.25, 5, 0.5],
			"to": [0, 5.5, 1],
			"faces": {
				"north": {"uv": [15, 10.5, 15.5, 11], "texture": "#door", "cullface": "west"},
				"west": {"uv": [15, 10.5, 15.5, 11], "texture": "#door", "cullface": "west"},
				"up": {"uv": [15, 10.5, 15.5, 11], "rotation": 180, "texture": "#door", "cullface": "west"},
				"down": {"uv": [15, 10.5, 15.5, 11], "rotation": 180, "texture": "#door", "cullface": "west"}
			}
		},
		{
			"name": "4",
			"from": [-0.25, 15, 15],
			"to": [0, 16, 16],
			"faces": {
				"north": {"uv": [0.5, 0.5, 1, 1], "texture": "#door", "cullface": "west"},
				"south": {"uv": [0, 0, 0.5, 1], "texture": "#door", "cullface": "west"},
				"west": {"uv": [1, 0, 0, 1], "texture": "#door", "cullface": "west"},
				"up": {"uv": [0, 0, 1, 0.5], "rotation": 180, "texture": "#door", "cullface": "west"},
				"down": {"uv": [0, 0.5, 1, 1], "rotation": 90, "texture": "#door", "cullface": "west"}
			}
		},
		{
			"name": "5",
			"from": [-0.25, 15.5, 1],
			"to": [0, 16, 15],
			"faces": {
				"north": {"uv": [14.5, 11, 15, 11.5], "texture": "#door", "cullface": "west"},
				"west": {"uv": [15, 11, 1, 11.5], "texture": "#door", "cullface": "west"},
				"up": {"uv": [1, 10, 15, 10.5], "rotation": 270, "texture": "#door", "cullface": "west"},
				"down": {"uv": [1, 11, 15, 11.5], "rotation": 90, "texture": "#door", "cullface": "west"}
			}
		},
		{
			"from": [3.25, 15, 2.5],
			"to": [3.5, 16, 4.5],
			"faces": {
				"north": {"uv": [13, 0, 13.5, 0.5], "texture": "#door"},
				"east": {"uv": [11.5, 0, 13.5, 1], "texture": "#door"},
				"south": {"uv": [11.5, 0, 12, 0.5], "texture": "#door"},
				"west": {"uv": [13.5, 0, 11.5, 1], "texture": "#door"},
				"up": {"uv": [11.5, 0, 13.5, 0.5], "rotation": 270, "texture": "#door", "cullface": "up"},
				"down": {"uv": [12, 0.5, 13, 1], "rotation": 90, "texture": "#door"}
			}
		},
		{
			"from": [3.25, 12, 2.5],
			"to": [3.5, 13, 4.5],
			"faces": {
				"north": {"uv": [13, 3.5, 13.5, 4], "texture": "#door"},
				"east": {"uv": [11.5, 3, 13.5, 4], "texture": "#door"},
				"south": {"uv": [11.5, 3.5, 12, 4], "texture": "#door"},
				"west": {"uv": [13.5, 3, 11.5, 4], "texture": "#door"},
				"up": {"uv": [12, 3, 13, 3.5], "rotation": 90, "texture": "#door"},
				"down": {"uv": [11.5, 3.5, 13.5, 4], "rotation": 90, "texture": "#door"}
			}
		},
		{
			"from": [3.25, 13, 4.5],
			"to": [3.5, 15, 5.5],
			"faces": {
				"north": {"uv": [11, 1.5, 11.5, 2.5], "texture": "#door"},
				"east": {"uv": [10.5, 1, 11.5, 3], "texture": "#door"},
				"south": {"uv": [10.5, 1, 11, 3], "texture": "#door"},
				"west": {"uv": [11.5, 1, 10.5, 3], "texture": "#door"},
				"up": {"uv": [10.5, 1, 11, 1.5], "rotation": 180, "texture": "#door"},
				"down": {"uv": [10.5, 2.5, 11, 3], "rotation": 180, "texture": "#door"}
			}
		},
		{
			"from": [3.25, 13, 1.5],
			"to": [3.5, 15, 2.5],
			"faces": {
				"north": {"uv": [14, 1, 14.5, 3], "texture": "#door"},
				"east": {"uv": [13.5, 1, 14.5, 3], "texture": "#door"},
				"south": {"uv": [13.5, 1.5, 14, 2.5], "texture": "#door"},
				"west": {"uv": [14.5, 1, 13.5, 3], "texture": "#door"},
				"up": {"uv": [14, 1, 14.5, 1.5], "rotation": 180, "texture": "#door"},
				"down": {"uv": [14, 2.5, 14.5, 3], "rotation": 180, "texture": "#door"}
			}
		},
		{
			"from": [3.25, 14.5, 2],
			"to": [3.5, 15.5, 3],
			"faces": {
				"north": {"uv": [13.5, 0.5, 14, 1], "texture": "#door"},
				"east": {"uv": [13, 0.5, 14, 1.5], "texture": "#door"},
				"south": {"uv": [13, 1, 13.5, 1.5], "texture": "#door"},
				"west": {"uv": [14, 0.5, 13, 1.5], "texture": "#door"},
				"up": {"uv": [13.5, 0.5, 14, 1], "rotation": 180, "texture": "#door"},
				"down": {"uv": [13, 1, 13.5, 1.5], "rotation": 180, "texture": "#door"}
			}
		},
		{
			"from": [3.25, 14.5, 4],
			"to": [3.5, 15.5, 5],
			"faces": {
				"north": {"uv": [11.5, 1, 12, 1.5], "texture": "#door"},
				"east": {"uv": [11, 0.5, 12, 1.5], "texture": "#door"},
				"south": {"uv": [11, 0.5, 11.5, 1], "texture": "#door"},
				"west": {"uv": [12, 0.5, 11, 1.5], "texture": "#door"},
				"up": {"uv": [11, 0.5, 11.5, 1], "rotation": 180, "texture": "#door"},
				"down": {"uv": [11.5, 1, 12, 1.5], "rotation": 180, "texture": "#door"}
			}
		},
		{
			"from": [3.25, 12.5, 4],
			"to": [3.5, 13.5, 5],
			"faces": {
				"north": {"uv": [11.5, 2.5, 12, 3], "texture": "#door"},
				"east": {"uv": [11, 2.5, 12, 3.5], "texture": "#door"},
				"south": {"uv": [11, 3, 11.5, 3.5], "texture": "#door"},
				"west": {"uv": [12, 2.5, 11, 3.5], "texture": "#door"},
				"up": {"uv": [11.5, 2.5, 12, 3], "rotation": 180, "texture": "#door"},
				"down": {"uv": [11, 3, 11.5, 3.5], "rotation": 180, "texture": "#door"}
			}
		},
		{
			"from": [3.25, 12.5, 2],
			"to": [3.5, 13.5, 3],
			"faces": {
				"north": {"uv": [13.5, 3, 14, 3.5], "texture": "#door"},
				"east": {"uv": [13, 2.5, 14, 3.5], "texture": "#door"},
				"south": {"uv": [13, 2.5, 13.5, 3], "texture": "#door"},
				"west": {"uv": [14, 2.5, 13, 3.5], "texture": "#door"},
				"up": {"uv": [13, 2.5, 13.5, 3], "rotation": 180, "texture": "#door"},
				"down": {"uv": [13.5, 3, 14, 3.5], "rotation": 180, "texture": "#door"}
			}
		},
		{
			"from": [-0.5, 15, 2.5],
			"to": [-0.25, 16, 4.5],
			"faces": {
				"north": {"uv": [13, 0, 13.5, 0.5], "texture": "#door", "cullface": "west"},
				"east": {"uv": [11.5, 0, 13.5, 1], "texture": "#door", "cullface": "west"},
				"south": {"uv": [11.5, 0, 12, 0.5], "texture": "#door", "cullface": "west"},
				"west": {"uv": [13.5, 0, 11.5, 1], "texture": "#door", "cullface": "west"},
				"up": {"uv": [11.5, 0, 13.5, 0.5], "rotation": 270, "texture": "#door", "cullface": "west"},
				"down": {"uv": [12, 0.5, 13, 1], "rotation": 90, "texture": "#door", "cullface": "west"}
			}
		},
		{
			"from": [-0.5, 12, 2.5],
			"to": [-0.25, 13, 4.5],
			"faces": {
				"north": {"uv": [13, 3.5, 13.5, 4], "texture": "#door", "cullface": "west"},
				"east": {"uv": [11.5, 3, 13.5, 4], "texture": "#door", "cullface": "west"},
				"south": {"uv": [11.5, 3.5, 12, 4], "texture": "#door", "cullface": "west"},
				"west": {"uv": [13.5, 3, 11.5, 4], "texture": "#door", "cullface": "west"},
				"up": {"uv": [12, 3, 13, 3.5], "rotation": 90, "texture": "#door", "cullface": "west"},
				"down": {"uv": [11.5, 3.5, 13.5, 4], "rotation": 90, "texture": "#door", "cullface": "west"}
			}
		},
		{
			"from": [-0.5, 13, 4.5],
			"to": [-0.25, 15, 5.5],
			"faces": {
				"north": {"uv": [11, 1.5, 11.5, 2.5], "texture": "#door", "cullface": "west"},
				"east": {"uv": [10.5, 1, 11.5, 3], "texture": "#door", "cullface": "west"},
				"south": {"uv": [10.5, 1, 11, 3], "texture": "#door", "cullface": "west"},
				"west": {"uv": [11.5, 1, 10.5, 3], "texture": "#door", "cullface": "west"},
				"up": {"uv": [10.5, 1, 11, 1.5], "rotation": 180, "texture": "#door", "cullface": "west"},
				"down": {"uv": [10.5, 2.5, 11, 3], "rotation": 180, "texture": "#door", "cullface": "west"}
			}
		},
		{
			"from": [-0.5, 13, 1.5],
			"to": [-0.25, 15, 2.5],
			"faces": {
				"north": {"uv": [14, 1, 14.5, 3], "texture": "#door", "cullface": "west"},
				"east": {"uv": [13.5, 1, 14.5, 3], "texture": "#door", "cullface": "west"},
				"south": {"uv": [13.5, 1.5, 14, 2.5], "texture": "#door", "cullface": "west"},
				"west": {"uv": [14.5, 1, 13.5, 3], "texture": "#door", "cullface": "west"},
				"up": {"uv": [14, 1, 14.5, 1.5], "rotation": 180, "texture": "#door", "cullface": "west"},
				"down": {"uv": [14, 2.5, 14.5, 3], "rotation": 180, "texture": "#door", "cullface": "west"}
			}
		},
		{
			"from": [-0.5, 14.5, 2],
			"to": [-0.25, 15.5, 3],
			"faces": {
				"north": {"uv": [13.5, 0.5, 14, 1], "texture": "#door", "cullface": "west"},
				"east": {"uv": [13, 0.5, 14, 1.5], "texture": "#door", "cullface": "west"},
				"south": {"uv": [13, 1, 13.5, 1.5], "texture": "#door", "cullface": "west"},
				"west": {"uv": [14, 0.5, 13, 1.5], "texture": "#door", "cullface": "west"},
				"up": {"uv": [13.5, 0.5, 14, 1], "rotation": 180, "texture": "#door", "cullface": "west"},
				"down": {"uv": [13, 1, 13.5, 1.5], "rotation": 180, "texture": "#door", "cullface": "west"}
			}
		},
		{
			"from": [-0.5, 14.5, 4],
			"to": [-0.25, 15.5, 5],
			"faces": {
				"north": {"uv": [11.5, 1, 12, 1.5], "texture": "#door", "cullface": "west"},
				"east": {"uv": [11, 0.5, 12, 1.5], "texture": "#door", "cullface": "west"},
				"south": {"uv": [11, 0.5, 11.5, 1], "texture": "#door", "cullface": "west"},
				"west": {"uv": [12, 0.5, 11, 1.5], "texture": "#door", "cullface": "west"},
				"up": {"uv": [11, 0.5, 11.5, 1], "rotation": 180, "texture": "#door", "cullface": "west"},
				"down": {"uv": [11.5, 1, 12, 1.5], "rotation": 180, "texture": "#door", "cullface": "west"}
			}
		},
		{
			"from": [-0.5, 12.5, 4],
			"to": [-0.25, 13.5, 5],
			"faces": {
				"north": {"uv": [11.5, 2.5, 12, 3], "texture": "#door", "cullface": "west"},
				"east": {"uv": [11, 2.5, 12, 3.5], "texture": "#door", "cullface": "west"},
				"south": {"uv": [11, 3, 11.5, 3.5], "texture": "#door", "cullface": "west"},
				"west": {"uv": [12, 2.5, 11, 3.5], "texture": "#door", "cullface": "west"},
				"up": {"uv": [11.5, 2.5, 12, 3], "rotation": 180, "texture": "#door", "cullface": "west"},
				"down": {"uv": [11, 3, 11.5, 3.5], "rotation": 180, "texture": "#door", "cullface": "west"}
			}
		},
		{
			"from": [-0.5, 12.5, 2],
			"to": [-0.25, 13.5, 3],
			"faces": {
				"north": {"uv": [13.5, 3, 14, 3.5], "texture": "#door", "cullface": "west"},
				"east": {"uv": [13, 2.5, 14, 3.5], "texture": "#door", "cullface": "west"},
				"south": {"uv": [13, 2.5, 13.5, 3], "texture": "#door", "cullface": "west"},
				"west": {"uv": [14, 2.5, 13, 3.5], "texture": "#door", "cullface": "west"},
				"up": {"uv": [13, 2.5, 13.5, 3], "rotation": 180, "texture": "#door", "cullface": "west"},
				"down": {"uv": [13.5, 3, 14, 3.5], "rotation": 180, "texture": "#door", "cullface": "west"}
			}
		}
	],
	"groups": [
		{
			"name": "group",
			"children": [0, 1,
				{
					"name": "hinge1",
					"children": [2, 3, 4, 5, 6]
				},
				{
					"name": "hinge2",
					"children": [7, 8, 9, 10, 11]
				},
				{
					"name": "handle1",
					"children": [12, 13, 14, 15, 16, 17, 18, 19]
				},
				{
					"name": "handle2",
					"children": [20, 21, 22, 23, 24, 25, 26, 27]
				}
			]
		}
	]
}