{
	"credit": "Created by mullak99",
	"ambientocclusion": false,
	"textures": {
		"particle": "block/crimson_door_bottom",
		"door": "block/crimson_door_bottom",
		"side_bottom_hinge": "m99-ctm:block/doors/crimson/side_bottom_hinge",
		"side_bottom": "m99-ctm:block/doors/crimson/side_bottom",
		"bottom": "m99-ctm:block/doors/crimson/bottom"
	},
	"elements": [
		{
			"name": "west",
			"from": [-0.5, 5.5, 0],
			"to": [0, 11.5, 16],
			"faces": {
				"north": {"uv": [0, 4.5, 0.5, 10.5], "texture": "#door", "cullface": "west"},
				"south": {"uv": [15.5, 4.5, 16, 10.5], "texture": "#door", "cullface": "west"},
				"west": {"uv": [0, 4.5, 16, 10.5], "texture": "#door", "cullface": "west"},
				"up": {"uv": [0, 4.5, 16, 5], "rotation": 90, "texture": "#door", "cullface": "west"},
				"down": {"uv": [16, 10.5, 0, 11], "rotation": 90, "texture": "#door", "cullface": "west"}
			}
		},
		{
			"name": "main",
			"from": [0, 0, 0],
			"to": [3, 16, 16],
			"faces": {
				"north": {"uv": [3, 0, 0, 16], "texture": "#side_bottom_hinge", "cullface": "north"},
				"east": {"uv": [16, 0, 0, 16], "texture": "#door"},
				"south": {"uv": [0, 0, 3, 16], "texture": "#side_bottom", "cullface": "south"},
				"west": {"uv": [0, 0, 16, 16], "texture": "#door", "cullface": "west"},
				"down": {"uv": [0, 0, 16, 3], "rotation": 270, "texture": "#bottom", "cullface": "down"}
			}
		},
		{
			"name": "east",
			"from": [3, 5.5, 0],
			"to": [3.5, 11.5, 16],
			"faces": {
				"north": {"uv": [0, 4.5, 0.5, 10.5], "texture": "#door", "cullface": "north"},
				"east": {"uv": [16, 4.5, 0, 10.5], "texture": "#door"},
				"south": {"uv": [15.5, 4.5, 16, 10.5], "texture": "#door", "cullface": "south"},
				"up": {"uv": [16, 4.5, 0, 5], "rotation": 270, "texture": "#door"},
				"down": {"uv": [0, 10.5, 16, 11], "rotation": 270, "texture": "#door"}
			}
		},
		{
			"name": "1",
			"from": [-0.5, 15, 11.5],
			"to": [3.5, 15.5, 14],
			"rotation": {"angle": 0, "axis": "y", "origin": [8, 23, 19.5]},
			"faces": {
				"north": {"uv": [11.5, 0.5, 12, 1], "texture": "#door"},
				"east": {"uv": [14, 0.5, 11.5, 1], "texture": "#door"},
				"south": {"uv": [13.5, 0.5, 14, 1], "texture": "#door"},
				"west": {"uv": [11.5, 0.5, 14, 1], "texture": "#door", "cullface": "west"},
				"down": {"uv": [11.5, 0.5, 14, 1], "rotation": 90, "texture": "#door"}
			}
		},
		{
			"name": "2",
			"from": [-0.5, 15.5, 11],
			"to": [3.5, 16, 14.5],
			"rotation": {"angle": 0, "axis": "y", "origin": [8, 23, 19.5]},
			"faces": {
				"north": {"uv": [11, 0, 11.5, 0.5], "texture": "#door"},
				"east": {"uv": [14.5, 0, 11, 0.5], "texture": "#door"},
				"south": {"uv": [14, 0, 14.5, 0.5], "texture": "#door"},
				"west": {"uv": [11, 0, 14.5, 0.5], "texture": "#door", "cullface": "west"},
				"down": {"uv": [11, 0, 14.5, 0.5], "rotation": 90, "texture": "#door"}
			}
		}
	],
	"groups": [
		{
			"name": "group",
			"origin": [8, 8, 8],
			"color": 0,
			"children": [0, 1, 2,
				{
					"name": "handle",
					"origin": [8, 8, 8],
					"color": 0,
					"children": [3, 4]
				}
			]
		}
	]
}