{
	"credit": "Created by mullak99",
	"ambientocclusion": false,
	"textures": {
		"door": "block/birch_door_top",
		"particle": "block/birch_door_top",
		"side_top": "m99-ctm:block/doors/birch/side_top",
		"side_top_hinge": "m99-ctm:block/doors/birch/side_top_hinge",
		"top": "m99-ctm:block/doors/birch/top"
	},
	"elements": [
		{
			"name": "1",
			"from": [0, 0, 0],
			"to": [3, 7, 3],
			"faces": {
				"north": {"uv": [3, 9, 0, 16], "texture": "#side_top_hinge", "cullface": "north"},
				"east": {"uv": [3, 9, 0, 16], "texture": "#door"},
				"south": {"uv": [0, 9, 3, 16], "texture": "#side_top"},
				"west": {"uv": [0, 9, 3, 16], "texture": "#door", "cullface": "west"}
			}
		},
		{
			"name": "2",
			"from": [0, 7, 0],
			"to": [3, 13, 3],
			"faces": {
				"north": {"uv": [3, 3, 0, 9], "texture": "#side_top_hinge", "cullface": "north"},
				"east": {"uv": [3, 3, 0, 9], "texture": "#door"},
				"south": {"uv": [0, 3, 3, 9], "texture": "#side_top"},
				"west": {"uv": [0, 3, 3, 9], "texture": "#door", "cullface": "west"}
			}
		},
		{
			"name": "1",
			"from": [0, 0, 13],
			"to": [3, 7, 16],
			"faces": {
				"north": {"uv": [3, 9, 0, 16], "texture": "#side_top"},
				"east": {"uv": [16, 9, 13, 16], "texture": "#door"},
				"south": {"uv": [0, 9, 3, 16], "texture": "#side_top", "cullface": "south"},
				"west": {"uv": [13, 9, 16, 16], "texture": "#door", "cullface": "west"}
			}
		},
		{
			"name": "2",
			"from": [0, 7, 13],
			"to": [3, 13, 16],
			"faces": {
				"north": {"uv": [3, 3, 0, 9], "texture": "#side_top"},
				"east": {"uv": [16, 3, 13, 9], "texture": "#door"},
				"south": {"uv": [0, 3, 3, 9], "texture": "#side_top", "cullface": "south"},
				"west": {"uv": [13, 3, 16, 9], "texture": "#door", "cullface": "west"}
			}
		},
		{
			"name": "top",
			"from": [0, 13, 0],
			"to": [3, 16, 16],
			"faces": {
				"north": {"uv": [3, 0, 0, 3], "texture": "#side_top_hinge", "cullface": "north"},
				"east": {"uv": [16, 0, 0, 3], "texture": "#door"},
				"south": {"uv": [0, 0, 3, 3], "texture": "#side_top", "cullface": "south"},
				"west": {"uv": [0, 0, 16, 3], "texture": "#door", "cullface": "west"},
				"up": {"uv": [0, 0, 16, 3], "rotation": 90, "texture": "#top", "cullface": "up"},
				"down": {"uv": [0, 0, 16, 3], "rotation": 270, "texture": "#top"}
			}
		},
		{
			"name": "internal",
			"from": [1, 0, 3],
			"to": [2, 13, 13],
			"faces": {
				"east": {"uv": [13, 3, 3, 16], "texture": "#door"},
				"west": {"uv": [3, 3, 13, 16], "texture": "#door"}
			}
		},
		{
			"name": "1",
			"from": [-0.5, 0, 14],
			"to": [3.5, 2, 15],
			"faces": {
				"north": {"uv": [14, 14, 14.5, 16], "texture": "#door"},
				"east": {"uv": [15, 14, 14, 16], "texture": "#door"},
				"south": {"uv": [14.5, 14, 15, 16], "texture": "#door"},
				"west": {"uv": [14, 14, 15, 16], "texture": "#door", "cullface": "west"},
				"up": {"uv": [14, 14, 15, 14.5], "texture": "#door"},
				"down": {"uv": [14, 15.5, 15, 16], "texture": "#door", "cullface": "down"}
			}
		}
	],
	"groups": [
		{
			"name": "group",
			"children": [
				{
					"name": "left",
					"children": [0, 1]
				},
				{
					"name": "right",
					"children": [2, 3]
				}, 4, 5,
				{
					"name": "handle",
					"children": [6]
				}
			]
		}
	]
}