{
	"credit": "Created by mullak99",
	"ambientocclusion": false,
	"textures": {
		"particle": "block/bamboo_door_top",
		"door": "block/bamboo_door_top",
		"side_top_hinge": "m99-ctm:block/doors/bamboo/side_top_hinge",
		"side_top": "m99-ctm:block/doors/bamboo/side_top",
		"top": "m99-ctm:block/doors/bamboo/top"
	},
	"elements": [
		{
			"name": "north",
			"from": [0, 0, 12.5],
			"to": [3, 16, 16],
			"faces": {
				"north": {"uv": [0, 0, 3, 16], "texture": "#side_top"},
				"east": {"uv": [0, 0, 3.5, 16], "texture": "#door"},
				"south": {"uv": [0, 0, 3, 16], "texture": "#side_top_hinge", "cullface": "south"},
				"west": {"uv": [3.5, 0, 0, 16], "texture": "#door", "cullface": "west"},
				"up": {"uv": [12.5, 0, 16, 3], "rotation": 90, "texture": "#top", "cullface": "up"}
			}
		},
		{
			"name": "south",
			"from": [0, 0, 0],
			"to": [3, 16, 3.5],
			"faces": {
				"north": {"uv": [0, 0, 3, 16], "texture": "#side_top", "cullface": "north"},
				"east": {"uv": [12.5, 0, 16, 16], "texture": "#door"},
				"south": {"uv": [0, 0, 3, 16], "texture": "#side_top"},
				"west": {"uv": [16, 0, 12.5, 16], "texture": "#door", "cullface": "west"},
				"up": {"uv": [0, 0, 3.5, 3], "rotation": 90, "texture": "#top", "cullface": "up"}
			}
		},
		{
			"name": "top",
			"from": [0, 12.5, 3.5],
			"to": [3, 16, 12.5],
			"faces": {
				"east": {"uv": [3.5, 0, 12.5, 3.5], "texture": "#door"},
				"west": {"uv": [12.5, 0, 3.5, 3.5], "texture": "#door", "cullface": "west"},
				"up": {"uv": [3.5, 0, 12.5, 3], "rotation": 90, "texture": "#top", "cullface": "up"},
				"down": {"uv": [3.5, 0, 12.5, 3], "rotation": 90, "texture": "#top"}
			}
		},
		{
			"name": "bottom",
			"from": [0, 0, 3.5],
			"to": [3, 1, 12.5],
			"faces": {
				"east": {"uv": [3.5, 15, 12.5, 16], "texture": "#door"},
				"west": {"uv": [12.5, 15, 3.5, 16], "texture": "#door", "cullface": "west"},
				"up": {"uv": [3.5, 0, 12.5, 3], "rotation": 90, "texture": "#top"}
			}
		},
		{
			"name": "1",
			"from": [0.5, 1, 10],
			"to": [2.5, 12.5, 10.5],
			"faces": {
				"north": {"uv": [2.5, 0.5, 14, 2.5], "rotation": 270, "texture": "#top"},
				"east": {"uv": [5.5, 3.5, 6, 15], "texture": "#door"},
				"south": {"uv": [2.5, 0.5, 14, 2.5], "rotation": 270, "texture": "#top"},
				"west": {"uv": [6, 3.5, 5.5, 15], "texture": "#door"}
			}
		},
		{
			"name": "2",
			"from": [0.5, 1, 5.5],
			"to": [2.5, 12.5, 6],
			"faces": {
				"north": {"uv": [2.5, 0.5, 14, 2.5], "rotation": 270, "texture": "#top"},
				"east": {"uv": [10, 3.5, 10.5, 15], "texture": "#door"},
				"south": {"uv": [2.5, 0.5, 14, 2.5], "rotation": 270, "texture": "#top"},
				"west": {"uv": [10.5, 3.5, 10, 15], "texture": "#door"}
			}
		},
		{
			"name": "1",
			"from": [0.5, 10.5, 3.5],
			"to": [2.5, 11, 12.5],
			"faces": {
				"east": {"uv": [3.5, 5, 12.5, 5.5], "texture": "#door"},
				"west": {"uv": [12.5, 5, 3.5, 5.5], "texture": "#door"},
				"up": {"uv": [3.5, 0.5, 12.5, 2.5], "rotation": 90, "texture": "#top"},
				"down": {"uv": [3.5, 0.5, 12.5, 2.5], "rotation": 90, "texture": "#top"}
			}
		},
		{
			"name": "2",
			"from": [0.5, 8.5, 10.5],
			"to": [2.5, 9, 12.5],
			"faces": {
				"east": {"uv": [3.5, 7, 5.5, 7.5], "texture": "#door"},
				"west": {"uv": [5.5, 7, 3.5, 7.5], "texture": "#door"},
				"up": {"uv": [10.5, 0.5, 12.5, 2.5], "rotation": 90, "texture": "#top"},
				"down": {"uv": [3.5, 0.5, 5.5, 2.5], "rotation": 90, "texture": "#top"}
			}
		},
		{
			"name": "3",
			"from": [0.5, 6.5, 10.5],
			"to": [2.5, 7, 12.5],
			"faces": {
				"east": {"uv": [3.5, 9, 5.5, 9.5], "texture": "#door"},
				"west": {"uv": [5.5, 9, 3.5, 9.5], "texture": "#door"},
				"up": {"uv": [10.5, 0.5, 12.5, 2.5], "rotation": 90, "texture": "#top"},
				"down": {"uv": [3.5, 0.5, 5.5, 2.5], "rotation": 90, "texture": "#top"}
			}
		},
		{
			"name": "4",
			"from": [0.5, 4.5, 10.5],
			"to": [2.5, 5, 12.5],
			"faces": {
				"east": {"uv": [3.5, 11, 5.5, 11.5], "texture": "#door"},
				"west": {"uv": [5.5, 11, 3.5, 11.5], "texture": "#door"},
				"up": {"uv": [10.5, 0.5, 12.5, 2.5], "rotation": 90, "texture": "#top"},
				"down": {"uv": [3.5, 0.5, 5.5, 2.5], "rotation": 90, "texture": "#top"}
			}
		},
		{
			"name": "5",
			"from": [0.5, 8.5, 3.5],
			"to": [2.5, 9, 5.5],
			"faces": {
				"east": {"uv": [10.5, 7, 12.5, 7.5], "texture": "#door"},
				"west": {"uv": [12.5, 7, 10.5, 7.5], "texture": "#door"},
				"up": {"uv": [3.5, 0.5, 5.5, 2.5], "rotation": 90, "texture": "#top"},
				"down": {"uv": [10.5, 0.5, 12.5, 2.5], "rotation": 90, "texture": "#top"}
			}
		},
		{
			"name": "6",
			"from": [0.5, 6.5, 3.5],
			"to": [2.5, 7, 5.5],
			"faces": {
				"east": {"uv": [10.5, 9, 12.5, 9.5], "texture": "#door"},
				"west": {"uv": [12.5, 9, 10.5, 9.5], "texture": "#door"},
				"up": {"uv": [3.5, 0.5, 5.5, 2.5], "rotation": 90, "texture": "#top"},
				"down": {"uv": [10.5, 0.5, 12.5, 2.5], "rotation": 90, "texture": "#top"}
			}
		},
		{
			"name": "7",
			"from": [0.5, 4.5, 3.5],
			"to": [2.5, 5, 5.5],
			"faces": {
				"east": {"uv": [10.5, 11, 12.5, 11.5], "texture": "#door"},
				"west": {"uv": [12.5, 11, 10.5, 11.5], "texture": "#door"},
				"up": {"uv": [3.5, 0.5, 5.5, 2.5], "rotation": 90, "texture": "#top"},
				"down": {"uv": [10.5, 0.5, 12.5, 2.5], "rotation": 90, "texture": "#top"}
			}
		},
		{
			"name": "8",
			"from": [0.5, 2.5, 3.5],
			"to": [2.5, 3, 12.5],
			"faces": {
				"east": {"uv": [3.5, 13, 12.5, 13.5], "texture": "#door"},
				"west": {"uv": [12.5, 13, 3.5, 13.5], "texture": "#door"},
				"up": {"uv": [3.5, 0.5, 12.5, 2.5], "rotation": 90, "texture": "#top"},
				"down": {"uv": [3.5, 0.5, 12.5, 2.5], "rotation": 90, "texture": "#top"}
			}
		}
	],
	"groups": [
		{
			"name": "group",
			"origin": [8, 8, 8],
			"color": 0,
			"children": [
				0,
				1,
				2,
				3,
				{
					"name": "inside",
					"origin": [8, 8, 8],
					"color": 0,
					"children": [
						{
							"name": "vert",
							"origin": [0, 0, 0],
							"color": 0,
							"children": [4, 5]
						},
						{
							"name": "hor",
							"origin": [0, 0, 0],
							"color": 0,
							"children": [6, 7, 8, 9, 10, 11, 12, 13]
						}
					]
				}
			]
		}
	]
}