{
	"credit": "Created by mullak99",
	"ambientocclusion": false,
	"textures": {
		"particle": "block/bamboo_door_bottom",
		"door": "block/bamboo_door_bottom",
		"side_bottom_hinge": "m99-ctm:block/doors/bamboo/side_bottom_hinge",
		"side_bottom": "m99-ctm:block/doors/bamboo/side_bottom",
		"bottom": "m99-ctm:block/doors/bamboo/bottom",
		"door_nohandle": "m99-ctm:block/doors/bamboo/front_bottom_nohandle"
	},
	"elements": [
		{
			"name": "north",
			"from": [0, 0, 0],
			"to": [3, 16, 3.5],
			"faces": {
				"north": {"uv": [3, 0, 0, 16], "texture": "#side_bottom_hinge", "cullface": "north"},
				"east": {"uv": [3.5, 0, 0, 16], "texture": "#door_nohandle"},
				"south": {"uv": [0, 0, 3, 16], "texture": "#side_bottom"},
				"west": {"uv": [0, 0, 3.5, 16], "texture": "#door_nohandle", "cullface": "west"},
				"down": {"uv": [0, 0, 3.5, 3], "rotation": 270, "texture": "#bottom", "cullface": "down"}
			}
		},
		{
			"name": "south",
			"from": [0, 0, 12.5],
			"to": [3, 16, 16],
			"faces": {
				"north": {"uv": [3, 0, 0, 16], "texture": "#side_bottom"},
				"east": {"uv": [16, 0, 12.5, 16], "texture": "#door_nohandle"},
				"south": {"uv": [0, 0, 3, 16], "texture": "#side_bottom", "cullface": "south"},
				"west": {"uv": [12.5, 0, 16, 16], "texture": "#door_nohandle", "cullface": "west"},
				"down": {"uv": [0, 0, 3.5, 3], "rotation": 270, "texture": "#bottom", "cullface": "down"}
			}
		},
		{
			"name": "top",
			"from": [0, 13.5, 3.5],
			"to": [3, 16, 12.5],
			"faces": {
				"east": {"uv": [12.5, 0, 3.5, 2.5], "texture": "#door_nohandle"},
				"west": {"uv": [3.5, 0, 12.5, 2.5], "texture": "#door_nohandle", "cullface": "west"},
				"down": {"uv": [3.5, 0, 12.5, 3], "rotation": 270, "texture": "#bottom"}
			}
		},
		{
			"name": "bottom",
			"from": [0, 0, 3.5],
			"to": [3, 4, 12.5],
			"faces": {
				"east": {"uv": [12.5, 12, 3.5, 16], "texture": "#door_nohandle"},
				"west": {"uv": [3.5, 12, 12.5, 16], "texture": "#door_nohandle", "cullface": "west"},
				"up": {"uv": [3.5, 0, 12.5, 3], "rotation": 270, "texture": "#bottom"},
				"down": {"uv": [3.5, 0, 12.5, 3], "rotation": 270, "texture": "#bottom", "cullface": "down"}
			}
		},
		{
			"name": "inside",
			"from": [0.5, 4, 3.5],
			"to": [2.5, 13.5, 12.5],
			"faces": {
				"east": {"uv": [12.5, 2.5, 3.5, 12], "texture": "#door_nohandle"},
				"west": {"uv": [3.5, 2.5, 12.5, 12], "texture": "#door_nohandle"}
			}
		},
		{
			"name": "1",
			"from": [-0.25, 15.5, 11.5],
			"to": [3.25, 16, 13.5],
			"faces": {
				"north": {"uv": [11.5, 0, 12, 0.5], "texture": "#door"},
				"south": {"uv": [13, 0, 13.5, 0.5], "texture": "#door"},
				"up": {"uv": [11.5, 0, 13.5, 0.5], "texture": "#door"},
				"down": {"uv": [11.5, 0, 13.5, 0.5], "texture": "#door"}
			}
		},
		{
			"name": "1",
			"from": [-0.5, 15, 11.5],
			"to": [-0.25, 16, 13.5],
			"faces": {
				"north": {"uv": [11.5, 0, 12, 0.5], "texture": "#door", "cullface": "west"},
				"east": {"uv": [13.5, 0, 11.5, 1], "texture": "#door", "cullface": "west"},
				"south": {"uv": [13, 0, 13.5, 0.5], "texture": "#door", "cullface": "west"},
				"west": {"uv": [11.5, 0, 13.5, 1], "texture": "#door", "cullface": "west"},
				"up": {"uv": [11.5, 0, 13.5, 0.5], "rotation": 90, "texture": "#door", "cullface": "west"},
				"down": {"uv": [12, 0.5, 13, 1], "rotation": 270, "texture": "#door", "cullface": "west"}
			}
		},
		{
			"name": "2",
			"from": [-0.5, 12, 11.5],
			"to": [-0.25, 13, 13.5],
			"faces": {
				"north": {"uv": [11.5, 3.5, 12, 4], "texture": "#door", "cullface": "west"},
				"east": {"uv": [13.5, 3, 11.5, 4], "texture": "#door", "cullface": "west"},
				"south": {"uv": [13, 3.5, 13.5, 4], "texture": "#door", "cullface": "west"},
				"west": {"uv": [11.5, 3, 13.5, 4], "texture": "#door", "cullface": "west"},
				"up": {"uv": [12, 3, 13, 3.5], "rotation": 270, "texture": "#door", "cullface": "west"},
				"down": {"uv": [11.5, 3.5, 13.5, 4], "rotation": 270, "texture": "#door", "cullface": "west"}
			}
		},
		{
			"name": "3",
			"from": [-0.5, 13, 10.5],
			"to": [-0.25, 15, 11.5],
			"faces": {
				"north": {"uv": [10.5, 1, 11, 3], "texture": "#door", "cullface": "west"},
				"east": {"uv": [11.5, 1, 10.5, 3], "texture": "#door", "cullface": "west"},
				"south": {"uv": [11, 1.5, 11.5, 2.5], "texture": "#door", "cullface": "west"},
				"west": {"uv": [10.5, 1, 11.5, 3], "texture": "#door", "cullface": "west"},
				"up": {"uv": [10.5, 1, 11, 1.5], "texture": "#door", "cullface": "west"},
				"down": {"uv": [10.5, 2.5, 11, 3], "texture": "#door", "cullface": "west"}
			}
		},
		{
			"name": "4",
			"from": [-0.5, 13, 13.5],
			"to": [-0.25, 15, 14.5],
			"faces": {
				"north": {"uv": [13.5, 1.5, 14, 2.5], "texture": "#door", "cullface": "west"},
				"east": {"uv": [14.5, 1, 13.5, 3], "texture": "#door", "cullface": "west"},
				"south": {"uv": [14, 1, 14.5, 3], "texture": "#door", "cullface": "west"},
				"west": {"uv": [13.5, 1, 14.5, 3], "texture": "#door", "cullface": "west"},
				"up": {"uv": [14, 1, 14.5, 1.5], "texture": "#door", "cullface": "west"},
				"down": {"uv": [14, 2.5, 14.5, 3], "texture": "#door", "cullface": "west"}
			}
		},
		{
			"name": "5",
			"from": [-0.5, 14.5, 13],
			"to": [-0.25, 15.5, 14],
			"faces": {
				"north": {"uv": [13, 1, 13.5, 1.5], "texture": "#door", "cullface": "west"},
				"east": {"uv": [14, 0.5, 13, 1.5], "texture": "#door", "cullface": "west"},
				"south": {"uv": [13.5, 0.5, 14, 1], "texture": "#door", "cullface": "west"},
				"west": {"uv": [13, 0.5, 14, 1.5], "texture": "#door", "cullface": "west"},
				"up": {"uv": [13.5, 0.5, 14, 1], "texture": "#door", "cullface": "west"},
				"down": {"uv": [13, 1, 13.5, 1.5], "texture": "#door", "cullface": "west"}
			}
		},
		{
			"name": "6",
			"from": [-0.5, 14.5, 11],
			"to": [-0.25, 15.5, 12],
			"faces": {
				"north": {"uv": [11, 0.5, 11.5, 1], "texture": "#door", "cullface": "west"},
				"east": {"uv": [12, 0.5, 11, 1.5], "texture": "#door", "cullface": "west"},
				"south": {"uv": [11.5, 1, 12, 1.5], "texture": "#door", "cullface": "west"},
				"west": {"uv": [11, 0.5, 12, 1.5], "texture": "#door", "cullface": "west"},
				"up": {"uv": [11, 0.5, 11.5, 1], "texture": "#door", "cullface": "west"},
				"down": {"uv": [11.5, 1, 12, 1.5], "texture": "#door", "cullface": "west"}
			}
		},
		{
			"name": "7",
			"from": [-0.5, 12.5, 11],
			"to": [-0.25, 13.5, 12],
			"faces": {
				"north": {"uv": [11, 3, 11.5, 3.5], "texture": "#door", "cullface": "west"},
				"east": {"uv": [12, 2.5, 11, 3.5], "texture": "#door", "cullface": "west"},
				"south": {"uv": [11.5, 2.5, 12, 3], "texture": "#door", "cullface": "west"},
				"west": {"uv": [11, 2.5, 12, 3.5], "texture": "#door", "cullface": "west"},
				"up": {"uv": [11.5, 2.5, 12, 3], "texture": "#door", "cullface": "west"},
				"down": {"uv": [11, 3, 11.5, 3.5], "texture": "#door", "cullface": "west"}
			}
		},
		{
			"name": "8",
			"from": [-0.5, 12.5, 13],
			"to": [-0.25, 13.5, 14],
			"faces": {
				"north": {"uv": [13, 2.5, 13.5, 3], "texture": "#door", "cullface": "west"},
				"east": {"uv": [14, 2.5, 13, 3.5], "texture": "#door", "cullface": "west"},
				"south": {"uv": [13.5, 3, 14, 3.5], "texture": "#door", "cullface": "west"},
				"west": {"uv": [13, 2.5, 14, 3.5], "texture": "#door", "cullface": "west"},
				"up": {"uv": [13, 2.5, 13.5, 3], "texture": "#door", "cullface": "west"},
				"down": {"uv": [13.5, 3, 14, 3.5], "texture": "#door", "cullface": "west"}
			}
		},
		{
			"name": "1",
			"from": [3.25, 15, 11.5],
			"to": [3.5, 16, 13.5],
			"faces": {
				"north": {"uv": [11.5, 0, 12, 0.5], "texture": "#door"},
				"east": {"uv": [13.5, 0, 11.5, 1], "texture": "#door"},
				"south": {"uv": [13, 0, 13.5, 0.5], "texture": "#door"},
				"west": {"uv": [11.5, 0, 13.5, 1], "texture": "#door"},
				"up": {"uv": [11.5, 0, 13.5, 0.5], "rotation": 90, "texture": "#door", "cullface": "up"},
				"down": {"uv": [12, 0.5, 13, 1], "rotation": 270, "texture": "#door"}
			}
		},
		{
			"name": "2",
			"from": [3.25, 12, 11.5],
			"to": [3.5, 13, 13.5],
			"faces": {
				"north": {"uv": [11.5, 3.5, 12, 4], "texture": "#door"},
				"east": {"uv": [13.5, 3, 11.5, 4], "texture": "#door"},
				"south": {"uv": [13, 3.5, 13.5, 4], "texture": "#door"},
				"west": {"uv": [11.5, 3, 13.5, 4], "texture": "#door"},
				"up": {"uv": [12, 3, 13, 3.5], "rotation": 270, "texture": "#door"},
				"down": {"uv": [11.5, 3.5, 13.5, 4], "rotation": 270, "texture": "#door"}
			}
		},
		{
			"name": "3",
			"from": [3.25, 13, 10.5],
			"to": [3.5, 15, 11.5],
			"faces": {
				"north": {"uv": [10.5, 1, 11, 3], "texture": "#door"},
				"east": {"uv": [11.5, 1, 10.5, 3], "texture": "#door"},
				"south": {"uv": [11, 1.5, 11.5, 2.5], "texture": "#door"},
				"west": {"uv": [10.5, 1, 11.5, 3], "texture": "#door"},
				"up": {"uv": [10.5, 1, 11, 1.5], "texture": "#door"},
				"down": {"uv": [10.5, 2.5, 11, 3], "texture": "#door"}
			}
		},
		{
			"name": "4",
			"from": [3.25, 13, 13.5],
			"to": [3.5, 15, 14.5],
			"faces": {
				"north": {"uv": [13.5, 1.5, 14, 2.5], "texture": "#door"},
				"east": {"uv": [14.5, 1, 13.5, 3], "texture": "#door"},
				"south": {"uv": [14, 1, 14.5, 3], "texture": "#door"},
				"west": {"uv": [13.5, 1, 14.5, 3], "texture": "#door"},
				"up": {"uv": [14, 1, 14.5, 1.5], "texture": "#door"},
				"down": {"uv": [14, 2.5, 14.5, 3], "texture": "#door"}
			}
		},
		{
			"name": "4",
			"from": [3.25, 14.5, 13],
			"to": [3.5, 15.5, 14],
			"faces": {
				"north": {"uv": [13, 1, 13.5, 1.5], "texture": "#door"},
				"east": {"uv": [14, 0.5, 13, 1.5], "texture": "#door"},
				"south": {"uv": [13.5, 0.5, 14, 1], "texture": "#door"},
				"west": {"uv": [13, 0.5, 14, 1.5], "texture": "#door"},
				"up": {"uv": [13.5, 0.5, 14, 1], "texture": "#door"},
				"down": {"uv": [13, 1, 13.5, 1.5], "texture": "#door"}
			}
		},
		{
			"name": "5",
			"from": [3.25, 14.5, 11],
			"to": [3.5, 15.5, 12],
			"faces": {
				"north": {"uv": [11, 0.5, 11.5, 1], "texture": "#door"},
				"east": {"uv": [12, 0.5, 11, 1.5], "texture": "#door"},
				"south": {"uv": [11.5, 1, 12, 1.5], "texture": "#door"},
				"west": {"uv": [11, 0.5, 12, 1.5], "texture": "#door"},
				"up": {"uv": [11, 0.5, 11.5, 1], "texture": "#door"},
				"down": {"uv": [11.5, 1, 12, 1.5], "texture": "#door"}
			}
		},
		{
			"name": "6",
			"from": [3.25, 12.5, 11],
			"to": [3.5, 13.5, 12],
			"faces": {
				"north": {"uv": [11, 3, 11.5, 3.5], "texture": "#door"},
				"east": {"uv": [12, 2.5, 11, 3.5], "texture": "#door"},
				"south": {"uv": [11.5, 2.5, 12, 3], "texture": "#door"},
				"west": {"uv": [11, 2.5, 12, 3.5], "texture": "#door"},
				"up": {"uv": [11.5, 2.5, 12, 3], "texture": "#door"},
				"down": {"uv": [11, 3, 11.5, 3.5], "texture": "#door"}
			}
		},
		{
			"name": "7",
			"from": [3.25, 12.5, 13],
			"to": [3.5, 13.5, 14],
			"faces": {
				"north": {"uv": [13, 2.5, 13.5, 3], "texture": "#door"},
				"east": {"uv": [14, 2.5, 13, 3.5], "texture": "#door"},
				"south": {"uv": [13.5, 3, 14, 3.5], "texture": "#door"},
				"west": {"uv": [13, 2.5, 14, 3.5], "texture": "#door"},
				"up": {"uv": [13, 2.5, 13.5, 3], "texture": "#door"},
				"down": {"uv": [13.5, 3, 14, 3.5], "texture": "#door"}
			}
		}
	],
	"groups": [
		{
			"name": "group",
			"origin": [8, 8, 8],
			"color": 0,
			"children": [
				0,
				1,
				2,
				3,
				4,
				{
					"name": "handle",
					"origin": [8, 8, 8],
					"color": 0,
					"children": [
						5,
						{
							"name": "handle1",
							"origin": [8, 8, 8],
							"color": 0,
							"children": [6, 7, 8, 9, 10, 11, 12, 13]
						},
						{
							"name": "handle2",
							"origin": [8, 8, 8],
							"color": 0,
							"children": [14, 15, 16, 17, 18, 19, 20, 21]
						}
					]
				}
			]
		}
	]
}