{
	"credit": "Created by mullak99",
	"ambientocclusion": false,
	"textures": {
		"door": "block/dark_oak_door_bottom",
		"particle": "block/dark_oak_door_bottom",
		"bottom": "m99-ctm:block/doors/dark_oak/bottom",
		"side_bottom": "m99-ctm:block/doors/dark_oak/side_bottom",
		"side_bottom_hinge": "m99-ctm:block/doors/dark_oak/side_bottom_hinge"
	},
	"elements": [
		{
			"name": "left",
			"from": [0, 0, 0],
			"to": [3, 16, 2.5],
			"faces": {
				"north": {"uv": [3, 0, 0, 16], "texture": "#side_bottom_hinge", "cullface": "north"},
				"east": {"uv": [2.5, 0, 0, 16], "texture": "#door"},
				"south": {"uv": [0, 0, 3, 16], "texture": "#side_bottom"},
				"west": {"uv": [0, 0, 2.5, 16], "texture": "#door", "cullface": "west"},
				"down": {"uv": [0, 0, 2.5, 3], "rotation": 270, "texture": "#bottom", "cullface": "down"}
			}
		},
		{
			"name": "middle",
			"from": [0, 2.5, 6.5],
			"to": [3, 14.5, 9.5],
			"faces": {
				"north": {"uv": [3, 1.5, 0, 13.5], "texture": "#side_bottom"},
				"east": {"uv": [9.5, 1.5, 6.5, 13.5], "texture": "#door"},
				"south": {"uv": [0, 1.5, 3, 13.5], "texture": "#side_bottom"},
				"west": {"uv": [6.5, 1.5, 9.5, 13.5], "texture": "#door", "cullface": "west"}
			}
		},
		{
			"name": "right",
			"from": [0, 0, 13.5],
			"to": [3, 16, 16],
			"faces": {
				"north": {"uv": [3, 0, 0, 16], "texture": "#side_bottom"},
				"east": {"uv": [16, 0, 13.5, 16], "texture": "#door"},
				"south": {"uv": [0, 0, 3, 16], "texture": "#side_bottom", "cullface": "south"},
				"west": {"uv": [13.5, 0, 16, 16], "texture": "#door", "cullface": "west"},
				"down": {"uv": [13.5, 0, 16, 3], "rotation": 270, "texture": "#bottom", "cullface": "down"}
			}
		},
		{
			"name": "internal",
			"from": [1, 2.5, 2.5],
			"to": [2, 14.5, 13.5],
			"faces": {
				"east": {"uv": [13.5, 1.5, 2.5, 13.5], "texture": "#door"},
				"west": {"uv": [2.5, 1.5, 13.5, 13.5], "texture": "#door"}
			}
		},
		{
			"name": "1",
			"from": [-0.5, 15, 11],
			"to": [3.5, 16, 12],
			"faces": {
				"north": {"uv": [11, 0, 11.5, 1], "texture": "#door"},
				"east": {"uv": [12, 0, 11, 1], "texture": "#door"},
				"south": {"uv": [11.5, 0.5, 12, 1], "texture": "#door"},
				"west": {"uv": [11, 0, 12, 1], "texture": "#door", "cullface": "west"},
				"up": {"uv": [11, 0, 12, 0.5], "rotation": 90, "texture": "#door", "cullface": "up"},
				"down": {"uv": [11, 0.5, 12, 1], "rotation": 270, "texture": "#door"}
			}
		},
		{
			"name": "2",
			"from": [-0.5, 15.5, 12],
			"to": [3.5, 16, 12.5],
			"faces": {
				"east": {"uv": [12.5, 0, 12, 0.5], "texture": "#door"},
				"south": {"uv": [12, 0, 12.5, 0.5], "texture": "#door"},
				"west": {"uv": [12, 0, 12.5, 0.5], "texture": "#door", "cullface": "west"},
				"up": {"uv": [12, 0, 12.5, 0.5], "texture": "#door", "cullface": "up"},
				"down": {"uv": [12, 0, 12.5, 0.5], "texture": "#door"}
			}
		},
		{
			"name": "1",
			"from": [0, 0, 2.5],
			"to": [3, 2.5, 13.5],
			"faces": {
				"east": {"uv": [13.5, 13.5, 2.5, 16], "texture": "#door"},
				"west": {"uv": [2.5, 13.5, 13.5, 16], "texture": "#door", "cullface": "west"},
				"up": {"uv": [2.5, 10.5, 13.5, 13.5], "rotation": 90, "texture": "#door"},
				"down": {"uv": [2.5, 0, 13.5, 3], "rotation": 270, "texture": "#bottom", "cullface": "down"}
			}
		},
		{
			"name": "2",
			"from": [0, 14.5, 2.5],
			"to": [3, 16, 13.5],
			"faces": {
				"east": {"uv": [13.5, 0, 2.5, 1.5], "texture": "#door"},
				"west": {"uv": [2.5, 0, 13.5, 1.5], "texture": "#door", "cullface": "west"},
				"down": {"uv": [2.5, 1.5, 13.5, 4.5], "texture": "#door"}
			}
		}
	],
	"groups": [
		{
			"name": "group",
			"children": [0, 1, 2, 3,
				{
					"name": "handle",
					"children": [4, 5]
				},
				{
					"name": "vert",
					"children": [6, 7]
				}
			]
		}
	]
}