{
	"credit": "Created by mullak99",
	"textures": {
		"particle": "block/pointed_dripstone_down_tip",
		"pointed_dripstone": "block/pointed_dripstone_down_tip",
		"dripstone_block": "block/dripstone_block"
	},
	"elements": [
		{
			"name": "top",
			"from": [6, 11, 6],
			"to": [10, 16, 10],
			"faces": {
				"north": {"uv": [6, 0, 10, 5], "texture": "#pointed_dripstone"},
				"east": {"uv": [6, 0, 10, 5], "texture": "#pointed_dripstone"},
				"south": {"uv": [6, 0, 10, 5], "texture": "#pointed_dripstone"},
				"west": {"uv": [6, 0, 10, 5], "texture": "#pointed_dripstone"},
				"down": {"uv": [6, 6, 10, 10], "texture": "#dripstone_block"}
			}
		},
		{
			"name": "bottom",
			"from": [7, 5, 7],
			"to": [9, 11, 9],
			"faces": {
				"north": {"uv": [6.5, 3.5, 8.5, 9.5], "texture": "#pointed_dripstone"},
				"east": {"uv": [6.5, 3.5, 8.5, 9.5], "texture": "#pointed_dripstone"},
				"south": {"uv": [6.5, 3.5, 8.5, 9.5], "texture": "#pointed_dripstone"},
				"west": {"uv": [6.5, 3.5, 8.5, 9.5], "texture": "#pointed_dripstone"},
				"down": {"uv": [7, 7, 9, 9], "texture": "#dripstone_block"}
			}
		}
	],
	"groups": [
		{
			"name": "pointed_dripstone",
			"origin": [8, 8, 8],
			"color": 0,
			"children": [0, 1]
		}
	]
}