{
	"credit": "Created by mullak99",
	"ambientocclusion": false,
	"textures": {
		"particle": "block/dark_oak_trapdoor",
		"top": "block/dark_oak_trapdoor",
		"front": "m99-ctm:block/trapdoors/dark_oak/front",
		"side": "m99-ctm:block/trapdoors/dark_oak/side"
	},
	"elements": [
		{
			"name": "north",
			"from": [0, 13, 0],
			"to": [16, 16, 1.5],
			"faces": {
				"north": {"uv": [0, 0, 16, 3], "texture": "#front", "cullface": "north"},
				"east": {"uv": [14, 0, 16, 3], "texture": "#side", "cullface": "east"},
				"south": {"uv": [0, 0, 16, 3], "texture": "#front"},
				"west": {"uv": [0, 0, 2, 3], "texture": "#side", "cullface": "west"},
				"up": {"uv": [0, 16, 16, 14.5], "texture": "#top", "cullface": "up"},
				"down": {"uv": [0, 14.5, 16, 16], "texture": "#top"}
			}
		},
		{
			"name": "south",
			"from": [0, 13, 14.5],
			"to": [16, 16, 16],
			"faces": {
				"north": {"uv": [0, 0, 16, 3], "texture": "#front"},
				"east": {"uv": [0, 0, 2, 3], "texture": "#side", "cullface": "east"},
				"south": {"uv": [0, 0, 16, 3], "texture": "#front", "cullface": "south"},
				"west": {"uv": [14, 0, 16, 3], "texture": "#side", "cullface": "west"},
				"up": {"uv": [0, 1.5, 16, 0], "texture": "#top", "cullface": "up"},
				"down": {"uv": [0, 0, 16, 1.5], "texture": "#top"}
			}
		},
		{
			"name": "west",
			"from": [0, 13, 1.5],
			"to": [1.5, 16, 14.5],
			"faces": {
				"east": {"uv": [1.5, 0, 14.5, 3], "texture": "#side"},
				"west": {"uv": [2, 0, 14, 3], "texture": "#side", "cullface": "west"},
				"up": {"uv": [0, 14.5, 1.5, 1.5], "texture": "#top", "cullface": "up"},
				"down": {"uv": [0, 1.5, 1.5, 14.5], "texture": "#top"}
			}
		},
		{
			"name": "east",
			"from": [14.5, 13, 1.5],
			"to": [16, 16, 14.5],
			"faces": {
				"east": {"uv": [2, 0, 14, 3], "texture": "#side", "cullface": "east"},
				"west": {"uv": [1.5, 0, 14.5, 3], "texture": "#side"},
				"up": {"uv": [14.5, 14.5, 16, 1.5], "texture": "#top", "cullface": "up"},
				"down": {"uv": [14.5, 1.5, 16, 14.5], "texture": "#top"}
			}
		},
		{
			"name": "vert",
			"from": [6.5, 13, 1.5],
			"to": [9.5, 16, 14.5],
			"faces": {
				"east": {"uv": [1.5, 0, 14.5, 3], "texture": "#side"},
				"west": {"uv": [1.5, 0, 14.5, 3], "texture": "#side"},
				"up": {"uv": [6.5, 14, 9.5, 2], "texture": "#top", "cullface": "up"},
				"down": {"uv": [6.5, 1.5, 9.5, 14.5], "texture": "#top"}
			}
		},
		{
			"name": "hor",
			"from": [1.5, 13, 6.5],
			"to": [14.5, 16, 9.5],
			"faces": {
				"north": {"uv": [1.5, 0, 14.5, 3], "texture": "#front"},
				"south": {"uv": [1.5, 0, 14.5, 3], "texture": "#front"},
				"up": {"uv": [1.5, 9.5, 14.5, 6.5], "texture": "#top", "cullface": "up"},
				"down": {"uv": [1.5, 6.5, 14.5, 9.5], "texture": "#top"}
			}
		},
		{
			"name": "internal",
			"from": [1.5, 14, 1.5],
			"to": [14.5, 15, 14.5],
			"faces": {
				"up": {"uv": [1.5, 14.5, 14.5, 1.5], "texture": "#top"},
				"down": {"uv": [1.5, 1.5, 14.5, 14.5], "texture": "#top"}
			}
		}
	],
	"display": {
		"thirdperson_righthand": {
			"rotation": [75, 45, 0],
			"translation": [0, 2.5, 0],
			"scale": [0.375, 0.375, 0.375]
		},
		"firstperson_righthand": {
			"rotation": [0, 45, 0],
			"scale": [0.4, 0.4, 0.4]
		},
		"firstperson_lefthand": {
			"rotation": [0, 225, 0],
			"scale": [0.4, 0.4, 0.4]
		},
		"ground": {
			"translation": [0, 3, 0],
			"scale": [0.25, 0.25, 0.25]
		},
		"gui": {
			"rotation": [30, 225, 0],
			"scale": [0.625, 0.625, 0.625]
		},
		"fixed": {
			"scale": [0.5, 0.5, 0.5]
		}
	},
	"groups": [
		{
			"name": "group",
			"origin": [8, 8, 8],
			"color": 0,
			"children": [0, 1, 2, 3, 4, 5, 6]
		}
	]
}