{
	"credit": "Created by mullak99",
	"ambientocclusion": false,
	"textures": {
		"particle": "block/cherry_door_top",
		"door": "block/cherry_door_top",
		"side_top": "m99-ctm:block/doors/cherry/side_top",
		"side_top_hinge": "m99-ctm:block/doors/cherry/side_top_hinge",
		"top": "m99-ctm:block/doors/cherry/top"
	},
	"elements": [
		{
			"name": "north",
			"from": [0, 0, 12],
			"to": [3, 16, 16],
			"faces": {
				"north": {"uv": [0, 0, 3, 16], "texture": "#side_top"},
				"east": {"uv": [0, 0, 4, 16], "texture": "#door"},
				"south": {"uv": [0, 0, 3, 16], "texture": "#side_top_hinge", "cullface": "south"},
				"west": {"uv": [4, 0, 0, 16], "texture": "#door", "cullface": "west"},
				"up": {"uv": [0, 0, 4, 3], "rotation": 270, "texture": "#top", "cullface": "up"}
			}
		},
		{
			"name": "south",
			"from": [0, 0, 0],
			"to": [3, 16, 4],
			"faces": {
				"north": {"uv": [0, 0, 3, 16], "texture": "#side_top", "cullface": "north"},
				"east": {"uv": [12, 0, 16, 16], "texture": "#door"},
				"south": {"uv": [0, 0, 3, 16], "texture": "#side_top"},
				"west": {"uv": [16, 0, 12, 16], "texture": "#door", "cullface": "west"},
				"up": {"uv": [12, 0, 16, 3], "rotation": 270, "texture": "#top", "cullface": "up"}
			}
		},
		{
			"name": "top",
			"from": [0, 12, 4],
			"to": [3, 16, 12],
			"faces": {
				"east": {"uv": [4, 0, 12, 4], "texture": "#door"},
				"west": {"uv": [12, 0, 4, 4], "texture": "#door", "cullface": "west"},
				"up": {"uv": [4, 0, 12, 3], "rotation": 270, "texture": "#top", "cullface": "up"},
				"down": {"uv": [0, 6, 3, 14], "rotation": 180, "texture": "#side_top"}
			}
		},
		{
			"name": "1",
			"from": [0.5, 11.5, 11],
			"to": [2.5, 12, 12],
			"faces": {
				"north": {"uv": [0.5, 4, 2.5, 4.5], "texture": "#side_top"},
				"east": {"uv": [4, 4, 5, 4.5], "texture": "#door"},
				"west": {"uv": [5, 4, 4, 4.5], "texture": "#door"},
				"down": {"uv": [0.5, 13, 2.5, 14], "rotation": 180, "texture": "#side_top"}
			}
		},
		{
			"name": "2",
			"from": [0.5, 11, 11.5],
			"to": [2.5, 11.5, 12],
			"faces": {
				"north": {"uv": [0.5, 4.5, 2.5, 5], "texture": "#side_top"},
				"east": {"uv": [4, 4.5, 4.5, 5], "texture": "#door"},
				"west": {"uv": [4.5, 4.5, 4, 5], "texture": "#door"},
				"down": {"uv": [0.5, 13.5, 2.5, 14], "rotation": 180, "texture": "#side_top"}
			}
		},
		{
			"name": "3",
			"from": [0.5, 11.5, 6],
			"to": [2.5, 12, 10],
			"faces": {
				"north": {"uv": [0.5, 4, 2.5, 4.5], "texture": "#side_top"},
				"east": {"uv": [6, 4, 10, 4.5], "texture": "#door"},
				"south": {"uv": [0.5, 4, 2.5, 4.5], "texture": "#side_top"},
				"west": {"uv": [10, 4, 6, 4.5], "texture": "#door"},
				"down": {"uv": [0.5, 8, 2.5, 12], "rotation": 180, "texture": "#side_top"}
			}
		},
		{
			"name": "4",
			"from": [0.5, 11, 6.5],
			"to": [2.5, 11.5, 9.5],
			"faces": {
				"north": {"uv": [0.5, 4.5, 2.5, 5], "texture": "#side_top"},
				"east": {"uv": [6.5, 4.5, 9.5, 5], "texture": "#door"},
				"south": {"uv": [0.5, 4.5, 2.5, 5], "texture": "#side_top"},
				"west": {"uv": [9.5, 4.5, 6.5, 5], "texture": "#door"},
				"down": {"uv": [0.5, 8.5, 2.5, 11.5], "rotation": 180, "texture": "#side_top"}
			}
		},
		{
			"name": "5",
			"from": [0.5, 11.5, 4],
			"to": [2.5, 12, 5],
			"faces": {
				"east": {"uv": [11, 4, 12, 4.5], "texture": "#door"},
				"south": {"uv": [0.5, 4, 2.5, 4.5], "texture": "#side_top"},
				"west": {"uv": [12, 4, 11, 4.5], "texture": "#door"},
				"down": {"uv": [0.5, 6, 2.5, 7], "rotation": 180, "texture": "#side_top"}
			}
		},
		{
			"name": "6",
			"from": [0.5, 11, 4],
			"to": [2.5, 11.5, 4.5],
			"faces": {
				"east": {"uv": [11.5, 4.5, 12, 5], "texture": "#door"},
				"south": {"uv": [0.5, 4.5, 2.5, 5], "texture": "#side_top"},
				"west": {"uv": [12, 4.5, 11.5, 5], "texture": "#door"},
				"down": {"uv": [0.5, 6, 2.5, 6.5], "rotation": 180, "texture": "#side_top"}
			}
		},
		{
			"name": "7",
			"from": [0.5, 10, 7],
			"to": [2.5, 11, 9],
			"faces": {
				"north": {"uv": [0.5, 5, 2.5, 6], "texture": "#side_top"},
				"east": {"uv": [7, 5, 9, 6], "texture": "#door"},
				"south": {"uv": [0.5, 5, 2.5, 6], "texture": "#side_top"},
				"west": {"uv": [9, 5, 7, 6], "texture": "#door"},
				"down": {"uv": [0.5, 9, 2.5, 11], "rotation": 180, "texture": "#side_top"}
			}
		},
		{
			"name": "8",
			"from": [0.5, 9.5, 11.5],
			"to": [2.5, 10, 12],
			"faces": {
				"north": {"uv": [0.5, 6, 2.5, 6.5], "texture": "#side_top"},
				"east": {"uv": [4, 6, 4.5, 6.5], "texture": "#door"},
				"west": {"uv": [4.5, 6, 4, 6.5], "texture": "#door"},
				"up": {"uv": [0.5, 13, 2.5, 13.5], "rotation": 180, "texture": "#side_top"}
			}
		},
		{
			"name": "9",
			"from": [0.5, 9, 11],
			"to": [2.5, 9.5, 12],
			"faces": {
				"north": {"uv": [0.5, 6.5, 2.5, 7], "texture": "#side_top"},
				"east": {"uv": [4, 6.5, 5, 7], "texture": "#door"},
				"west": {"uv": [5, 6.5, 4, 7], "texture": "#door"},
				"up": {"uv": [0.5, 13, 2.5, 14], "rotation": 180, "texture": "#side_top"},
				"down": {"uv": [0.5, 13, 2.5, 14], "rotation": 180, "texture": "#side_top"}
			}
		},
		{
			"name": "10",
			"from": [0.5, 9.5, 6.5],
			"to": [2.5, 10, 9.5],
			"faces": {
				"north": {"uv": [0.5, 6, 2.5, 6.5], "texture": "#side_top"},
				"east": {"uv": [6.5, 6, 9.5, 6.5], "texture": "#door"},
				"south": {"uv": [0.5, 6, 2.5, 6.5], "texture": "#side_top"},
				"west": {"uv": [9.5, 6, 6.5, 6.5], "texture": "#door"},
				"up": {"uv": [0.5, 8.5, 2.5, 11.5], "rotation": 180, "texture": "#side_top"},
				"down": {"uv": [0.5, 8.5, 2.5, 11.5], "rotation": 180, "texture": "#side_top"}
			}
		},
		{
			"name": "11",
			"from": [0.5, 9, 6],
			"to": [2.5, 9.5, 10],
			"faces": {
				"north": {"uv": [0.5, 6.5, 2.5, 7], "texture": "#side_top"},
				"east": {"uv": [6, 6.5, 10, 7], "texture": "#door"},
				"south": {"uv": [0.5, 6.5, 2.5, 7], "texture": "#side_top"},
				"west": {"uv": [10, 6.5, 6, 7], "texture": "#door"},
				"up": {"uv": [0.5, 8, 2.5, 12], "rotation": 180, "texture": "#side_top"},
				"down": {"uv": [0.5, 8, 2.5, 12], "rotation": 180, "texture": "#side_top"}
			}
		},
		{
			"name": "12",
			"from": [0.5, 9.5, 4],
			"to": [2.5, 10, 4.5],
			"faces": {
				"east": {"uv": [11.5, 6, 12, 6.5], "texture": "#door"},
				"south": {"uv": [0.5, 6, 2.5, 6.5], "texture": "#side_top"},
				"west": {"uv": [12, 6, 11.5, 6.5], "texture": "#door"},
				"up": {"uv": [0.5, 6.5, 2.5, 7], "rotation": 180, "texture": "#side_top"}
			}
		},
		{
			"name": "13",
			"from": [0.5, 9, 4],
			"to": [2.5, 9.5, 5],
			"faces": {
				"east": {"uv": [11, 6.5, 12, 7], "texture": "#door"},
				"south": {"uv": [0.5, 6.5, 2.5, 7], "texture": "#side_top"},
				"west": {"uv": [12, 6.5, 11, 7], "texture": "#door"},
				"up": {"uv": [0.5, 6, 2.5, 7], "rotation": 180, "texture": "#side_top"},
				"down": {"uv": [0.5, 6, 2.5, 7], "rotation": 180, "texture": "#side_top"}
			}
		},
		{
			"name": "1",
			"from": [0.5, 7, 9],
			"to": [2.5, 9, 12],
			"faces": {
				"north": {"uv": [0.5, 7, 2.5, 9], "texture": "#side_top"},
				"east": {"uv": [4, 7, 7, 9], "texture": "#door"},
				"west": {"uv": [7, 7, 4, 9], "texture": "#door"},
				"up": {"uv": [0.5, 11, 2.5, 14], "rotation": 180, "texture": "#side_top"},
				"down": {"uv": [0.5, 11, 2.5, 14], "rotation": 180, "texture": "#side_top"}
			}
		},
		{
			"name": "2",
			"from": [0.5, 8.5, 8.5],
			"to": [2.5, 9, 9],
			"faces": {
				"north": {"uv": [0.5, 7, 2.5, 7.5], "texture": "#side_top"},
				"east": {"uv": [7, 7, 7.5, 7.5], "texture": "#door"},
				"west": {"uv": [7.5, 7, 7, 7.5], "texture": "#door"},
				"down": {"uv": [0.5, 10.5, 2.5, 11], "rotation": 180, "texture": "#side_top"}
			}
		},
		{
			"name": "3",
			"from": [0.5, 7, 8.5],
			"to": [2.5, 7.5, 9],
			"faces": {
				"north": {"uv": [0.5, 8.5, 2.5, 9], "texture": "#side_top"},
				"east": {"uv": [7, 8.5, 7.5, 9], "texture": "#door"},
				"west": {"uv": [7.5, 8.5, 7, 9], "texture": "#door"},
				"up": {"uv": [0.5, 10.5, 2.5, 11], "rotation": 180, "texture": "#side_top"}
			}
		},
		{
			"name": "4",
			"from": [0.5, 7, 7],
			"to": [2.5, 7.5, 7.5],
			"faces": {
				"east": {"uv": [8.5, 8.5, 9, 9], "texture": "#door"},
				"south": {"uv": [0.5, 8.5, 2.5, 9], "texture": "#side_top"},
				"west": {"uv": [9, 8.5, 8.5, 9], "texture": "#door"},
				"up": {"uv": [0.5, 9, 2.5, 9.5], "rotation": 180, "texture": "#side_top"}
			}
		},
		{
			"name": "5",
			"from": [0.5, 8.5, 7],
			"to": [2.5, 9, 7.5],
			"faces": {
				"north": {"uv": [0.5, 7, 2.5, 7.5], "texture": "#side_top"},
				"east": {"uv": [8.5, 7, 9, 7.5], "texture": "#door"},
				"south": {"uv": [0.5, 7, 2.5, 7.5], "texture": "#side_top"},
				"west": {"uv": [9, 7, 8.5, 7.5], "texture": "#door"},
				"down": {"uv": [0.5, 9, 2.5, 9.5], "rotation": 180, "texture": "#side_top"}
			}
		},
		{
			"name": "6",
			"from": [0.5, 7, 4],
			"to": [2.5, 9, 7],
			"faces": {
				"east": {"uv": [9, 7, 12, 9], "texture": "#door"},
				"south": {"uv": [0.5, 7, 2.5, 9], "texture": "#side_top"},
				"west": {"uv": [12, 7, 9, 9], "texture": "#door"},
				"up": {"uv": [0.5, 6, 2.5, 9], "rotation": 180, "texture": "#side_top"},
				"down": {"uv": [0.5, 6, 2.5, 9], "rotation": 180, "texture": "#side_top"}
			}
		},
		{
			"name": "1",
			"from": [0.5, 6.5, 11],
			"to": [2.5, 7, 12],
			"faces": {
				"north": {"uv": [0.5, 9, 2.5, 9.5], "texture": "#side_top"},
				"east": {"uv": [4, 9, 5, 9.5], "texture": "#door"},
				"west": {"uv": [5, 9, 4, 9.5], "texture": "#door"},
				"down": {"uv": [0.5, 13, 2.5, 14], "rotation": 180, "texture": "#side_top"}
			}
		},
		{
			"name": "2",
			"from": [0.5, 6, 11.5],
			"to": [2.5, 6.5, 12],
			"faces": {
				"north": {"uv": [0.5, 9.5, 2.5, 10], "texture": "#side_top"},
				"east": {"uv": [4, 9.5, 4.5, 10], "texture": "#door"},
				"west": {"uv": [4.5, 9.5, 4, 10], "texture": "#door"},
				"down": {"uv": [0.5, 13.5, 2.5, 14], "rotation": 180, "texture": "#side_top"}
			}
		},
		{
			"name": "3",
			"from": [0.5, 6.5, 6],
			"to": [2.5, 7, 10],
			"faces": {
				"north": {"uv": [0.5, 9, 2.5, 9.5], "texture": "#side_top"},
				"east": {"uv": [6, 9, 10, 9.5], "texture": "#door"},
				"south": {"uv": [0.5, 9, 2.5, 9.5], "texture": "#side_top"},
				"west": {"uv": [10, 9, 6, 9.5], "texture": "#door"},
				"up": {"uv": [0.5, 8, 2.5, 12], "rotation": 180, "texture": "#side_top"},
				"down": {"uv": [0.5, 8, 2.5, 12], "rotation": 180, "texture": "#side_top"}
			}
		},
		{
			"name": "4",
			"from": [0.5, 6, 6.5],
			"to": [2.5, 6.5, 9.5],
			"faces": {
				"north": {"uv": [0.5, 9.5, 2.5, 10], "texture": "#side_top"},
				"east": {"uv": [6.5, 9.5, 9.5, 10], "texture": "#door"},
				"south": {"uv": [0.5, 9.5, 2.5, 10], "texture": "#side_top"},
				"west": {"uv": [9.5, 9.5, 6.5, 10], "texture": "#door"},
				"down": {"uv": [0.5, 8.5, 2.5, 11.5], "rotation": 180, "texture": "#side_top"}
			}
		},
		{
			"name": "5",
			"from": [0.5, 6.5, 4],
			"to": [2.5, 7, 5],
			"faces": {
				"east": {"uv": [11, 9, 12, 9.5], "texture": "#door"},
				"south": {"uv": [0.5, 9, 2.5, 9.5], "texture": "#side_top"},
				"west": {"uv": [12, 9, 11, 9.5], "texture": "#door"},
				"down": {"uv": [0.5, 6, 2.5, 7], "rotation": 180, "texture": "#side_top"}
			}
		},
		{
			"name": "6",
			"from": [0.5, 6, 4],
			"to": [2.5, 6.5, 4.5],
			"faces": {
				"east": {"uv": [11.5, 9.5, 12, 10], "texture": "#door"},
				"south": {"uv": [0.5, 9.5, 2.5, 10], "texture": "#side_top"},
				"west": {"uv": [12, 9.5, 11.5, 10], "texture": "#door"},
				"down": {"uv": [0.5, 6, 2.5, 6.5], "rotation": 180, "texture": "#side_top"}
			}
		},
		{
			"name": "7",
			"from": [0.5, 5, 7],
			"to": [2.5, 6, 9],
			"faces": {
				"north": {"uv": [0.5, 10, 2.5, 11], "texture": "#side_top"},
				"east": {"uv": [7, 10, 9, 11], "texture": "#door"},
				"south": {"uv": [0.5, 10, 2.5, 11], "texture": "#side_top"},
				"west": {"uv": [9, 10, 7, 11], "texture": "#door"},
				"down": {"uv": [0.5, 9, 2.5, 11], "rotation": 180, "texture": "#side_top"}
			}
		},
		{
			"name": "8",
			"from": [0.5, 4.5, 11.5],
			"to": [2.5, 5, 12],
			"faces": {
				"north": {"uv": [0.5, 11, 2.5, 11.5], "texture": "#side_top"},
				"east": {"uv": [4, 11, 4.5, 11.5], "texture": "#door"},
				"west": {"uv": [4.5, 11, 4, 11.5], "texture": "#door"},
				"up": {"uv": [0.5, 13, 2.5, 13.5], "rotation": 180, "texture": "#side_top"}
			}
		},
		{
			"name": "9",
			"from": [0.5, 4, 11],
			"to": [2.5, 4.5, 12],
			"faces": {
				"north": {"uv": [0.5, 11.5, 2.5, 12], "texture": "#side_top"},
				"east": {"uv": [4, 11.5, 5, 12], "texture": "#door"},
				"west": {"uv": [5, 11.5, 4, 12], "texture": "#door"},
				"up": {"uv": [0.5, 13, 2.5, 14], "rotation": 180, "texture": "#side_top"},
				"down": {"uv": [0.5, 13, 2.5, 14], "rotation": 180, "texture": "#side_top"}
			}
		},
		{
			"name": "10",
			"from": [0.5, 4.5, 6.5],
			"to": [2.5, 5, 9.5],
			"faces": {
				"north": {"uv": [0.5, 11, 2.5, 11.5], "texture": "#side_top"},
				"east": {"uv": [6.5, 11, 9.5, 11.5], "texture": "#door"},
				"south": {"uv": [0.5, 11, 2.5, 11.5], "texture": "#side_top"},
				"west": {"uv": [9.5, 11, 6.5, 11.5], "texture": "#door"},
				"up": {"uv": [0.5, 8.5, 2.5, 11.5], "rotation": 180, "texture": "#side_top"},
				"down": {"uv": [0.5, 8.5, 2.5, 11.5], "rotation": 180, "texture": "#side_top"}
			}
		},
		{
			"name": "11",
			"from": [0.5, 4, 6],
			"to": [2.5, 4.5, 10],
			"faces": {
				"north": {"uv": [0.5, 11.5, 2.5, 12], "texture": "#side_top"},
				"east": {"uv": [6, 11.5, 10, 12], "texture": "#door"},
				"south": {"uv": [0.5, 11.5, 2.5, 12], "texture": "#side_top"},
				"west": {"uv": [10, 11.5, 6, 12], "texture": "#door"},
				"up": {"uv": [0.5, 8, 2.5, 12], "rotation": 180, "texture": "#side_top"},
				"down": {"uv": [0.5, 8, 2.5, 12], "rotation": 180, "texture": "#side_top"}
			}
		},
		{
			"name": "12",
			"from": [0.5, 4.5, 4],
			"to": [2.5, 5, 4.5],
			"faces": {
				"east": {"uv": [11.5, 11, 12, 11.5], "texture": "#door"},
				"south": {"uv": [0.5, 11, 2.5, 11.5], "texture": "#side_top"},
				"west": {"uv": [12, 11, 11.5, 11.5], "texture": "#door"},
				"up": {"uv": [0.5, 6.5, 2.5, 7], "rotation": 180, "texture": "#side_top"}
			}
		},
		{
			"name": "13",
			"from": [0.5, 4, 4],
			"to": [2.5, 4.5, 5],
			"faces": {
				"east": {"uv": [11, 11.5, 12, 12], "texture": "#door"},
				"south": {"uv": [0.5, 11.5, 2.5, 12], "texture": "#side_top"},
				"west": {"uv": [12, 11.5, 11, 12], "texture": "#door"},
				"up": {"uv": [0.5, 6, 2.5, 7], "rotation": 180, "texture": "#side_top"},
				"down": {"uv": [0.5, 6, 2.5, 7], "rotation": 180, "texture": "#side_top"}
			}
		},
		{
			"name": "1",
			"from": [0.5, 2, 9],
			"to": [2.5, 4, 12],
			"faces": {
				"north": {"uv": [0.5, 12, 2.5, 14], "texture": "#side_top"},
				"east": {"uv": [4, 12, 7, 14], "texture": "#door"},
				"west": {"uv": [7, 12, 4, 14], "texture": "#door"},
				"up": {"uv": [0.5, 11, 2.5, 14], "rotation": 180, "texture": "#side_top"},
				"down": {"uv": [0.5, 11, 2.5, 14], "rotation": 180, "texture": "#side_top"}
			}
		},
		{
			"name": "2",
			"from": [0.5, 3.5, 8.5],
			"to": [2.5, 4, 9],
			"faces": {
				"north": {"uv": [0.5, 12, 2.5, 12.5], "texture": "#side_top"},
				"east": {"uv": [7, 12, 7.5, 12.5], "texture": "#door"},
				"west": {"uv": [7.5, 12, 7, 12.5], "texture": "#door"},
				"down": {"uv": [0.5, 10.5, 2.5, 11], "rotation": 180, "texture": "#side_top"}
			}
		},
		{
			"name": "3",
			"from": [0.5, 2, 8.5],
			"to": [2.5, 2.5, 9],
			"faces": {
				"north": {"uv": [0.5, 13.5, 2.5, 14], "texture": "#side_top"},
				"east": {"uv": [7, 13.5, 7.5, 14], "texture": "#door"},
				"west": {"uv": [7.5, 13.5, 7, 14], "texture": "#door"},
				"up": {"uv": [0.5, 10.5, 2.5, 11], "rotation": 180, "texture": "#side_top"}
			}
		},
		{
			"name": "4",
			"from": [0.5, 2, 7],
			"to": [2.5, 2.5, 7.5],
			"faces": {
				"east": {"uv": [8.5, 13.5, 9, 14], "texture": "#door"},
				"south": {"uv": [0.5, 13.5, 2.5, 14], "texture": "#side_top"},
				"west": {"uv": [9, 13.5, 8.5, 14], "texture": "#door"},
				"up": {"uv": [0.5, 9, 2.5, 9.5], "rotation": 180, "texture": "#side_top"}
			}
		},
		{
			"name": "5",
			"from": [0.5, 3.5, 7],
			"to": [2.5, 4, 7.5],
			"faces": {
				"north": {"uv": [0.5, 7, 2.5, 7.5], "texture": "#side_top"},
				"east": {"uv": [8.5, 12, 9, 12.5], "texture": "#door"},
				"south": {"uv": [0.5, 12, 2.5, 12.5], "texture": "#side_top"},
				"west": {"uv": [9, 12, 8.5, 12.5], "texture": "#door"},
				"down": {"uv": [0.5, 9, 2.5, 9.5], "rotation": 180, "texture": "#side_top"}
			}
		},
		{
			"name": "6",
			"from": [0.5, 2, 4],
			"to": [2.5, 4, 7],
			"faces": {
				"east": {"uv": [9, 12, 12, 14], "texture": "#door"},
				"south": {"uv": [0.5, 12, 2.5, 14], "texture": "#side_top"},
				"west": {"uv": [12, 12, 9, 14], "texture": "#door"},
				"up": {"uv": [0.5, 6, 2.5, 9], "rotation": 180, "texture": "#side_top"},
				"down": {"uv": [0.5, 6, 2.5, 9], "rotation": 180, "texture": "#side_top"}
			}
		},
		{
			"name": "1",
			"from": [0.5, 1.5, 11],
			"to": [2.5, 2, 12],
			"faces": {
				"north": {"uv": [0.5, 14, 2.5, 14.5], "texture": "#side_top"},
				"east": {"uv": [4, 9, 5, 9.5], "texture": "#door"},
				"west": {"uv": [5, 9, 4, 9.5], "texture": "#door"},
				"down": {"uv": [0.5, 13, 2.5, 14], "rotation": 180, "texture": "#side_top"}
			}
		},
		{
			"name": "2",
			"from": [0.5, 1, 11.5],
			"to": [2.5, 1.5, 12],
			"faces": {
				"north": {"uv": [0.5, 14.5, 2.5, 15], "texture": "#side_top"},
				"east": {"uv": [4, 9.5, 4.5, 10], "texture": "#door"},
				"west": {"uv": [4.5, 9.5, 4, 10], "texture": "#door"},
				"down": {"uv": [0.5, 13.5, 2.5, 14], "rotation": 180, "texture": "#side_top"}
			}
		},
		{
			"name": "3",
			"from": [0.5, 1.5, 6],
			"to": [2.5, 2, 10],
			"faces": {
				"north": {"uv": [0.5, 14, 2.5, 14.5], "texture": "#side_top"},
				"east": {"uv": [6, 9, 10, 9.5], "texture": "#door"},
				"south": {"uv": [0.5, 13, 2.5, 13.5], "texture": "#side_top"},
				"west": {"uv": [10, 9, 6, 9.5], "texture": "#door"},
				"up": {"uv": [0.5, 8, 2.5, 12], "rotation": 180, "texture": "#side_top"},
				"down": {"uv": [0.5, 8, 2.5, 12], "rotation": 180, "texture": "#side_top"}
			}
		},
		{
			"name": "4",
			"from": [0.5, 1, 6.5],
			"to": [2.5, 1.5, 9.5],
			"faces": {
				"north": {"uv": [0.5, 14.5, 2.5, 15], "texture": "#side_top"},
				"east": {"uv": [6.5, 9.5, 9.5, 10], "texture": "#door"},
				"south": {"uv": [0.5, 13.5, 2.5, 14], "texture": "#side_top"},
				"west": {"uv": [9.5, 9.5, 6.5, 10], "texture": "#door"},
				"down": {"uv": [0.5, 8.5, 2.5, 11.5], "rotation": 180, "texture": "#side_top"}
			}
		},
		{
			"name": "5",
			"from": [0.5, 1.5, 4],
			"to": [2.5, 2, 5],
			"faces": {
				"east": {"uv": [11, 9, 12, 9.5], "texture": "#door"},
				"south": {"uv": [0.5, 13, 2.5, 13.5], "texture": "#side_top"},
				"west": {"uv": [12, 9, 11, 9.5], "texture": "#door"},
				"down": {"uv": [0.5, 6, 2.5, 7], "rotation": 180, "texture": "#side_top"}
			}
		},
		{
			"name": "6",
			"from": [0.5, 1, 4],
			"to": [2.5, 1.5, 4.5],
			"faces": {
				"east": {"uv": [11.5, 9.5, 12, 10], "texture": "#door"},
				"south": {"uv": [0.5, 13.5, 2.5, 14], "texture": "#side_top"},
				"west": {"uv": [12, 9.5, 11.5, 10], "texture": "#door"},
				"down": {"uv": [0.5, 6, 2.5, 6.5], "rotation": 180, "texture": "#side_top"}
			}
		},
		{
			"name": "7",
			"from": [0.5, 0, 7],
			"to": [2.5, 1, 9],
			"faces": {
				"north": {"uv": [0.5, 14, 2.5, 15], "texture": "#side_top"},
				"east": {"uv": [7, 10, 9, 11], "texture": "#door"},
				"south": {"uv": [0.5, 14, 2.5, 15], "texture": "#side_top"},
				"west": {"uv": [9, 10, 7, 11], "texture": "#door"}
			}
		}
	],
	"groups": [
		{
			"name": "group",
			"origin": [8, 8, 8],
			"color": 0,
			"children": [
				0,
				1,
				2,
				{
					"name": "inside",
					"origin": [8, 8, 8],
					"color": 0,
					"children": [
						{
							"name": "1",
							"origin": [0, 0, 0],
							"color": 0,
							"children": [3, 4, 5, 6, 7, 8, 9, 10, 11, 12, 13, 14, 15]
						},
						{
							"name": "2",
							"origin": [8, 8, 8],
							"color": 0,
							"children": [16, 17, 18, 19, 20, 21]
						},
						{
							"name": "3",
							"origin": [0, 0, 0],
							"color": 0,
							"children": [22, 23, 24, 25, 26, 27, 28, 29, 30, 31, 32, 33, 34]
						},
						{
							"name": "4",
							"origin": [8, 8, 8],
							"color": 0,
							"children": [35, 36, 37, 38, 39, 40]
						},
						{
							"name": "5",
							"origin": [0, 0, 0],
							"color": 0,
							"children": [41, 42, 43, 44, 45, 46, 47]
						}
					]
				}
			]
		}
	]
}