{
	"credit": "Created by mullak99",
	"ambientocclusion": false,
	"textures": {
		"door": "block/cherry_door_bottom",
		"bottom": "m99-ctm:block/doors/cherry/bottom",
		"side_bottom": "m99-ctm:block/doors/cherry/side_bottom",
		"side_bottom_hinge": "m99-ctm:block/doors/cherry/side_bottom_hinge",
		"particle": "m99-ctm:block/doors/cherry/front_bottom_nohandle",
		"front_nohandle": "m99-ctm:block/doors/cherry/front_bottom_nohandle"
	},
	"elements": [
		{
			"name": "1",
			"from": [0.5, 15, 4],
			"to": [2.5, 16, 4.5],
			"faces": {
				"east": {"uv": [4.5, 0, 4, 1], "texture": "#door", "cullface": "west"},
				"south": {"uv": [0.5, 0, 2.5, 1], "texture": "#side_bottom"},
				"west": {"uv": [4, 0, 4.5, 1], "texture": "#door"},
				"up": {"uv": [4, 0.5, 4.5, 2.5], "rotation": 90, "texture": "#bottom"}
			}
		},
		{
			"name": "2",
			"from": [0.5, 15, 4.5],
			"to": [2.5, 15.5, 5],
			"faces": {
				"east": {"uv": [5, 0.5, 4.5, 1], "texture": "#door", "cullface": "west"},
				"south": {"uv": [0.5, 0.5, 2.5, 1], "texture": "#side_bottom"},
				"west": {"uv": [4.5, 0.5, 5, 1], "texture": "#door"},
				"up": {"uv": [4.5, 0.5, 5, 2.5], "rotation": 90, "texture": "#bottom"}
			}
		},
		{
			"name": "3",
			"from": [0.5, 15, 6],
			"to": [2.5, 15.5, 6.5],
			"faces": {
				"north": {"uv": [0.5, 0.5, 2.5, 1], "texture": "#side_bottom"},
				"east": {"uv": [6.5, 0.5, 6, 1], "texture": "#door", "cullface": "west"},
				"west": {"uv": [6, 0.5, 6.5, 1], "texture": "#door"},
				"up": {"uv": [6, 0.5, 6.5, 2.5], "rotation": 90, "texture": "#bottom"}
			}
		},
		{
			"name": "4",
			"from": [0.5, 15, 6.5],
			"to": [2.5, 16, 9.5],
			"faces": {
				"north": {"uv": [2.5, 0, 0.5, 1], "texture": "#side_bottom"},
				"east": {"uv": [9.5, 0, 6.5, 1], "texture": "#door", "cullface": "west"},
				"south": {"uv": [0.5, 0, 2.5, 1], "texture": "#side_bottom"},
				"west": {"uv": [6.5, 0, 9.5, 1], "texture": "#door"},
				"up": {"uv": [0.5, 6, 2.5, 9], "texture": "#side_bottom"}
			}
		},
		{
			"name": "5",
			"from": [0.5, 15, 9.5],
			"to": [2.5, 15.5, 10],
			"faces": {
				"east": {"uv": [10, 0.5, 9.5, 1], "texture": "#door", "cullface": "west"},
				"south": {"uv": [0.5, 0.5, 2.5, 1], "texture": "#side_bottom"},
				"west": {"uv": [9.5, 0.5, 10, 1], "texture": "#door"},
				"up": {"uv": [9.5, 0.5, 10, 2.5], "rotation": 90, "texture": "#bottom"}
			}
		},
		{
			"name": "6",
			"from": [0.5, 15, 11],
			"to": [2.5, 15.5, 11.5],
			"faces": {
				"north": {"uv": [0.5, 0.5, 2.5, 1], "texture": "#side_bottom"},
				"east": {"uv": [11.5, 0.5, 11, 1], "texture": "#door", "cullface": "west"},
				"west": {"uv": [11, 0.5, 11.5, 1], "texture": "#door"},
				"up": {"uv": [11, 0.5, 11.5, 2.5], "rotation": 90, "texture": "#bottom"}
			}
		},
		{
			"name": "7",
			"from": [0.5, 15, 11.5],
			"to": [2.5, 16, 12],
			"faces": {
				"north": {"uv": [0.5, 0, 2.5, 1], "texture": "#side_bottom"},
				"east": {"uv": [12, 0, 11.5, 1], "texture": "#door", "cullface": "west"},
				"west": {"uv": [11.5, 0, 12, 1], "texture": "#door"},
				"up": {"uv": [11.5, 0.5, 12, 2.5], "rotation": 90, "texture": "#bottom"}
			}
		},
		{
			"name": "1",
			"from": [0, 15, 0],
			"to": [3, 16, 4],
			"faces": {
				"north": {"uv": [3, 0, 0, 1], "texture": "#side_bottom_hinge", "cullface": "north"},
				"east": {"uv": [4, 0, 0, 1], "texture": "#door"},
				"south": {"uv": [0, 0, 3, 1], "texture": "#side_bottom"},
				"west": {"uv": [0, 0, 4, 1], "texture": "#door", "cullface": "west"}
			}
		},
		{
			"name": "2",
			"from": [0, 15, 12],
			"to": [3, 16, 16],
			"faces": {
				"north": {"uv": [3, 0, 0, 1], "texture": "#side_bottom"},
				"east": {"uv": [16, 0, 12, 1], "texture": "#door"},
				"south": {"uv": [0, 0, 3, 1], "texture": "#side_bottom", "cullface": "south"},
				"west": {"uv": [12, 0, 16, 1], "texture": "#door", "cullface": "west"}
			}
		},
		{
			"name": "bottom",
			"from": [0, 0, 0],
			"to": [3, 15, 16],
			"faces": {
				"north": {"uv": [3, 1, 0, 16], "texture": "#side_bottom_hinge", "cullface": "north"},
				"east": {"uv": [16, 1, 0, 16], "texture": "#front_nohandle"},
				"south": {"uv": [0, 1, 3, 16], "texture": "#side_bottom", "cullface": "south"},
				"west": {"uv": [0, 1, 16, 16], "texture": "#front_nohandle", "cullface": "west"},
				"up": {"uv": [0, 0, 16, 3], "rotation": 90, "texture": "#bottom"},
				"down": {"uv": [0, 0, 16, 3], "rotation": 270, "texture": "#bottom", "cullface": "down"}
			}
		},
		{
			"name": "1",
			"from": [-0.25, 12.5, 7],
			"to": [3.25, 13, 9],
			"faces": {
				"north": {"uv": [7, 3, 7.5, 3.5], "texture": "#door"},
				"south": {"uv": [8.5, 3, 9, 3.5], "texture": "#door"},
				"up": {"uv": [7, 3, 9, 3.5], "texture": "#door"},
				"down": {"uv": [7, 3, 9, 3.5], "texture": "#door"}
			}
		},
		{
			"name": "1",
			"from": [-0.5, 12, 7],
			"to": [-0.25, 13, 9],
			"faces": {
				"north": {"uv": [7, 3, 7.5, 3.5], "texture": "#door", "cullface": "west"},
				"east": {"uv": [9, 3, 7, 4], "texture": "#door", "cullface": "west"},
				"south": {"uv": [8.5, 3, 9, 3.5], "texture": "#door", "cullface": "west"},
				"west": {"uv": [7, 3, 9, 4], "texture": "#door", "cullface": "west"},
				"up": {"uv": [7, 3, 9, 3.5], "rotation": 90, "texture": "#door", "cullface": "west"},
				"down": {"uv": [7.5, 3.5, 8.5, 4], "rotation": 270, "texture": "#door", "cullface": "west"}
			}
		},
		{
			"name": "2",
			"from": [-0.5, 9, 7],
			"to": [-0.25, 10, 9],
			"faces": {
				"north": {"uv": [7, 6.5, 7.5, 7], "texture": "#door", "cullface": "west"},
				"east": {"uv": [9, 6, 7, 7], "texture": "#door", "cullface": "west"},
				"south": {"uv": [8.5, 6.5, 9, 7], "texture": "#door", "cullface": "west"},
				"west": {"uv": [7, 6, 9, 7], "texture": "#door", "cullface": "west"},
				"up": {"uv": [7.5, 6, 8.5, 6.5], "rotation": 270, "texture": "#door", "cullface": "west"},
				"down": {"uv": [7, 6.5, 9, 7], "rotation": 270, "texture": "#door", "cullface": "west"}
			}
		},
		{
			"name": "3",
			"from": [-0.5, 10, 6],
			"to": [-0.25, 12, 7],
			"faces": {
				"north": {"uv": [6, 4, 6.5, 6], "texture": "#door", "cullface": "west"},
				"east": {"uv": [7, 4, 6, 6], "texture": "#door", "cullface": "west"},
				"south": {"uv": [6.5, 4.5, 7, 5.5], "texture": "#door", "cullface": "west"},
				"west": {"uv": [6, 4, 7, 6], "texture": "#door", "cullface": "west"},
				"up": {"uv": [6, 4, 6.5, 4.5], "texture": "#door", "cullface": "west"},
				"down": {"uv": [6, 5.5, 6.5, 6], "texture": "#door", "cullface": "west"}
			}
		},
		{
			"name": "4",
			"from": [-0.5, 10, 9],
			"to": [-0.25, 12, 10],
			"faces": {
				"north": {"uv": [9, 4.5, 9.5, 5.5], "texture": "#door", "cullface": "west"},
				"east": {"uv": [10, 4, 9, 6], "texture": "#door", "cullface": "west"},
				"south": {"uv": [9.5, 4, 10, 6], "texture": "#door", "cullface": "west"},
				"west": {"uv": [9, 4, 10, 6], "texture": "#door", "cullface": "west"},
				"up": {"uv": [9.5, 4, 10, 4.5], "texture": "#door", "cullface": "west"},
				"down": {"uv": [9.5, 5.5, 10, 6], "texture": "#door", "cullface": "west"}
			}
		},
		{
			"name": "5",
			"from": [-0.5, 11.5, 8.5],
			"to": [-0.25, 12.5, 9.5],
			"faces": {
				"north": {"uv": [8.5, 4, 9, 4.5], "texture": "#door", "cullface": "west"},
				"east": {"uv": [9.5, 3.5, 8.5, 4.5], "texture": "#door", "cullface": "west"},
				"south": {"uv": [9, 3.5, 9.5, 4], "texture": "#door", "cullface": "west"},
				"west": {"uv": [8.5, 3.5, 9.5, 4.5], "texture": "#door", "cullface": "west"},
				"up": {"uv": [9, 3.5, 9.5, 4], "texture": "#door", "cullface": "west"},
				"down": {"uv": [8.5, 4, 9, 4.5], "texture": "#door", "cullface": "west"}
			}
		},
		{
			"name": "6",
			"from": [-0.5, 11.5, 6.5],
			"to": [-0.25, 12.5, 7.5],
			"faces": {
				"north": {"uv": [6.5, 3.5, 7, 4], "texture": "#door", "cullface": "west"},
				"east": {"uv": [7.5, 3.5, 6.5, 4.5], "texture": "#door", "cullface": "west"},
				"south": {"uv": [7, 4, 7.5, 4.5], "texture": "#door", "cullface": "west"},
				"west": {"uv": [6.5, 3.5, 7.5, 4.5], "texture": "#door", "cullface": "west"},
				"up": {"uv": [6.5, 3.5, 7, 4], "texture": "#door", "cullface": "west"},
				"down": {"uv": [7, 4, 7.5, 4.5], "texture": "#door", "cullface": "west"}
			}
		},
		{
			"name": "7",
			"from": [-0.5, 9.5, 6.5],
			"to": [-0.25, 10.5, 7.5],
			"faces": {
				"north": {"uv": [6.5, 6, 7, 6.5], "texture": "#door", "cullface": "west"},
				"east": {"uv": [7.5, 5.5, 6.5, 6.5], "texture": "#door", "cullface": "west"},
				"south": {"uv": [7, 5.5, 7.5, 6], "texture": "#door", "cullface": "west"},
				"west": {"uv": [6.5, 5.5, 7.5, 6.5], "texture": "#door", "cullface": "west"},
				"up": {"uv": [7, 5.5, 7.5, 6], "texture": "#door", "cullface": "west"},
				"down": {"uv": [6.5, 6, 7, 6.5], "texture": "#door", "cullface": "west"}
			}
		},
		{
			"name": "8",
			"from": [-0.5, 9.5, 8.5],
			"to": [-0.25, 10.5, 9.5],
			"faces": {
				"north": {"uv": [8.5, 5.5, 9, 6], "texture": "#door", "cullface": "west"},
				"east": {"uv": [9.5, 5.5, 8.5, 6.5], "texture": "#door", "cullface": "west"},
				"south": {"uv": [9, 6, 9.5, 6.5], "texture": "#door", "cullface": "west"},
				"west": {"uv": [8.5, 5.5, 9.5, 6.5], "texture": "#door", "cullface": "west"},
				"up": {"uv": [8.5, 5.5, 9, 6], "texture": "#door", "cullface": "west"},
				"down": {"uv": [9, 6, 9.5, 6.5], "texture": "#door", "cullface": "west"}
			}
		},
		{
			"name": "1",
			"from": [3.25, 12, 7],
			"to": [3.5, 13, 9],
			"faces": {
				"north": {"uv": [7, 3, 7.5, 3.5], "texture": "#door"},
				"east": {"uv": [9, 3, 7, 4], "texture": "#door"},
				"south": {"uv": [8.5, 3, 9, 3.5], "texture": "#door"},
				"west": {"uv": [7, 3, 9, 4], "texture": "#door"},
				"up": {"uv": [7, 3, 9, 3.5], "rotation": 90, "texture": "#door"},
				"down": {"uv": [7.5, 3.5, 8.5, 4], "rotation": 270, "texture": "#door"}
			}
		},
		{
			"name": "2",
			"from": [3.25, 9, 7],
			"to": [3.5, 10, 9],
			"faces": {
				"north": {"uv": [7, 6.5, 7.5, 7], "texture": "#door"},
				"east": {"uv": [9, 6, 7, 7], "texture": "#door"},
				"south": {"uv": [8.5, 6.5, 9, 7], "texture": "#door"},
				"west": {"uv": [7, 6, 9, 7], "texture": "#door"},
				"up": {"uv": [7.5, 6, 8.5, 6.5], "rotation": 270, "texture": "#door"},
				"down": {"uv": [7, 6.5, 9, 7], "rotation": 270, "texture": "#door"}
			}
		},
		{
			"name": "3",
			"from": [3.25, 10, 6],
			"to": [3.5, 12, 7],
			"faces": {
				"north": {"uv": [6, 4, 6.5, 6], "texture": "#door"},
				"east": {"uv": [7, 4, 6, 6], "texture": "#door"},
				"south": {"uv": [6.5, 4.5, 7, 5.5], "texture": "#door"},
				"west": {"uv": [6, 4, 7, 6], "texture": "#door"},
				"up": {"uv": [6, 4, 6.5, 4.5], "texture": "#door"},
				"down": {"uv": [6, 5.5, 6.5, 6], "texture": "#door"}
			}
		},
		{
			"name": "4",
			"from": [3.25, 10, 9],
			"to": [3.5, 12, 10],
			"faces": {
				"north": {"uv": [9, 4.5, 9.5, 5.5], "texture": "#door"},
				"east": {"uv": [10, 4, 9, 6], "texture": "#door"},
				"south": {"uv": [9.5, 4, 10, 6], "texture": "#door"},
				"west": {"uv": [9, 4, 10, 6], "texture": "#door"},
				"up": {"uv": [9.5, 4, 10, 4.5], "texture": "#door"},
				"down": {"uv": [9.5, 5.5, 10, 6], "texture": "#door"}
			}
		},
		{
			"name": "4",
			"from": [3.25, 11.5, 8.5],
			"to": [3.5, 12.5, 9.5],
			"faces": {
				"north": {"uv": [8.5, 4, 9, 4.5], "texture": "#door"},
				"east": {"uv": [9.5, 3.5, 8.5, 4.5], "texture": "#door"},
				"south": {"uv": [9, 3.5, 9.5, 4], "texture": "#door"},
				"west": {"uv": [8.5, 3.5, 9.5, 4.5], "texture": "#door"},
				"up": {"uv": [9, 3.5, 9.5, 4], "texture": "#door"},
				"down": {"uv": [8.5, 4, 9, 4.5], "texture": "#door"}
			}
		},
		{
			"name": "5",
			"from": [3.25, 11.5, 6.5],
			"to": [3.5, 12.5, 7.5],
			"faces": {
				"north": {"uv": [6.5, 3.5, 7, 4], "texture": "#door"},
				"east": {"uv": [7.5, 3.5, 6.5, 4.5], "texture": "#door"},
				"south": {"uv": [7, 4, 7.5, 4.5], "texture": "#door"},
				"west": {"uv": [6.5, 3.5, 7.5, 4.5], "texture": "#door"},
				"up": {"uv": [6.5, 3.5, 7, 4], "texture": "#door"},
				"down": {"uv": [7, 4, 7.5, 4.5], "texture": "#door"}
			}
		},
		{
			"name": "6",
			"from": [3.25, 9.5, 6.5],
			"to": [3.5, 10.5, 7.5],
			"faces": {
				"north": {"uv": [6.5, 6, 7, 6.5], "texture": "#door"},
				"east": {"uv": [7.5, 5.5, 6.5, 6.5], "texture": "#door"},
				"south": {"uv": [7, 5.5, 7.5, 6], "texture": "#door"},
				"west": {"uv": [6.5, 5.5, 7.5, 6.5], "texture": "#door"},
				"up": {"uv": [7, 5.5, 7.5, 6], "texture": "#door"},
				"down": {"uv": [6.5, 6, 7, 6.5], "texture": "#door"}
			}
		},
		{
			"name": "7",
			"from": [3.25, 9.5, 8.5],
			"to": [3.5, 10.5, 9.5],
			"faces": {
				"north": {"uv": [8.5, 5.5, 9, 6], "texture": "#door"},
				"east": {"uv": [9.5, 5.5, 8.5, 6.5], "texture": "#door"},
				"south": {"uv": [9, 6, 9.5, 6.5], "texture": "#door"},
				"west": {"uv": [8.5, 5.5, 9.5, 6.5], "texture": "#door"},
				"up": {"uv": [8.5, 5.5, 9, 6], "texture": "#door"},
				"down": {"uv": [9, 6, 9.5, 6.5], "texture": "#door"}
			}
		}
	],
	"display": {
		"thirdperson_righthand": {
			"rotation": [75, 45, 0],
			"translation": [0, 2.5, 0],
			"scale": [0.375, 0.375, 0.375]
		},
		"firstperson_righthand": {
			"rotation": [0, 45, 0],
			"scale": [0.4, 0.4, 0.4]
		},
		"firstperson_lefthand": {
			"rotation": [0, 225, 0],
			"scale": [0.4, 0.4, 0.4]
		},
		"ground": {
			"translation": [0, 3, 0],
			"scale": [0.25, 0.25, 0.25]
		},
		"gui": {
			"rotation": [30, 225, 0],
			"scale": [0.625, 0.625, 0.625]
		},
		"fixed": {
			"scale": [0.5, 0.5, 0.5]
		}
	},
	"groups": [
		{
			"name": "group",
			"origin": [8, 8, 8],
			"color": 0,
			"children": [
				{
					"name": "inside",
					"origin": [0, 0, 0],
					"color": 0,
					"children": [0, 1, 2, 3, 4, 5, 6]
				},
				{
					"name": "top",
					"origin": [0, 0, 0],
					"color": 0,
					"children": [7, 8]
				},
				9,
				{
					"name": "handle",
					"origin": [8, 8, 8],
					"color": 0,
					"children": [
						10,
						{
							"name": "handle1",
							"origin": [8, 8, 8],
							"color": 0,
							"children": [11, 12, 13, 14, 15, 16, 17, 18]
						},
						{
							"name": "handle2",
							"origin": [8, 8, 8],
							"color": 0,
							"children": [19, 20, 21, 22, 23, 24, 25, 26]
						}
					]
				}
			]
		}
	]
}