{
	"credit": "Created by mullak99",
	"textures": {
		"particle": "block/pointed_dripstone_down_frustum",
		"pointed_dripstone": "block/pointed_dripstone_down_frustum",
		"dripstone_block": "block/dripstone_block"
	},
	"elements": [
		{
			"name": "top",
			"from": [3, 9, 3],
			"to": [13, 16, 13],
			"faces": {
				"north": {"uv": [3.5, 0, 13.5, 7], "texture": "#pointed_dripstone"},
				"east": {"uv": [3.5, 0, 13.5, 7], "texture": "#pointed_dripstone"},
				"south": {"uv": [3.5, 0, 13.5, 7], "texture": "#pointed_dripstone"},
				"west": {"uv": [3.5, 0, 13.5, 7], "texture": "#pointed_dripstone"},
				"down": {"uv": [3, 3, 13, 13], "texture": "#dripstone_block"}
			}
		},
		{
			"name": "middle",
			"from": [4, 3, 4],
			"to": [12, 9, 12],
			"faces": {
				"north": {"uv": [4, 7, 12, 13], "texture": "#pointed_dripstone"},
				"east": {"uv": [4, 7, 12, 13], "texture": "#pointed_dripstone"},
				"south": {"uv": [4, 7, 12, 13], "texture": "#pointed_dripstone"},
				"west": {"uv": [4, 7, 12, 13], "texture": "#pointed_dripstone"},
				"down": {"uv": [4, 4, 12, 12], "texture": "#dripstone_block"}
			}
		},
		{
			"name": "bottom",
			"from": [5, 0, 5],
			"to": [11, 3, 11],
			"faces": {
				"north": {"uv": [5, 13, 11, 16], "texture": "#pointed_dripstone"},
				"east": {"uv": [5, 13, 11, 16], "texture": "#pointed_dripstone"},
				"south": {"uv": [5, 13, 11, 16], "texture": "#pointed_dripstone"},
				"west": {"uv": [5, 13, 11, 16], "texture": "#pointed_dripstone"},
				"down": {"uv": [5, 5, 11, 11], "texture": "#dripstone_block"}
			}
		}
	],
	"groups": [
		{
			"name": "pointed_dripstone",
			"origin": [8, 8, 8],
			"children": [0, 1, 2]
		}
	]
}