{
	"credit": "Created by mullak99",
	"textures": {
		"particle": "block/pointed_dripstone_down_tip_merge",
		"pointed_dripstone": "block/pointed_dripstone_down_tip_merge",
		"pointed_dripstone_extra": "block/pointed_dripstone_down_middle",
		"dripstone_block": "block/dripstone_block"
	},
	"elements": [
		{
			"name": "top",
			"from": [5, 8, 5],
			"to": [11, 16, 11],
			"faces": {
				"north": {"uv": [5, 0, 11, 8], "texture": "#pointed_dripstone_extra"},
				"east": {"uv": [5, 0, 11, 8], "texture": "#pointed_dripstone_extra"},
				"south": {"uv": [5, 0, 11, 8], "texture": "#pointed_dripstone_extra"},
				"west": {"uv": [5, 0, 11, 8], "texture": "#pointed_dripstone_extra"},
				"down": {"uv": [5, 5, 11, 11], "texture": "#dripstone_block"}
			}
		},
		{
			"name": "bottom",
			"from": [6, 0, 6],
			"to": [10, 8, 10],
			"faces": {
				"north": {"uv": [5.5, 5, 9.5, 13], "texture": "#pointed_dripstone"},
				"east": {"uv": [5.5, 5, 9.5, 13], "texture": "#pointed_dripstone"},
				"south": {"uv": [5.5, 5, 9.5, 13], "texture": "#pointed_dripstone"},
				"west": {"uv": [5.5, 5, 9.5, 13], "texture": "#pointed_dripstone"}
			}
		}
	],
	"groups": [
		{
			"name": "pointed_dripstone",
			"origin": [8, 8, 8],
			"color": 0,
			"children": [0, 1]
		}
	]
}