{
	"credit": "Created by mullak99",
	"textures": {
		"particle": "block/pointed_dripstone_up_tip_merge",
		"pointed_dripstone": "block/pointed_dripstone_up_tip_merge",
		"dripstone_block": "block/dripstone_block",
		"pointed_dripstone_extra": "block/pointed_dripstone_up_middle"
	},
	"elements": [
		{
			"name": "top",
			"from": [6, 8, 6],
			"to": [10, 16, 10],
			"rotation": {"angle": 0, "axis": "z", "origin": [16, 16, 0]},
			"faces": {
				"north": {"uv": [5, 4, 9, 12], "texture": "#pointed_dripstone"},
				"east": {"uv": [5, 4, 9, 12], "texture": "#pointed_dripstone"},
				"south": {"uv": [5, 4, 9, 12], "texture": "#pointed_dripstone"},
				"west": {"uv": [5, 4, 9, 12], "texture": "#pointed_dripstone"}
			}
		},
		{
			"name": "bottom",
			"from": [5, 0, 5],
			"to": [11, 8, 11],
			"rotation": {"angle": 0, "axis": "z", "origin": [16, 16, 0]},
			"faces": {
				"north": {"uv": [5, 8, 11, 16], "texture": "#pointed_dripstone_extra"},
				"east": {"uv": [5, 8, 11, 16], "texture": "#pointed_dripstone_extra"},
				"south": {"uv": [5, 8, 11, 16], "texture": "#pointed_dripstone_extra"},
				"west": {"uv": [5, 8, 11, 16], "texture": "#pointed_dripstone_extra"},
				"up": {"uv": [5, 5, 11, 11], "rotation": 180, "texture": "#dripstone_block"}
			}
		}
	],
	"groups": [
		{
			"name": "pointed_dripstone",
			"origin": [8, 8, 8],
			"color": 0,
			"children": [0, 1]
		}
	]
}