{
	"credit": "Created by mullak99",
	"parent": "item/template_door",
	"textures": {
		"door_bottom": "block/acacia_door_bottom",
		"side_bottom_hinge": "m99-ctm:block/doors/acacia/side_bottom_hinge",
		"side_bottom": "m99-ctm:block/doors/acacia/side_bottom",
		"bottom": "m99-ctm:block/doors/acacia/bottom",
		"particle": "block/acacia_door_top",
		"door_top": "block/acacia_door_top",
		"side_top": "m99-ctm:block/doors/acacia/side_top",
		"side_top_hinge": "m99-ctm:block/doors/acacia/side_top_hinge",
		"top": "m99-ctm:block/doors/acacia/top"
	},
	"elements": [
		{
			"name": "left",
			"from": [0, 16, 0],
			"to": [3, 32, 3],
			"faces": {
				"north": {"uv": [3, 0, 0, 16], "texture": "#side_top_hinge", "cullface": "north"},
				"east": {"uv": [3, 0, 0, 16], "texture": "#door_top"},
				"south": {"uv": [0, 0, 3, 16], "texture": "#side_top"},
				"west": {"uv": [0, 0, 3, 16], "texture": "#door_top", "cullface": "west"},
				"up": {"uv": [0, 3, 3, 0], "rotation": 90, "texture": "#top", "cullface": "up"}
			}
		},
		{
			"name": "right",
			"from": [0, 16, 13],
			"to": [3, 32, 16],
			"faces": {
				"north": {"uv": [3, 0, 0, 16], "texture": "#side_top"},
				"east": {"uv": [16, 0, 13, 16], "texture": "#door_top"},
				"south": {"uv": [0, 0, 3, 16], "texture": "#side_top", "cullface": "south"},
				"west": {"uv": [13, 0, 16, 16], "texture": "#door_top", "cullface": "west"},
				"up": {"uv": [13, 3, 16, 0], "rotation": 90, "texture": "#top", "cullface": "up"}
			}
		},
		{
			"name": "1",
			"from": [0, 16, 3],
			"to": [3, 17, 13],
			"faces": {
				"east": {"uv": [13, 15, 3, 16], "texture": "#door_top"},
				"west": {"uv": [3, 15, 13, 16], "texture": "#door_top", "cullface": "west"},
				"up": {"uv": [3, 3, 13, 0], "rotation": 90, "texture": "#top"}
			}
		},
		{
			"name": "2",
			"from": [0, 29, 3],
			"to": [3, 32, 13],
			"faces": {
				"east": {"uv": [13, 0, 3, 3], "texture": "#door_top"},
				"west": {"uv": [3, 0, 13, 3], "texture": "#door_top", "cullface": "west"},
				"up": {"uv": [3, 3, 13, 0], "rotation": 90, "texture": "#top", "cullface": "up"},
				"down": {"uv": [3, 0, 13, 3], "rotation": 270, "texture": "#top"}
			}
		},
		{
			"name": "1",
			"from": [0, 17, 5],
			"to": [3, 29, 7],
			"faces": {
				"north": {"uv": [3, 3, 0, 15], "texture": "#side_top"},
				"east": {"uv": [7, 3, 5, 15], "texture": "#door_top"},
				"south": {"uv": [0, 3, 3, 15], "texture": "#side_top"},
				"west": {"uv": [5, 3, 7, 15], "texture": "#door_top", "cullface": "west"}
			}
		},
		{
			"name": "2",
			"from": [0, 17, 9],
			"to": [3, 29, 11],
			"faces": {
				"north": {"uv": [3, 3, 0, 15], "texture": "#side_top"},
				"east": {"uv": [11, 3, 9, 15], "texture": "#door_top"},
				"south": {"uv": [0, 3, 3, 15], "texture": "#side_top"},
				"west": {"uv": [9, 3, 11, 15], "texture": "#door_top", "cullface": "west"}
			}
		},
		{
			"name": "1",
			"from": [3, 16, 11.5],
			"to": [3.5, 17, 14.5],
			"faces": {
				"north": {"uv": [11.5, 15, 12, 16], "texture": "#door_top"},
				"east": {"uv": [14.5, 15, 11.5, 16], "texture": "#door_top"},
				"south": {"uv": [14, 15, 14.5, 16], "rotation": 180, "texture": "#door_top"},
				"up": {"uv": [11.5, 15, 14.5, 15.5], "rotation": 90, "texture": "#door_top"},
				"down": {"uv": [11.5, 15.5, 14.5, 16], "rotation": 270, "texture": "#door_top", "cullface": "down"}
			}
		},
		{
			"name": "2",
			"from": [3, 16, 14.5],
			"to": [3.5, 16.5, 15],
			"faces": {
				"east": {"uv": [15, 15.5, 14.5, 16], "texture": "#door_top"},
				"south": {"uv": [14.5, 15.5, 15, 16], "rotation": 180, "texture": "#door_top"},
				"up": {"uv": [14.5, 15.5, 15, 16], "rotation": 90, "texture": "#door_top"},
				"down": {"uv": [14.5, 15.5, 15, 16], "rotation": 270, "texture": "#door_top", "cullface": "down"}
			}
		},
		{
			"name": "3",
			"from": [-0.5, 16, 11.5],
			"to": [0, 17, 14.5],
			"faces": {
				"north": {"uv": [11.5, 15, 12, 16], "texture": "#door_top", "cullface": "west"},
				"south": {"uv": [14, 15, 14.5, 16], "rotation": 180, "texture": "#door_top", "cullface": "west"},
				"west": {"uv": [11.5, 15, 14.5, 16], "texture": "#door_top", "cullface": "west"},
				"up": {"uv": [11.5, 15, 14.5, 15.5], "rotation": 90, "texture": "#door_top", "cullface": "west"},
				"down": {"uv": [11.5, 15.5, 14.5, 16], "rotation": 270, "texture": "#door_top", "cullface": "west"}
			}
		},
		{
			"name": "4",
			"from": [-0.5, 16, 14.5],
			"to": [0, 16.5, 15],
			"faces": {
				"south": {"uv": [14.5, 15.5, 15, 16], "rotation": 180, "texture": "#door_top", "cullface": "west"},
				"west": {"uv": [14.5, 15.5, 15, 16], "texture": "#door_top", "cullface": "west"},
				"up": {"uv": [14.5, 15.5, 15, 16], "rotation": 90, "texture": "#door_top", "cullface": "west"},
				"down": {"uv": [14.5, 15.5, 15, 16], "rotation": 270, "texture": "#door_top", "cullface": "west"}
			}
		},
		{
			"name": "left",
			"from": [0, 0, 0],
			"to": [3, 16, 3],
			"faces": {
				"north": {"uv": [3, 0, 0, 16], "texture": "#side_bottom_hinge", "cullface": "north"},
				"east": {"uv": [3, 0, 0, 16], "texture": "#door_bottom"},
				"south": {"uv": [0, 0, 3, 16], "texture": "#side_bottom"},
				"west": {"uv": [0, 0, 3, 16], "texture": "#door_bottom", "cullface": "west"},
				"down": {"uv": [0, 0, 3, 3], "rotation": 270, "texture": "#bottom", "cullface": "down"}
			}
		},
		{
			"name": "right",
			"from": [0, 0, 13],
			"to": [3, 16, 16],
			"faces": {
				"north": {"uv": [3, 0, 0, 16], "texture": "#side_bottom"},
				"east": {"uv": [16, 0, 13, 16], "texture": "#door_bottom"},
				"south": {"uv": [0, 0, 3, 16], "texture": "#side_bottom", "cullface": "south"},
				"west": {"uv": [13, 0, 16, 16], "texture": "#door_bottom", "cullface": "west"},
				"down": {"uv": [13, 0, 16, 3], "rotation": 270, "texture": "#bottom", "cullface": "down"}
			}
		},
		{
			"name": "1",
			"from": [0, 3, 5],
			"to": [3, 15, 7],
			"faces": {
				"north": {"uv": [3, 1, 0, 13], "texture": "#side_bottom"},
				"east": {"uv": [7, 1, 5, 13], "texture": "#door_bottom"},
				"south": {"uv": [0, 1, 3, 13], "texture": "#side_bottom"},
				"west": {"uv": [5, 0.5, 7, 13], "texture": "#door_bottom", "cullface": "west"}
			}
		},
		{
			"name": "2",
			"from": [0, 3, 9],
			"to": [3, 15, 11],
			"faces": {
				"north": {"uv": [3, 1, 0, 13], "texture": "#side_bottom"},
				"east": {"uv": [11, 1, 9, 13], "texture": "#door_bottom"},
				"south": {"uv": [0, 1, 3, 13], "texture": "#side_bottom"},
				"west": {"uv": [9, 1, 11, 13], "texture": "#door_bottom", "cullface": "west"}
			}
		},
		{
			"name": "bottom",
			"from": [0, 0, 3],
			"to": [3, 3, 13],
			"faces": {
				"east": {"uv": [13, 13, 3, 16], "texture": "#door_bottom"},
				"west": {"uv": [3, 13, 13, 16], "texture": "#door_bottom", "cullface": "west"},
				"up": {"uv": [3, 0, 13, 3], "rotation": 90, "texture": "#bottom"},
				"down": {"uv": [3, 0, 13, 3], "rotation": 270, "texture": "#bottom", "cullface": "down"}
			}
		},
		{
			"name": "top",
			"from": [0, 15, 3],
			"to": [3, 16, 13],
			"faces": {
				"east": {"uv": [13, 0, 3, 1], "texture": "#door_bottom"},
				"west": {"uv": [3, 0, 13, 1], "texture": "#door_bottom", "cullface": "west"},
				"down": {"uv": [3, 3, 13, 0], "rotation": 270, "texture": "#bottom"}
			}
		},
		{
			"name": "1",
			"from": [-0.5, 15, 14],
			"to": [3.5, 16, 15],
			"faces": {
				"north": {"uv": [14, 0, 14.5, 1], "texture": "#door_bottom"},
				"east": {"uv": [15, 0, 14, 1], "texture": "#door_bottom"},
				"south": {"uv": [14.5, 0, 15, 1], "texture": "#door_bottom"},
				"west": {"uv": [14, 0, 15, 1], "texture": "#door_bottom", "cullface": "west"},
				"down": {"uv": [14, 0.5, 15, 1], "rotation": 270, "texture": "#door_bottom"}
			}
		},
		{
			"name": "2",
			"from": [-0.5, 15.5, 13.5],
			"to": [3.5, 16, 14],
			"faces": {
				"north": {"uv": [13.5, 0, 14, 0.5], "texture": "#door_bottom"},
				"east": {"uv": [14, 0, 13.5, 0.5], "texture": "#door_bottom"},
				"west": {"uv": [13.5, 0, 14, 0.5], "texture": "#door_bottom", "cullface": "west"},
				"down": {"uv": [13.5, 0, 14, 0.5], "texture": "#door_bottom"}
			}
		}
	],
	"groups": [
		{
			"name": "acacia_door_top",
			"origin": [8, 8, 8],
			"color": 0,
			"children": [
				{
					"name": "group",
					"origin": [8, 8, 8],
					"color": 0,
					"children": [0, 1,
						{
							"name": "vert",
							"origin": [8, 8, 8],
							"color": 0,
							"children": [2, 3]
						},
						{
							"name": "hor",
							"origin": [8, 8, 8],
							"color": 0,
							"children": [4, 5]
						},
						{
							"name": "handle",
							"origin": [8, 8, 8],
							"color": 0,
							"children": [6, 7, 8, 9]
						}
					]
				}
			]
		},
		{
			"name": "acacia_door_bottom",
			"origin": [8, 8, 8],
			"color": 0,
			"children": [
				{
					"name": "group",
					"origin": [8, 8, 8],
					"color": 0,
					"children": [10, 11,
						{
							"name": "hor",
							"origin": [8, 8, 8],
							"color": 0,
							"children": [12, 13]
						},
						{
							"name": "vert",
							"origin": [8, 8, 8],
							"color": 0,
							"children": [14, 15]
						}
					]
				},
				{
					"name": "handle",
					"origin": [8, 8, 8],
					"color": 0,
					"children": [16, 17]
				}
			]
		}
	]
}