{
	"credit": "Created by mullak99",
	"parent": "item/template_door",
	"textures": {
		"door_bottom": "block/bamboo_door_bottom",
		"side_bottom_hinge": "m99-ctm:block/doors/bamboo/side_bottom_hinge",
		"side_bottom": "m99-ctm:block/doors/bamboo/side_bottom",
		"bottom": "m99-ctm:block/doors/bamboo/bottom",
		"door_bottom_nohandle": "m99-ctm:block/doors/bamboo/front_bottom_nohandle",
		"particle": "block/bamboo_door_top",
		"door_top": "block/bamboo_door_top",
		"side_top_hinge": "m99-ctm:block/doors/bamboo/side_top_hinge",
		"side_top": "m99-ctm:block/doors/bamboo/side_top",
		"top": "m99-ctm:block/doors/bamboo/top"
	},
	"elements": [
		{
			"name": "north",
			"from": [0, 16, 0],
			"to": [3, 32, 3.5],
			"faces": {
				"north": {"uv": [0, 0, 3, 16], "texture": "#side_top_hinge", "cullface": "north"},
				"east": {"uv": [3.5, 0, 0, 16], "texture": "#door_top"},
				"south": {"uv": [0, 0, 3, 16], "texture": "#side_top"},
				"west": {"uv": [0, 0, 3.5, 16], "texture": "#door_top", "cullface": "west"},
				"up": {"uv": [12.5, 0, 16, 3], "rotation": 270, "texture": "#top", "cullface": "up"}
			}
		},
		{
			"name": "south",
			"from": [0, 16, 12.5],
			"to": [3, 32, 16],
			"faces": {
				"north": {"uv": [0, 0, 3, 16], "texture": "#side_top"},
				"east": {"uv": [16, 0, 12.5, 16], "texture": "#door_top"},
				"south": {"uv": [0, 0, 3, 16], "texture": "#side_top", "cullface": "south"},
				"west": {"uv": [12.5, 0, 16, 16], "texture": "#door_top", "cullface": "west"},
				"up": {"uv": [0, 0, 3.5, 3], "rotation": 270, "texture": "#top", "cullface": "up"}
			}
		},
		{
			"name": "top",
			"from": [0, 28.5, 3.5],
			"to": [3, 32, 12.5],
			"faces": {
				"east": {"uv": [12.5, 0, 3.5, 3.5], "texture": "#door_top"},
				"west": {"uv": [3.5, 0, 12.5, 3.5], "texture": "#door_top", "cullface": "west"},
				"up": {"uv": [3.5, 0, 12.5, 3], "rotation": 270, "texture": "#top", "cullface": "up"},
				"down": {"uv": [3.5, 0, 12.5, 3], "rotation": 270, "texture": "#top"}
			}
		},
		{
			"name": "bottom",
			"from": [0, 16, 3.5],
			"to": [3, 17, 12.5],
			"faces": {
				"east": {"uv": [12.5, 15, 3.5, 16], "texture": "#door_top"},
				"west": {"uv": [3.5, 15, 12.5, 16], "texture": "#door_top", "cullface": "west"},
				"up": {"uv": [3.5, 0, 12.5, 3], "rotation": 270, "texture": "#top"}
			}
		},
		{
			"name": "1",
			"from": [0.5, 17, 5.5],
			"to": [2.5, 28.5, 6],
			"faces": {
				"north": {"uv": [2.5, 0.5, 14, 2.5], "rotation": 270, "texture": "#top"},
				"east": {"uv": [6, 3.5, 5.5, 15], "texture": "#door_top"},
				"south": {"uv": [2.5, 0.5, 14, 2.5], "rotation": 270, "texture": "#top"},
				"west": {"uv": [5.5, 3.5, 6, 15], "texture": "#door_top"}
			}
		},
		{
			"name": "2",
			"from": [0.5, 17, 10],
			"to": [2.5, 28.5, 10.5],
			"faces": {
				"north": {"uv": [2.5, 0.5, 14, 2.5], "rotation": 270, "texture": "#top"},
				"east": {"uv": [10.5, 3.5, 10, 15], "texture": "#door_top"},
				"south": {"uv": [2.5, 0.5, 14, 2.5], "rotation": 270, "texture": "#top"},
				"west": {"uv": [10, 3.5, 10.5, 15], "texture": "#door_top"}
			}
		},
		{
			"name": "1",
			"from": [0.5, 26.5, 3.5],
			"to": [2.5, 27, 12.5],
			"faces": {
				"east": {"uv": [12.5, 5, 3.5, 5.5], "texture": "#door_top"},
				"west": {"uv": [3.5, 5, 12.5, 5.5], "texture": "#door_top"},
				"up": {"uv": [3.5, 0.5, 12.5, 2.5], "rotation": 270, "texture": "#top"},
				"down": {"uv": [3.5, 0.5, 12.5, 2.5], "rotation": 270, "texture": "#top"}
			}
		},
		{
			"name": "2",
			"from": [0.5, 24.5, 3.5],
			"to": [2.5, 25, 5.5],
			"faces": {
				"east": {"uv": [5.5, 7, 3.5, 7.5], "texture": "#door_top"},
				"west": {"uv": [3.5, 7, 5.5, 7.5], "texture": "#door_top"},
				"up": {"uv": [10.5, 0.5, 12.5, 2.5], "rotation": 270, "texture": "#top"},
				"down": {"uv": [3.5, 0.5, 5.5, 2.5], "rotation": 270, "texture": "#top"}
			}
		},
		{
			"name": "3",
			"from": [0.5, 22.5, 3.5],
			"to": [2.5, 23, 5.5],
			"faces": {
				"east": {"uv": [5.5, 9, 3.5, 9.5], "texture": "#door_top"},
				"west": {"uv": [3.5, 9, 5.5, 9.5], "texture": "#door_top"},
				"up": {"uv": [10.5, 0.5, 12.5, 2.5], "rotation": 270, "texture": "#top"},
				"down": {"uv": [3.5, 0.5, 5.5, 2.5], "rotation": 270, "texture": "#top"}
			}
		},
		{
			"name": "4",
			"from": [0.5, 20.5, 3.5],
			"to": [2.5, 21, 5.5],
			"faces": {
				"east": {"uv": [5.5, 11, 3.5, 11.5], "texture": "#door_top"},
				"west": {"uv": [3.5, 11, 5.5, 11.5], "texture": "#door_top"},
				"up": {"uv": [10.5, 0.5, 12.5, 2.5], "rotation": 270, "texture": "#top"},
				"down": {"uv": [3.5, 0.5, 5.5, 2.5], "rotation": 270, "texture": "#top"}
			}
		},
		{
			"name": "5",
			"from": [0.5, 24.5, 10.5],
			"to": [2.5, 25, 12.5],
			"faces": {
				"east": {"uv": [12.5, 7, 10.5, 7.5], "texture": "#door_top"},
				"west": {"uv": [10.5, 7, 12.5, 7.5], "texture": "#door_top"},
				"up": {"uv": [3.5, 0.5, 5.5, 2.5], "rotation": 270, "texture": "#top"},
				"down": {"uv": [10.5, 0.5, 12.5, 2.5], "rotation": 270, "texture": "#top"}
			}
		},
		{
			"name": "6",
			"from": [0.5, 22.5, 10.5],
			"to": [2.5, 23, 12.5],
			"faces": {
				"east": {"uv": [12.5, 9, 10.5, 9.5], "texture": "#door_top"},
				"west": {"uv": [10.5, 9, 12.5, 9.5], "texture": "#door_top"},
				"up": {"uv": [3.5, 0.5, 5.5, 2.5], "rotation": 270, "texture": "#top"},
				"down": {"uv": [10.5, 0.5, 12.5, 2.5], "rotation": 270, "texture": "#top"}
			}
		},
		{
			"name": "7",
			"from": [0.5, 20.5, 10.5],
			"to": [2.5, 21, 12.5],
			"faces": {
				"east": {"uv": [12.5, 11, 10.5, 11.5], "texture": "#door_top"},
				"west": {"uv": [10.5, 11, 12.5, 11.5], "texture": "#door_top"},
				"up": {"uv": [3.5, 0.5, 5.5, 2.5], "rotation": 270, "texture": "#top"},
				"down": {"uv": [10.5, 0.5, 12.5, 2.5], "rotation": 270, "texture": "#top"}
			}
		},
		{
			"name": "8",
			"from": [0.5, 18.5, 3.5],
			"to": [2.5, 19, 12.5],
			"faces": {
				"east": {"uv": [12.5, 13, 3.5, 13.5], "texture": "#door_top"},
				"west": {"uv": [3.5, 13, 12.5, 13.5], "texture": "#door_top"},
				"up": {"uv": [3.5, 0.5, 12.5, 2.5], "rotation": 270, "texture": "#top"},
				"down": {"uv": [3.5, 0.5, 12.5, 2.5], "rotation": 270, "texture": "#top"}
			}
		},
		{
			"name": "north",
			"from": [0, 0, 0],
			"to": [3, 16, 3.5],
			"faces": {
				"north": {"uv": [3, 0, 0, 16], "texture": "#side_bottom_hinge", "cullface": "north"},
				"east": {"uv": [3.5, 0, 0, 16], "texture": "#door_bottom_nohandle"},
				"south": {"uv": [0, 0, 3, 16], "texture": "#side_bottom"},
				"west": {"uv": [0, 0, 3.5, 16], "texture": "#door_bottom_nohandle", "cullface": "west"},
				"down": {"uv": [0, 0, 3.5, 3], "rotation": 270, "texture": "#bottom", "cullface": "down"}
			}
		},
		{
			"name": "south",
			"from": [0, 0, 12.5],
			"to": [3, 16, 16],
			"faces": {
				"north": {"uv": [3, 0, 0, 16], "texture": "#side_bottom"},
				"east": {"uv": [16, 0, 12.5, 16], "texture": "#door_bottom_nohandle"},
				"south": {"uv": [0, 0, 3, 16], "texture": "#side_bottom", "cullface": "south"},
				"west": {"uv": [12.5, 0, 16, 16], "texture": "#door_bottom_nohandle", "cullface": "west"},
				"down": {"uv": [0, 0, 3.5, 3], "rotation": 270, "texture": "#bottom", "cullface": "down"}
			}
		},
		{
			"name": "top",
			"from": [0, 13.5, 3.5],
			"to": [3, 16, 12.5],
			"faces": {
				"east": {"uv": [12.5, 0, 3.5, 2.5], "texture": "#door_bottom_nohandle"},
				"west": {"uv": [3.5, 0, 12.5, 2.5], "texture": "#door_bottom_nohandle", "cullface": "west"},
				"down": {"uv": [3.5, 0, 12.5, 3], "rotation": 270, "texture": "#bottom"}
			}
		},
		{
			"name": "bottom",
			"from": [0, 0, 3.5],
			"to": [3, 4, 12.5],
			"faces": {
				"east": {"uv": [12.5, 12, 3.5, 16], "texture": "#door_bottom_nohandle"},
				"west": {"uv": [3.5, 12, 12.5, 16], "texture": "#door_bottom_nohandle", "cullface": "west"},
				"up": {"uv": [3.5, 0, 12.5, 3], "rotation": 270, "texture": "#bottom"},
				"down": {"uv": [3.5, 0, 12.5, 3], "rotation": 270, "texture": "#bottom", "cullface": "down"}
			}
		},
		{
			"name": "inside",
			"from": [0.5, 4, 3.5],
			"to": [2.5, 13.5, 12.5],
			"faces": {
				"east": {"uv": [12.5, 2.5, 3.5, 12], "texture": "#door_bottom_nohandle"},
				"west": {"uv": [3.5, 2.5, 12.5, 12], "texture": "#door_bottom_nohandle"}
			}
		},
		{
			"name": "1",
			"from": [-0.25, 15.5, 11.5],
			"to": [3.25, 16, 13.5],
			"faces": {
				"north": {"uv": [11.5, 0, 12, 0.5], "texture": "#door_bottom"},
				"south": {"uv": [13, 0, 13.5, 0.5], "texture": "#door_bottom"},
				"up": {"uv": [11.5, 0, 13.5, 0.5], "texture": "#door_bottom"},
				"down": {"uv": [11.5, 0, 13.5, 0.5], "texture": "#door_bottom"}
			}
		},
		{
			"name": "1",
			"from": [-0.5, 15, 11.5],
			"to": [-0.25, 16, 13.5],
			"faces": {
				"north": {"uv": [11.5, 0, 12, 0.5], "texture": "#door_bottom", "cullface": "west"},
				"east": {"uv": [13.5, 0, 11.5, 1], "texture": "#door_bottom", "cullface": "west"},
				"south": {"uv": [13, 0, 13.5, 0.5], "texture": "#door_bottom", "cullface": "west"},
				"west": {"uv": [11.5, 0, 13.5, 1], "texture": "#door_bottom", "cullface": "west"},
				"up": {"uv": [11.5, 0, 13.5, 0.5], "rotation": 90, "texture": "#door_bottom", "cullface": "west"},
				"down": {"uv": [12, 0.5, 13, 1], "rotation": 270, "texture": "#door_bottom", "cullface": "west"}
			}
		},
		{
			"name": "2",
			"from": [-0.5, 12, 11.5],
			"to": [-0.25, 13, 13.5],
			"faces": {
				"north": {"uv": [11.5, 3.5, 12, 4], "texture": "#door_bottom", "cullface": "west"},
				"east": {"uv": [13.5, 3, 11.5, 4], "texture": "#door_bottom", "cullface": "west"},
				"south": {"uv": [13, 3.5, 13.5, 4], "texture": "#door_bottom", "cullface": "west"},
				"west": {"uv": [11.5, 3, 13.5, 4], "texture": "#door_bottom", "cullface": "west"},
				"up": {"uv": [12, 3, 13, 3.5], "rotation": 270, "texture": "#door_bottom", "cullface": "west"},
				"down": {"uv": [11.5, 3.5, 13.5, 4], "rotation": 270, "texture": "#door_bottom", "cullface": "west"}
			}
		},
		{
			"name": "3",
			"from": [-0.5, 13, 10.5],
			"to": [-0.25, 15, 11.5],
			"faces": {
				"north": {"uv": [10.5, 1, 11, 3], "texture": "#door_bottom", "cullface": "west"},
				"east": {"uv": [11.5, 1, 10.5, 3], "texture": "#door_bottom", "cullface": "west"},
				"south": {"uv": [11, 1.5, 11.5, 2.5], "texture": "#door_bottom", "cullface": "west"},
				"west": {"uv": [10.5, 1, 11.5, 3], "texture": "#door_bottom", "cullface": "west"},
				"up": {"uv": [10.5, 1, 11, 1.5], "texture": "#door_bottom", "cullface": "west"},
				"down": {"uv": [10.5, 2.5, 11, 3], "texture": "#door_bottom", "cullface": "west"}
			}
		},
		{
			"name": "4",
			"from": [-0.5, 13, 13.5],
			"to": [-0.25, 15, 14.5],
			"faces": {
				"north": {"uv": [13.5, 1.5, 14, 2.5], "texture": "#door_bottom", "cullface": "west"},
				"east": {"uv": [14.5, 1, 13.5, 3], "texture": "#door_bottom", "cullface": "west"},
				"south": {"uv": [14, 1, 14.5, 3], "texture": "#door_bottom", "cullface": "west"},
				"west": {"uv": [13.5, 1, 14.5, 3], "texture": "#door_bottom", "cullface": "west"},
				"up": {"uv": [14, 1, 14.5, 1.5], "texture": "#door_bottom", "cullface": "west"},
				"down": {"uv": [14, 2.5, 14.5, 3], "texture": "#door_bottom", "cullface": "west"}
			}
		},
		{
			"name": "5",
			"from": [-0.5, 14.5, 13],
			"to": [-0.25, 15.5, 14],
			"faces": {
				"north": {"uv": [13, 1, 13.5, 1.5], "texture": "#door_bottom", "cullface": "west"},
				"east": {"uv": [14, 0.5, 13, 1.5], "texture": "#door_bottom", "cullface": "west"},
				"south": {"uv": [13.5, 0.5, 14, 1], "texture": "#door_bottom", "cullface": "west"},
				"west": {"uv": [13, 0.5, 14, 1.5], "texture": "#door_bottom", "cullface": "west"},
				"up": {"uv": [13.5, 0.5, 14, 1], "texture": "#door_bottom", "cullface": "west"},
				"down": {"uv": [13, 1, 13.5, 1.5], "texture": "#door_bottom", "cullface": "west"}
			}
		},
		{
			"name": "6",
			"from": [-0.5, 14.5, 11],
			"to": [-0.25, 15.5, 12],
			"faces": {
				"north": {"uv": [11, 0.5, 11.5, 1], "texture": "#door_bottom", "cullface": "west"},
				"east": {"uv": [12, 0.5, 11, 1.5], "texture": "#door_bottom", "cullface": "west"},
				"south": {"uv": [11.5, 1, 12, 1.5], "texture": "#door_bottom", "cullface": "west"},
				"west": {"uv": [11, 0.5, 12, 1.5], "texture": "#door_bottom", "cullface": "west"},
				"up": {"uv": [11, 0.5, 11.5, 1], "texture": "#door_bottom", "cullface": "west"},
				"down": {"uv": [11.5, 1, 12, 1.5], "texture": "#door_bottom", "cullface": "west"}
			}
		},
		{
			"name": "7",
			"from": [-0.5, 12.5, 11],
			"to": [-0.25, 13.5, 12],
			"faces": {
				"north": {"uv": [11, 3, 11.5, 3.5], "texture": "#door_bottom", "cullface": "west"},
				"east": {"uv": [12, 2.5, 11, 3.5], "texture": "#door_bottom", "cullface": "west"},
				"south": {"uv": [11.5, 2.5, 12, 3], "texture": "#door_bottom", "cullface": "west"},
				"west": {"uv": [11, 2.5, 12, 3.5], "texture": "#door_bottom", "cullface": "west"},
				"up": {"uv": [11.5, 2.5, 12, 3], "texture": "#door_bottom", "cullface": "west"},
				"down": {"uv": [11, 3, 11.5, 3.5], "texture": "#door_bottom", "cullface": "west"}
			}
		},
		{
			"name": "8",
			"from": [-0.5, 12.5, 13],
			"to": [-0.25, 13.5, 14],
			"faces": {
				"north": {"uv": [13, 2.5, 13.5, 3], "texture": "#door_bottom", "cullface": "west"},
				"east": {"uv": [14, 2.5, 13, 3.5], "texture": "#door_bottom", "cullface": "west"},
				"south": {"uv": [13.5, 3, 14, 3.5], "texture": "#door_bottom", "cullface": "west"},
				"west": {"uv": [13, 2.5, 14, 3.5], "texture": "#door_bottom", "cullface": "west"},
				"up": {"uv": [13, 2.5, 13.5, 3], "texture": "#door_bottom", "cullface": "west"},
				"down": {"uv": [13.5, 3, 14, 3.5], "texture": "#door_bottom", "cullface": "west"}
			}
		},
		{
			"name": "1",
			"from": [3.25, 15, 11.5],
			"to": [3.5, 16, 13.5],
			"faces": {
				"north": {"uv": [11.5, 0, 12, 0.5], "texture": "#door_bottom"},
				"east": {"uv": [13.5, 0, 11.5, 1], "texture": "#door_bottom"},
				"south": {"uv": [13, 0, 13.5, 0.5], "texture": "#door_bottom"},
				"west": {"uv": [11.5, 0, 13.5, 1], "texture": "#door_bottom"},
				"up": {"uv": [11.5, 0, 13.5, 0.5], "rotation": 90, "texture": "#door_bottom", "cullface": "up"},
				"down": {"uv": [12, 0.5, 13, 1], "rotation": 270, "texture": "#door_bottom"}
			}
		},
		{
			"name": "2",
			"from": [3.25, 12, 11.5],
			"to": [3.5, 13, 13.5],
			"faces": {
				"north": {"uv": [11.5, 3.5, 12, 4], "texture": "#door_bottom"},
				"east": {"uv": [13.5, 3, 11.5, 4], "texture": "#door_bottom"},
				"south": {"uv": [13, 3.5, 13.5, 4], "texture": "#door_bottom"},
				"west": {"uv": [11.5, 3, 13.5, 4], "texture": "#door_bottom"},
				"up": {"uv": [12, 3, 13, 3.5], "rotation": 270, "texture": "#door_bottom"},
				"down": {"uv": [11.5, 3.5, 13.5, 4], "rotation": 270, "texture": "#door_bottom"}
			}
		},
		{
			"name": "3",
			"from": [3.25, 13, 10.5],
			"to": [3.5, 15, 11.5],
			"faces": {
				"north": {"uv": [10.5, 1, 11, 3], "texture": "#door_bottom"},
				"east": {"uv": [11.5, 1, 10.5, 3], "texture": "#door_bottom"},
				"south": {"uv": [11, 1.5, 11.5, 2.5], "texture": "#door_bottom"},
				"west": {"uv": [10.5, 1, 11.5, 3], "texture": "#door_bottom"},
				"up": {"uv": [10.5, 1, 11, 1.5], "texture": "#door_bottom"},
				"down": {"uv": [10.5, 2.5, 11, 3], "texture": "#door_bottom"}
			}
		},
		{
			"name": "4",
			"from": [3.25, 13, 13.5],
			"to": [3.5, 15, 14.5],
			"faces": {
				"north": {"uv": [13.5, 1.5, 14, 2.5], "texture": "#door_bottom"},
				"east": {"uv": [14.5, 1, 13.5, 3], "texture": "#door_bottom"},
				"south": {"uv": [14, 1, 14.5, 3], "texture": "#door_bottom"},
				"west": {"uv": [13.5, 1, 14.5, 3], "texture": "#door_bottom"},
				"up": {"uv": [14, 1, 14.5, 1.5], "texture": "#door_bottom"},
				"down": {"uv": [14, 2.5, 14.5, 3], "texture": "#door_bottom"}
			}
		},
		{
			"name": "4",
			"from": [3.25, 14.5, 13],
			"to": [3.5, 15.5, 14],
			"faces": {
				"north": {"uv": [13, 1, 13.5, 1.5], "texture": "#door_bottom"},
				"east": {"uv": [14, 0.5, 13, 1.5], "texture": "#door_bottom"},
				"south": {"uv": [13.5, 0.5, 14, 1], "texture": "#door_bottom"},
				"west": {"uv": [13, 0.5, 14, 1.5], "texture": "#door_bottom"},
				"up": {"uv": [13.5, 0.5, 14, 1], "texture": "#door_bottom"},
				"down": {"uv": [13, 1, 13.5, 1.5], "texture": "#door_bottom"}
			}
		},
		{
			"name": "5",
			"from": [3.25, 14.5, 11],
			"to": [3.5, 15.5, 12],
			"faces": {
				"north": {"uv": [11, 0.5, 11.5, 1], "texture": "#door_bottom"},
				"east": {"uv": [12, 0.5, 11, 1.5], "texture": "#door_bottom"},
				"south": {"uv": [11.5, 1, 12, 1.5], "texture": "#door_bottom"},
				"west": {"uv": [11, 0.5, 12, 1.5], "texture": "#door_bottom"},
				"up": {"uv": [11, 0.5, 11.5, 1], "texture": "#door_bottom"},
				"down": {"uv": [11.5, 1, 12, 1.5], "texture": "#door_bottom"}
			}
		},
		{
			"name": "6",
			"from": [3.25, 12.5, 11],
			"to": [3.5, 13.5, 12],
			"faces": {
				"north": {"uv": [11, 3, 11.5, 3.5], "texture": "#door_bottom"},
				"east": {"uv": [12, 2.5, 11, 3.5], "texture": "#door_bottom"},
				"south": {"uv": [11.5, 2.5, 12, 3], "texture": "#door_bottom"},
				"west": {"uv": [11, 2.5, 12, 3.5], "texture": "#door_bottom"},
				"up": {"uv": [11.5, 2.5, 12, 3], "texture": "#door_bottom"},
				"down": {"uv": [11, 3, 11.5, 3.5], "texture": "#door_bottom"}
			}
		},
		{
			"name": "7",
			"from": [3.25, 12.5, 13],
			"to": [3.5, 13.5, 14],
			"faces": {
				"north": {"uv": [13, 2.5, 13.5, 3], "texture": "#door_bottom"},
				"east": {"uv": [14, 2.5, 13, 3.5], "texture": "#door_bottom"},
				"south": {"uv": [13.5, 3, 14, 3.5], "texture": "#door_bottom"},
				"west": {"uv": [13, 2.5, 14, 3.5], "texture": "#door_bottom"},
				"up": {"uv": [13, 2.5, 13.5, 3], "texture": "#door_bottom"},
				"down": {"uv": [13.5, 3, 14, 3.5], "texture": "#door_bottom"}
			}
		}
	],
	"groups": [
		{
			"name": "bamboo_door_top",
			"origin": [8, 8, 8],
			"color": 0,
			"children": [
				{
					"name": "group",
					"origin": [8, 8, 8],
					"color": 0,
					"children": [
						0,
						1,
						2,
						3,
						{
							"name": "inside",
							"origin": [8, 8, 8],
							"color": 0,
							"children": [
								{
									"name": "vert",
									"origin": [0, 0, 0],
									"color": 0,
									"children": [4, 5]
								},
								{
									"name": "hor",
									"origin": [0, 0, 0],
									"color": 0,
									"children": [6, 7, 8, 9, 10, 11, 12, 13]
								}
							]
						}
					]
				}
			]
		},
		{
			"name": "bamboo_door_bottom",
			"origin": [8, 8, 8],
			"color": 0,
			"children": [
				14,
				15,
				16,
				17,
				18,
				{
					"name": "handle",
					"origin": [8, 8, 8],
					"color": 0,
					"children": [
						19,
						{
							"name": "handle1",
							"origin": [8, 8, 8],
							"color": 0,
							"children": [20, 21, 22, 23, 24, 25, 26, 27]
						},
						{
							"name": "handle2",
							"origin": [8, 8, 8],
							"color": 0,
							"children": [28, 29, 30, 31, 32, 33, 34, 35]
						}
					]
				}
			]
		}
	]
}