{
	"credit": "Created by mullak99",
	"parent": "item/template_door",
	"textures": {
		"door_bottom": "block/birch_door_bottom",
		"side_bottom": "m99-ctm:block/doors/birch/side_bottom",
		"side_bottom_hinge": "m99-ctm:block/doors/birch/side_bottom_hinge",
		"bottom": "m99-ctm:block/doors/birch/bottom",
		"particle": "block/birch_door_top",
		"door_top": "block/birch_door_top",
		"side_top": "m99-ctm:block/doors/birch/side_top",
		"side_top_hinge": "m99-ctm:block/doors/birch/side_top_hinge",
		"top": "m99-ctm:block/doors/birch/top"
	},
	"elements": [
		{
			"name": "1",
			"from": [0, 16, 0],
			"to": [3, 23, 3],
			"faces": {
				"north": {"uv": [3, 9, 0, 16], "texture": "#side_top_hinge", "cullface": "north"},
				"east": {"uv": [3, 9, 0, 16], "texture": "#door_top"},
				"south": {"uv": [0, 9, 3, 16], "texture": "#side_top"},
				"west": {"uv": [0, 9, 3, 16], "texture": "#door_top", "cullface": "west"}
			}
		},
		{
			"name": "2",
			"from": [0, 23, 0],
			"to": [3, 29, 3],
			"faces": {
				"north": {"uv": [3, 3, 0, 9], "texture": "#side_top_hinge", "cullface": "north"},
				"east": {"uv": [3, 3, 0, 9], "texture": "#door_top"},
				"south": {"uv": [0, 3, 3, 9], "texture": "#side_top"},
				"west": {"uv": [0, 3, 3, 9], "texture": "#door_top", "cullface": "west"}
			}
		},
		{
			"name": "1",
			"from": [0, 16, 13],
			"to": [3, 23, 16],
			"faces": {
				"north": {"uv": [3, 9, 0, 16], "texture": "#side_top"},
				"east": {"uv": [16, 9, 13, 16], "texture": "#door_top"},
				"south": {"uv": [0, 9, 3, 16], "texture": "#side_top", "cullface": "south"},
				"west": {"uv": [13, 9, 16, 16], "texture": "#door_top", "cullface": "west"}
			}
		},
		{
			"name": "2",
			"from": [0, 23, 13],
			"to": [3, 29, 16],
			"faces": {
				"north": {"uv": [3, 3, 0, 9], "texture": "#side_top"},
				"east": {"uv": [16, 3, 13, 9], "texture": "#door_top"},
				"south": {"uv": [0, 3, 3, 9], "texture": "#side_top", "cullface": "south"},
				"west": {"uv": [13, 3, 16, 9], "texture": "#door_top", "cullface": "west"}
			}
		},
		{
			"name": "top",
			"from": [0, 29, 0],
			"to": [3, 32, 16],
			"faces": {
				"north": {"uv": [3, 0, 0, 3], "texture": "#side_top_hinge", "cullface": "north"},
				"east": {"uv": [16, 0, 0, 3], "texture": "#door_top"},
				"south": {"uv": [0, 0, 3, 3], "texture": "#side_top", "cullface": "south"},
				"west": {"uv": [0, 0, 16, 3], "texture": "#door_top", "cullface": "west"},
				"up": {"uv": [0, 0, 16, 3], "rotation": 90, "texture": "#top", "cullface": "up"},
				"down": {"uv": [0, 0, 16, 3], "rotation": 270, "texture": "#top"}
			}
		},
		{
			"name": "internal",
			"from": [1, 16, 3],
			"to": [2, 29, 13],
			"faces": {
				"east": {"uv": [13, 3, 3, 16], "texture": "#door_top"},
				"west": {"uv": [3, 3, 13, 16], "texture": "#door_top"}
			}
		},
		{
			"name": "1",
			"from": [-0.5, 16, 14],
			"to": [3.5, 18, 15],
			"faces": {
				"north": {"uv": [14, 14, 14.5, 16], "texture": "#door_top"},
				"east": {"uv": [15, 14, 14, 16], "texture": "#door_top"},
				"south": {"uv": [14.5, 14, 15, 16], "texture": "#door_top"},
				"west": {"uv": [14, 14, 15, 16], "texture": "#door_top", "cullface": "west"},
				"up": {"uv": [14, 14, 15, 14.5], "texture": "#door_top"},
				"down": {"uv": [14, 15.5, 15, 16], "texture": "#door_top", "cullface": "down"}
			}
		},
		{
			"name": "internal",
			"from": [1, 12, 3],
			"to": [2, 16, 13],
			"faces": {
				"east": {"uv": [13, 0, 3, 4], "texture": "#door_bottom"},
				"west": {"uv": [3, 0, 13, 4], "texture": "#door_bottom"}
			}
		},
		{
			"name": "main",
			"from": [0, 0, 3],
			"to": [3, 12, 13],
			"faces": {
				"east": {"uv": [13, 4, 3, 16], "texture": "#door_bottom"},
				"west": {"uv": [3, 4, 13, 16], "texture": "#door_bottom", "cullface": "west"},
				"up": {"uv": [3, 0, 13, 3], "rotation": 90, "texture": "#bottom"},
				"down": {"uv": [3, 0, 13, 3], "rotation": 270, "texture": "#bottom", "cullface": "down"}
			}
		},
		{
			"name": "1",
			"from": [0, 0, 0],
			"to": [3, 12, 3],
			"faces": {
				"north": {"uv": [3, 4, 0, 16], "texture": "#side_bottom_hinge", "cullface": "north"},
				"east": {"uv": [3, 4, 0, 16], "texture": "#door_bottom"},
				"west": {"uv": [0, 4, 3, 16], "texture": "#door_bottom", "cullface": "west"},
				"down": {"uv": [0, 0, 3, 3], "rotation": 270, "texture": "#bottom", "cullface": "down"}
			}
		},
		{
			"name": "2",
			"from": [0, 12, 0],
			"to": [3, 16, 3],
			"faces": {
				"north": {"uv": [3, 0, 0, 4], "texture": "#side_bottom_hinge", "cullface": "north"},
				"east": {"uv": [3, 0, 0, 4], "texture": "#door_bottom"},
				"south": {"uv": [0, 0, 3, 4], "texture": "#side_bottom"},
				"west": {"uv": [0, 0, 3, 4], "texture": "#door_bottom", "cullface": "west"}
			}
		},
		{
			"name": "1",
			"from": [0, 0, 13],
			"to": [3, 12, 16],
			"faces": {
				"east": {"uv": [16, 4, 13, 16], "texture": "#door_bottom"},
				"south": {"uv": [0, 4, 3, 16], "texture": "#side_bottom", "cullface": "south"},
				"west": {"uv": [13, 4, 16, 16], "texture": "#door_bottom", "cullface": "west"},
				"down": {"uv": [13, 0, 16, 3], "rotation": 270, "texture": "#bottom", "cullface": "down"}
			}
		},
		{
			"name": "2",
			"from": [0, 12, 13],
			"to": [3, 16, 16],
			"faces": {
				"north": {"uv": [3, 0, 0, 4], "texture": "#side_bottom"},
				"east": {"uv": [16, 0, 13, 4], "texture": "#door_bottom"},
				"south": {"uv": [0, 0, 3, 4], "texture": "#side_bottom", "cullface": "south"},
				"west": {"uv": [13, 0, 16, 4], "texture": "#door_bottom", "cullface": "west"}
			}
		}
	],
	"groups": [
		{
			"name": "birch_door_top",
			"origin": [8, 8, 8],
			"color": 0,
			"children": [
				{
					"name": "group",
					"origin": [8, 8, 8],
					"color": 0,
					"children": [
						{
							"name": "left",
							"origin": [8, 8, 8],
							"color": 0,
							"children": [0, 1]
						},
						{
							"name": "right",
							"origin": [8, 8, 8],
							"color": 0,
							"children": [2, 3]
						}, 4, 5,
						{
							"name": "handle",
							"origin": [8, 8, 8],
							"color": 0,
							"children": [6]
						}
					]
				}
			]
		},
		{
			"name": "birch_door_bottom",
			"origin": [8, 8, 8],
			"color": 0,
			"children": [
				{
					"name": "group",
					"origin": [8, 8, 8],
					"color": 0,
					"children": [7, 8,
						{
							"name": "left",
							"origin": [8, 8, 8],
							"color": 0,
							"children": [9, 10]
						},
						{
							"name": "right",
							"origin": [8, 8, 8],
							"color": 0,
							"children": [11, 12]
						}
					]
				}
			]
		}
	]
}