{
	"credit": "Created by mullak99",
	"parent": "item/template_door",
	"textures": {
		"door_bottom": "block/crimson_door_bottom",
		"bottom": "m99-ctm:block/doors/crimson/bottom",
		"side_bottom": "m99-ctm:block/doors/crimson/side_bottom",
		"side_bottom_hinge": "m99-ctm:block/doors/crimson/side_bottom_hinge",
		"particle": "block/crimson_door_top",
		"door_top": "block/crimson_door_top",
		"side_top": "m99-ctm:block/doors/crimson/side_top",
		"side_top_hinge": "m99-ctm:block/doors/crimson/side_top_hinge",
		"top": "m99-ctm:block/doors/crimson/top"
	},
	"elements": [
		{
			"name": "west",
			"from": [-0.5, 5.5, 0],
			"to": [0, 11.5, 16],
			"faces": {
				"north": {"uv": [0, 4.5, 0.5, 10.5], "texture": "#door_bottom", "cullface": "west"},
				"south": {"uv": [15.5, 4.5, 16, 10.5], "texture": "#door_bottom", "cullface": "west"},
				"west": {"uv": [0, 4.5, 16, 10.5], "texture": "#door_bottom", "cullface": "west"},
				"up": {"uv": [0, 4.5, 16, 5], "rotation": 90, "texture": "#door_bottom", "cullface": "west"},
				"down": {"uv": [16, 10.5, 0, 11], "rotation": 90, "texture": "#door_bottom", "cullface": "west"}
			}
		},
		{
			"name": "main",
			"from": [0, 0, 0],
			"to": [3, 16, 16],
			"faces": {
				"north": {"uv": [3, 0, 0, 16], "texture": "#side_bottom_hinge", "cullface": "north"},
				"east": {"uv": [16, 0, 0, 16], "texture": "#door_bottom"},
				"south": {"uv": [0, 0, 3, 16], "texture": "#side_bottom", "cullface": "south"},
				"west": {"uv": [0, 0, 16, 16], "texture": "#door_bottom", "cullface": "west"},
				"down": {"uv": [0, 0, 16, 3], "rotation": 270, "texture": "#bottom", "cullface": "down"}
			}
		},
		{
			"name": "east",
			"from": [3, 5.5, 0],
			"to": [3.5, 11.5, 16],
			"faces": {
				"north": {"uv": [0, 4.5, 0.5, 10.5], "texture": "#door_bottom", "cullface": "north"},
				"east": {"uv": [16, 4.5, 0, 10.5], "texture": "#door_bottom"},
				"south": {"uv": [15.5, 4.5, 16, 10.5], "texture": "#door_bottom", "cullface": "south"},
				"up": {"uv": [16, 4.5, 0, 5], "rotation": 270, "texture": "#door_bottom"},
				"down": {"uv": [0, 10.5, 16, 11], "rotation": 270, "texture": "#door_bottom"}
			}
		},
		{
			"name": "1",
			"from": [-0.5, 15, 11.5],
			"to": [3.5, 15.5, 14],
			"rotation": {"angle": 0, "axis": "y", "origin": [8, 23, 19.5]},
			"faces": {
				"north": {"uv": [11.5, 0.5, 12, 1], "texture": "#door_bottom"},
				"east": {"uv": [14, 0.5, 11.5, 1], "texture": "#door_bottom"},
				"south": {"uv": [13.5, 0.5, 14, 1], "texture": "#door_bottom"},
				"west": {"uv": [11.5, 0.5, 14, 1], "texture": "#door_bottom", "cullface": "west"},
				"down": {"uv": [11.5, 0.5, 14, 1], "rotation": 90, "texture": "#door_bottom"}
			}
		},
		{
			"name": "2",
			"from": [-0.5, 15.5, 11],
			"to": [3.5, 16, 14.5],
			"rotation": {"angle": 0, "axis": "y", "origin": [8, 23, 19.5]},
			"faces": {
				"north": {"uv": [11, 0, 11.5, 0.5], "texture": "#door_bottom"},
				"east": {"uv": [14.5, 0, 11, 0.5], "texture": "#door_bottom"},
				"south": {"uv": [14, 0, 14.5, 0.5], "texture": "#door_bottom"},
				"west": {"uv": [11, 0, 14.5, 0.5], "texture": "#door_bottom", "cullface": "west"},
				"down": {"uv": [11, 0, 14.5, 0.5], "rotation": 90, "texture": "#door_bottom"}
			}
		},
		{
			"name": "west",
			"from": [-0.5, 21.5, 0],
			"to": [0, 28, 16],
			"faces": {
				"north": {"uv": [0, 4, 0.5, 10.5], "texture": "#door_top", "cullface": "west"},
				"south": {"uv": [15.5, 4, 16, 10.5], "texture": "#door_top", "cullface": "west"},
				"west": {"uv": [0, 4, 16, 10.5], "texture": "#door_top", "cullface": "west"},
				"up": {"uv": [0, 4, 16, 4.5], "rotation": 90, "texture": "#door_top", "cullface": "west"},
				"down": {"uv": [16, 10, 0, 10.5], "rotation": 90, "texture": "#door_top", "cullface": "west"}
			}
		},
		{
			"name": "main",
			"from": [0, 16, 0],
			"to": [3, 32, 16],
			"faces": {
				"north": {"uv": [3, 0, 0, 16], "texture": "#side_top_hinge", "cullface": "north"},
				"east": {"uv": [16, 0, 0, 16], "texture": "#door_top"},
				"south": {"uv": [0, 0, 3, 16], "texture": "#side_top", "cullface": "south"},
				"west": {"uv": [0, 0, 16, 16], "texture": "#door_top", "cullface": "west"},
				"up": {"uv": [0, 0, 16, 3], "rotation": 270, "texture": "#top", "cullface": "up"}
			}
		},
		{
			"name": "east",
			"from": [3, 21.5, 0],
			"to": [3.5, 28, 16],
			"faces": {
				"north": {"uv": [0, 4, 0.5, 10.5], "texture": "#door_top", "cullface": "north"},
				"east": {"uv": [16, 4, 0, 10.5], "texture": "#door_top"},
				"south": {"uv": [15.5, 4, 16, 10.5], "texture": "#door_top", "cullface": "south"},
				"up": {"uv": [16, 4, 0, 4.5], "rotation": 270, "texture": "#door_top"},
				"down": {"uv": [0, 10, 16, 10.5], "rotation": 270, "texture": "#door_top"}
			}
		},
		{
			"name": "1",
			"from": [-0.5, 16, 10.5],
			"to": [3.5, 18, 15],
			"faces": {
				"north": {"uv": [10.5, 14, 11, 16], "texture": "#door_top"},
				"east": {"uv": [15, 14, 10.5, 16], "texture": "#door_top"},
				"south": {"uv": [14.5, 14, 15, 16], "texture": "#door_top"},
				"west": {"uv": [10.5, 14, 15, 16], "texture": "#door_top", "cullface": "west"},
				"up": {"uv": [10.5, 14, 15, 14.5], "rotation": 90, "texture": "#door_top"}
			}
		}
	],
	"groups": [
		{
			"name": "crimson_door_bottom",
			"origin": [8, 8, 8],
			"color": 0,
			"children": [
				{
					"name": "group",
					"origin": [8, 8, 8],
					"color": 0,
					"children": [0, 1, 2,
						{
							"name": "handle",
							"origin": [8, 8, 8],
							"color": 0,
							"children": [3, 4]
						}
					]
				}
			]
		},
		{
			"name": "crimson_door_top",
			"origin": [8, 8, 8],
			"color": 0,
			"children": [
				{
					"name": "group",
					"origin": [8, 8, 8],
					"color": 0,
					"children": [5, 6, 7,
						{
							"name": "handle",
							"origin": [8, 8, 8],
							"color": 0,
							"children": [8]
						}
					]
				}
			]
		}
	]
}