{
	"credit": "Created by mullak99",
	"ambientocclusion": false,
	"textures": {
		"minecart": "m99-ctm:item/minecart",
		"particle": "block/hopper_outside",
		"hopper_side": "block/hopper_outside",
		"hopper_inside": "block/hopper_inside",
		"hopper_top": "block/hopper_top"
	},
	"elements": [
		{
			"name": "base",
			"from": [0, 0, 0],
			"to": [20, 2, 16],
			"faces": {
				"north": {"uv": [0.5, 2.5, 5.5, 3], "texture": "#minecart"},
				"east": {"uv": [0, 3, 0.5, 7], "rotation": 270, "texture": "#minecart"},
				"south": {"uv": [5.5, 2.5, 10.5, 3], "texture": "#minecart"},
				"west": {"uv": [5.5, 3, 6, 7], "rotation": 270, "texture": "#minecart"},
				"up": {"uv": [6, 3, 11, 7], "texture": "#minecart"},
				"down": {"uv": [0.5, 3, 5.5, 7], "texture": "#minecart"}
			}
		},
		{
			"name": "north",
			"from": [2, 2, 0],
			"to": [18, 10, 2],
			"faces": {
				"north": {"uv": [4.75, 0.5, 9, 2.5], "texture": "#minecart"},
				"south": {"uv": [0.5, 0.5, 4.5, 2.5], "texture": "#minecart"},
				"up": {"uv": [0.5, 0, 4.5, 0.5], "texture": "#minecart"}
			}
		},
		{
			"name": "east",
			"from": [18, 2, 0],
			"to": [20, 10, 16],
			"faces": {
				"north": {"uv": [4.5, 0.5, 5, 2.5], "texture": "#minecart"},
				"east": {"uv": [5, 0.5, 9, 2.5], "texture": "#minecart"},
				"south": {"uv": [0, 0.5, 0.5, 2.5], "texture": "#minecart"},
				"west": {"uv": [0.5, 0.5, 4.5, 2.5], "texture": "#minecart"},
				"up": {"uv": [0.5, 0, 4.5, 0.5], "rotation": 90, "texture": "#minecart"}
			}
		},
		{
			"name": "south",
			"from": [1.9999, 2, 13.9999],
			"to": [17.9999, 10, 15.9999],
			"faces": {
				"north": {"uv": [0.5, 0.5, 4.5, 2.5], "texture": "#minecart"},
				"south": {"uv": [5, 0.5, 9, 2.5], "texture": "#minecart"},
				"up": {"uv": [0.5, 0, 4.5, 0.5], "rotation": 180, "texture": "#minecart"}
			}
		},
		{
			"name": "west",
			"from": [0, 2, 0],
			"to": [2, 10, 16],
			"faces": {
				"north": {"uv": [4.5, 0.5, 5, 2.5], "texture": "#minecart"},
				"east": {"uv": [0.5, 0.5, 4.5, 2.5], "texture": "#minecart"},
				"south": {"uv": [0, 0.5, 0.5, 2.5], "texture": "#minecart"},
				"west": {"uv": [5, 0.5, 9, 2.5], "texture": "#minecart"},
				"up": {"uv": [0.5, 0, 4.5, 0.5], "rotation": 270, "texture": "#minecart"}
			}
		},
		{
			"name": "north",
			"from": [5.5, 8, 2],
			"to": [14.5, 11.5, 3.5],
			"faces": {
				"north": {"uv": [2, 0, 14, 5], "texture": "#hopper_side"},
				"east": {"uv": [14, 0, 16, 5], "texture": "#hopper_side"},
				"south": {"uv": [2, 0, 14, 5], "texture": "#hopper_side"},
				"west": {"uv": [0, 0, 2, 5], "texture": "#hopper_side"},
				"up": {"uv": [2, 0, 14, 2], "texture": "#hopper_top"},
				"down": {"uv": [2, 14, 14, 16], "texture": "#hopper_side"}
			}
		},
		{
			"name": "east",
			"from": [14.5, 8, 2],
			"to": [16, 11.5, 14],
			"faces": {
				"north": {"uv": [0, 0, 2, 5], "texture": "#hopper_side"},
				"east": {"uv": [0, 0, 16, 5], "texture": "#hopper_side"},
				"south": {"uv": [14, 0, 16, 5], "texture": "#hopper_side"},
				"west": {"uv": [0, 0, 16, 5], "texture": "#hopper_side"},
				"up": {"uv": [14, 0, 16, 16], "texture": "#hopper_top"},
				"down": {"uv": [14, 0, 16, 16], "texture": "#hopper_side"}
			}
		},
		{
			"name": "south",
			"from": [5.5, 8, 12.5],
			"to": [14.5, 11.5, 14],
			"faces": {
				"north": {"uv": [2, 0, 14, 5], "texture": "#hopper_side"},
				"east": {"uv": [0, 0, 2, 5], "texture": "#hopper_side"},
				"south": {"uv": [2, 0, 14, 5], "texture": "#hopper_side"},
				"west": {"uv": [14, 0, 16, 5], "texture": "#hopper_side"},
				"up": {"uv": [2, 14, 14, 16], "texture": "#hopper_top"},
				"down": {"uv": [2, 0, 14, 2], "texture": "#hopper_side"}
			}
		},
		{
			"name": "west",
			"from": [4, 8, 2],
			"to": [5.5, 11.5, 14],
			"faces": {
				"north": {"uv": [14, 0, 16, 5], "texture": "#hopper_side"},
				"east": {"uv": [0, 0, 16, 5], "texture": "#hopper_side"},
				"south": {"uv": [0, 0, 2, 5], "texture": "#hopper_side"},
				"west": {"uv": [0, 0, 16, 5], "texture": "#hopper_side"},
				"up": {"uv": [0, 0, 2, 16], "texture": "#hopper_top"},
				"down": {"uv": [0, 0, 2, 16], "texture": "#hopper_side"}
			}
		},
		{
			"name": "inside",
			"from": [4, 7, 2],
			"to": [16, 8, 14],
			"faces": {
				"north": {"uv": [0, 5, 16, 6], "texture": "#hopper_side"},
				"east": {"uv": [0, 5, 16, 6], "texture": "#hopper_side"},
				"south": {"uv": [0, 5, 16, 6], "texture": "#hopper_side"},
				"west": {"uv": [0, 5, 16, 6], "texture": "#hopper_side"},
				"up": {"uv": [0, 0, 16, 16], "texture": "#hopper_inside"},
				"down": {"uv": [0, 0, 16, 16], "texture": "#hopper_side"}
			}
		},
		{
			"name": "1",
			"from": [7, 3, 4],
			"to": [13, 7, 12],
			"faces": {
				"north": {"uv": [4, 6, 12, 12], "texture": "#hopper_side"},
				"east": {"uv": [4, 6, 12, 12], "texture": "#hopper_side"},
				"south": {"uv": [4, 6, 12, 12], "texture": "#hopper_side"},
				"west": {"uv": [4, 6, 12, 12], "texture": "#hopper_side"},
				"up": {"uv": [4, 4, 12, 12], "texture": "#hopper_side"},
				"down": {"uv": [4, 4, 12, 12], "texture": "#hopper_side"}
			}
		},
		{
			"name": "2",
			"from": [8, 0.5, 6],
			"to": [12, 3, 10],
			"faces": {
				"north": {"uv": [6, 12, 10, 16], "texture": "#hopper_side"},
				"east": {"uv": [6, 12, 10, 16], "texture": "#hopper_side"},
				"south": {"uv": [6, 12, 10, 16], "texture": "#hopper_side"},
				"west": {"uv": [6, 12, 10, 16], "texture": "#hopper_side"},
				"up": {"uv": [6, 6, 10, 10], "texture": "#hopper_side"}
			}
		}
	],
	"display": {
		"thirdperson_righthand": {
			"rotation": [78, 45, 0],
			"translation": [0.25, 3, 1],
			"scale": [0.325, 0.325, 0.325]
		},
		"thirdperson_lefthand": {
			"rotation": [78, 45, 0],
			"translation": [1, 4, 1],
			"scale": [0.325, 0.325, 0.325]
		},
		"firstperson_righthand": {
			"rotation": [1, 100, 0],
			"translation": [0, 0.6, 0],
			"scale": [0.4, 0.4, 0.4]
		},
		"firstperson_lefthand": {
			"rotation": [1, -80, 0],
			"translation": [0, 0.6, 1.5],
			"scale": [0.4, 0.4, 0.4]
		},
		"ground": {
			"translation": [0, 3, 0],
			"scale": [0.3, 0.3, 0.3]
		},
		"gui": {
			"rotation": [30, 225, 0],
			"translation": [0.75, 1.25, 0],
			"scale": [0.55, 0.55, 0.55]
		},
		"head": {
			"translation": [-1.625, 0.62563, 0]
		},
		"fixed": {
			"translation": [-0.75, 1.5, 0.75],
			"scale": [0.6, 0.6, 0.6]
		}
	},
	"groups": [
		{
			"name": "minecart",
			"origin": [8, 8, 8],
			"color": 0,
			"children": [0, 1, 2, 3, 4]
		},
		{
			"name": "hopper",
			"origin": [8, 8, 8],
			"color": 0,
			"children": [
				5,
				6,
				7,
				8,
				9,
				{
					"name": "funnel",
					"origin": [8, 8, 8],
					"color": 0,
					"children": [10, 11]
				}
			]
		}
	]
}