{
	"credit": "Created by mullak99",
	"parent": "item/template_door",
	"textures": {
		"door_bottom": "block/iron_door_bottom",
		"bottom": "m99-ctm:block/doors/iron/bottom",
		"side_bottom": "m99-ctm:block/doors/iron/side_bottom",
		"side_bottom_hinge": "m99-ctm:block/doors/iron/side_bottom_hinge",
		"particle": "block/iron_door_top",
		"door_top": "block/iron_door_top",
		"side_top": "m99-ctm:block/doors/iron/side_top",
		"side_top_hinge": "m99-ctm:block/doors/iron/side_top_hinge",
		"top": "m99-ctm:block/doors/iron/top"
	},
	"elements": [
		{
			"name": "left",
			"from": [0, 16, 0],
			"to": [3, 32, 3],
			"faces": {
				"north": {"uv": [3, 0, 0, 16], "texture": "#side_top_hinge", "cullface": "north"},
				"east": {"uv": [3, 0, 0, 16], "texture": "#door_top"},
				"south": {"uv": [0, 0, 3, 16], "texture": "#side_top"},
				"west": {"uv": [0, 0, 3, 16], "texture": "#door_top", "cullface": "west"},
				"up": {"uv": [0, 3, 3, 0], "rotation": 90, "texture": "#top", "cullface": "up"}
			}
		},
		{
			"name": "right",
			"from": [0, 16, 13],
			"to": [3, 32, 16],
			"faces": {
				"north": {"uv": [3, 0, 0, 16], "texture": "#side_top"},
				"east": {"uv": [16, 0, 13, 16], "texture": "#door_top"},
				"south": {"uv": [0, 0, 3, 16], "texture": "#side_top", "cullface": "south"},
				"west": {"uv": [13, 0, 16, 16], "texture": "#door_top", "cullface": "west"},
				"up": {"uv": [13, 3, 16, 0], "rotation": 90, "texture": "#top", "cullface": "up"}
			}
		},
		{
			"name": "hor",
			"from": [0, 16, 7],
			"to": [3, 29, 9],
			"faces": {
				"north": {"uv": [3, 3, 0, 16], "texture": "#side_top"},
				"east": {"uv": [9, 3, 7, 16], "texture": "#door_top"},
				"south": {"uv": [0, 3, 3, 16], "texture": "#side_top"},
				"west": {"uv": [7, 3, 9, 16], "texture": "#door_top", "cullface": "west"}
			}
		},
		{
			"name": "1",
			"from": [0, 18, 3],
			"to": [3, 21, 13],
			"faces": {
				"east": {"uv": [13, 11, 3, 14], "texture": "#door_top"},
				"west": {"uv": [3, 11, 13, 14], "texture": "#door_top", "cullface": "west"},
				"up": {"uv": [3, 3, 13, 0], "rotation": 90, "texture": "#top"},
				"down": {"uv": [3, 3, 13, 0], "rotation": 90, "texture": "#top"}
			}
		},
		{
			"name": "2",
			"from": [0, 24, 3],
			"to": [3, 26, 13],
			"faces": {
				"east": {"uv": [13, 6, 3, 8], "texture": "#door_top"},
				"west": {"uv": [3, 6, 13, 8], "texture": "#door_top", "cullface": "west"},
				"up": {"uv": [3, 3, 13, 0], "rotation": 90, "texture": "#top"},
				"down": {"uv": [3, 3, 13, 0], "rotation": 90, "texture": "#top"}
			}
		},
		{
			"name": "3",
			"from": [0, 29, 3],
			"to": [3, 32, 13],
			"faces": {
				"east": {"uv": [13, 0, 3, 3], "texture": "#door_top"},
				"west": {"uv": [3, 0, 13, 3], "texture": "#door_top", "cullface": "west"},
				"up": {"uv": [3, 3, 13, 0], "rotation": 90, "texture": "#top", "cullface": "up"},
				"down": {"uv": [3, 3, 13, 0], "rotation": 90, "texture": "#top"}
			}
		},
		{
			"name": "internal",
			"from": [1, 16, 3],
			"to": [2, 18, 13],
			"faces": {
				"east": {"uv": [13, 14, 3, 16], "texture": "#door_top"},
				"west": {"uv": [3, 14, 13, 16], "texture": "#door_top"}
			}
		},
		{
			"name": "left",
			"from": [0, 0, 0],
			"to": [3, 16, 3],
			"faces": {
				"north": {"uv": [3, 0, 0, 16], "texture": "#side_bottom_hinge", "cullface": "north"},
				"east": {"uv": [3, 0, 0, 16], "texture": "#door_bottom"},
				"south": {"uv": [0, 0, 3, 16], "texture": "#side_bottom"},
				"west": {"uv": [0, 0, 3, 16], "texture": "#door_bottom", "cullface": "west"},
				"down": {"uv": [0, 0, 3, 3], "rotation": 270, "texture": "#bottom", "cullface": "down"}
			}
		},
		{
			"name": "right",
			"from": [0, 0, 13],
			"to": [3, 16, 16],
			"faces": {
				"north": {"uv": [3, 0, 0, 16], "texture": "#side_bottom"},
				"east": {"uv": [16, 0, 13, 16], "texture": "#door_bottom"},
				"south": {"uv": [0, 0, 3, 16], "texture": "#side_bottom", "cullface": "south"},
				"west": {"uv": [13, 0, 16, 16], "texture": "#door_bottom", "cullface": "west"},
				"down": {"uv": [13, 0, 16, 3], "rotation": 270, "texture": "#bottom", "cullface": "down"}
			}
		},
		{
			"name": "internal",
			"from": [1, 3, 3],
			"to": [2, 16, 13],
			"faces": {
				"east": {"uv": [13, 0, 3, 13], "texture": "#door_bottom"},
				"west": {"uv": [3, 0, 13, 13], "texture": "#door_bottom"}
			}
		},
		{
			"name": "1",
			"from": [0, 15, 7],
			"to": [3, 16, 9],
			"faces": {
				"north": {"uv": [3, 0, 0, 1], "texture": "#side_bottom"},
				"east": {"uv": [9, 0, 7, 1], "texture": "#door_bottom"},
				"south": {"uv": [0, 0, 3, 1], "texture": "#side_bottom"},
				"west": {"uv": [7, 0, 9, 1], "texture": "#door_bottom", "cullface": "west"}
			}
		},
		{
			"name": "2",
			"from": [0, 9, 7],
			"to": [3, 12, 9],
			"faces": {
				"north": {"uv": [3, 4, 0, 7], "texture": "#side_bottom"},
				"east": {"uv": [9, 4, 7, 7], "texture": "#door_bottom"},
				"south": {"uv": [0, 4, 3, 7], "texture": "#side_bottom"},
				"west": {"uv": [7, 7, 9, 10], "texture": "#door_bottom", "cullface": "west"}
			}
		},
		{
			"name": "3",
			"from": [0, 3, 7],
			"to": [3, 6, 9],
			"faces": {
				"north": {"uv": [3, 10, 0, 13], "texture": "#side_bottom"},
				"east": {"uv": [9, 10, 7, 13], "texture": "#door_bottom"},
				"south": {"uv": [0, 10, 3, 13], "texture": "#side_bottom"},
				"west": {"uv": [7, 10, 9, 13], "texture": "#door_bottom", "cullface": "west"}
			}
		},
		{
			"name": "1",
			"from": [0, 12, 3],
			"to": [3, 15, 13],
			"faces": {
				"east": {"uv": [13, 1, 3, 4], "texture": "#door_bottom"},
				"west": {"uv": [3, 1, 13, 4], "texture": "#door_bottom", "cullface": "west"},
				"up": {"uv": [3, 0, 13, 3], "rotation": 90, "texture": "#bottom"},
				"down": {"uv": [3, 3, 13, 0], "rotation": 270, "texture": "#bottom"}
			}
		},
		{
			"name": "2",
			"from": [0, 6, 3],
			"to": [3, 9, 13],
			"faces": {
				"east": {"uv": [13, 7, 3, 10], "texture": "#door_bottom"},
				"west": {"uv": [3, 7, 13, 10], "texture": "#door_bottom", "cullface": "west"},
				"up": {"uv": [3, 0, 13, 3], "rotation": 90, "texture": "#bottom"},
				"down": {"uv": [3, 3, 13, 0], "rotation": 270, "texture": "#bottom"}
			}
		},
		{
			"name": "3",
			"from": [0, 0, 3],
			"to": [3, 3, 13],
			"faces": {
				"east": {"uv": [13, 13, 3, 16], "texture": "#door_bottom"},
				"west": {"uv": [3, 13, 13, 16], "texture": "#door_bottom", "cullface": "west"},
				"up": {"uv": [3, 0, 13, 3], "rotation": 90, "texture": "#bottom"},
				"down": {"uv": [3, 0, 13, 3], "rotation": 270, "texture": "#bottom", "cullface": "down"}
			}
		}
	],
	"groups": [
		{
			"name": "iron_door_top",
			"origin": [8, 8, 8],
			"color": 0,
			"children": [
				{
					"name": "group",
					"origin": [8, 8, 8],
					"color": 0,
					"children": [0, 1, 2,
						{
							"name": "vert",
							"origin": [8, 8, 8],
							"color": 0,
							"children": [3, 4, 5]
						}, 6]
				}
			]
		},
		{
			"name": "iron_door_bottom",
			"origin": [8, 8, 8],
			"color": 0,
			"children": [
				{
					"name": "group",
					"origin": [8, 8, 8],
					"color": 0,
					"children": [7, 8, 9,
						{
							"name": "hor",
							"origin": [8, 8, 8],
							"color": 0,
							"children": [10, 11, 12]
						},
						{
							"name": "vert",
							"origin": [8, 8, 8],
							"color": 0,
							"children": [13, 14, 15]
						}
					]
				}
			]
		}
	]
}