{
    "credit": "Created by mullak99",
	"parent": "block/redstone_torch",
	"display": {
        "gui": {
            "rotation": [30, 45, 0],
            "translation": [0, 1, 0],
            "scale": [0.9, 0.9, 0.9]
        },
        "ground": {
            "rotation": [0, 0, 0],
            "translation": [0, 3, 0],
            "scale": [0.45, 0.45, 0.45]
        },
        "head": {
            "rotation": [0, 180, 0],
            "translation": [0, 14.25, 0],
            "scale": [1, 1, 1]
        },
        "fixed": {
            "rotation": [0, 180, 0],
            "translation": [0, 0, 0],
            "scale": [0.75, 0.75, 0.75]
        },
        "thirdperson_righthand": {
			"translation": [0, 2.25, 0],
            "scale": [0.75, 0.75, 0.75]
        },
        "firstperson_righthand": {
            "rotation": [0, 315, 0],
            "translation": [0, 2.5, 0],
            "scale": [0.4, 0.4, 0.4]
        }
    }
}
