{
	"credit": "Created by mullak99",
	"parent": "block/sniffer_egg_not_cracked",
	"display": {
		"thirdperson_righthand": {
			"translation": [0, -0.75, -1],
			"scale": [0.4, 0.4, 0.4]
		},
		"thirdperson_lefthand": {
			"translation": [0, -0.75, -1],
			"scale": [0.4, 0.4, 0.4]
		},
		"firstperson_righthand": {
			"rotation": [0, 315, 0],
			"scale": [0.4, 0.4, 0.4]
		},
		"firstperson_lefthand": {
			"rotation": [0, -45, 0],
			"scale": [0.4, 0.4, 0.4]
		},
		"ground": {
			"translation": [0, 3, 0],
			"scale": [0.25, 0.25, 0.25]
		},
		"gui": {
			"rotation": [30, 45, 0],
			"scale": [0.6, 0.6, 0.6]
		},
		"head": {
			"rotation": [0, 180, 0],
			"translation": [0, 1.5, 0]
		},
		"fixed": {
			"rotation": [0, 180, 0],
			"scale": [0.725, 0.75, 0.75]
		}
	}
}