{
	"credit": "Created by mullak99",
	"parent": "item/template_door",
	"textures": {
		"door_bottom": "block/spruce_door_bottom",
		"bottom": "m99-ctm:block/doors/spruce/bottom",
		"side_bottom": "m99-ctm:block/doors/spruce/side_bottom",
		"side_bottom_hinge": "m99-ctm:block/doors/spruce/side_bottom_hinge",
		"particle": "block/spruce_door_top",
		"door_top": "block/spruce_door_top",
		"side_top": "m99-ctm:block/doors/spruce/side_top",
		"side_top_hinge": "m99-ctm:block/doors/spruce/side_top_hinge",
		"top": "m99-ctm:block/doors/spruce/top"
	},
	"elements": [
		{
			"name": "main",
			"from": [0, 16, 0],
			"to": [3, 32, 16],
			"faces": {
				"north": {"uv": [3, 0, 0, 16], "texture": "#side_top_hinge", "cullface": "north"},
				"east": {"uv": [16, 0, 0, 16], "texture": "#door_top"},
				"south": {"uv": [0, 0, 3, 16], "texture": "#side_top", "cullface": "south"},
				"west": {"uv": [0, 0, 16, 16], "texture": "#door_top", "cullface": "west"},
				"up": {"uv": [0, 3, 16, 0], "rotation": 90, "texture": "#top", "cullface": "up"}
			}
		},
		{
			"name": "1",
			"from": [-0.25, 16, 0],
			"to": [0, 17.5, 1],
			"faces": {
				"north": {"uv": [0, 14.5, 0.5, 16], "texture": "#door_top", "cullface": "west"},
				"south": {"uv": [0.5, 14.5, 1, 15], "texture": "#door_top", "cullface": "west"},
				"west": {"uv": [0, 14.5, 1, 16], "texture": "#door_top", "cullface": "west"},
				"up": {"uv": [0, 14.5, 1, 15], "rotation": 90, "texture": "#door_top", "cullface": "west"}
			}
		},
		{
			"name": "2",
			"from": [-0.25, 16, 1],
			"to": [0, 17, 15],
			"faces": {
				"south": {"uv": [14.5, 15, 15, 15.5], "texture": "#door_top", "cullface": "west"},
				"west": {"uv": [1, 15, 15, 16], "texture": "#door_top", "cullface": "west"},
				"up": {"uv": [1, 15, 15, 15.5], "rotation": 90, "texture": "#door_top", "cullface": "west"}
			}
		},
		{
			"name": "3",
			"from": [-0.25, 16, 15],
			"to": [0, 16.5, 15.5],
			"faces": {
				"south": {"uv": [15, 15.5, 15.5, 16], "texture": "#door_top", "cullface": "west"},
				"west": {"uv": [15, 15.5, 15.5, 16], "texture": "#door_top", "cullface": "west"},
				"up": {"uv": [15, 15.5, 15.5, 16], "texture": "#door_top", "cullface": "west"},
				"down": {"uv": [15, 15.5, 15.5, 16], "texture": "#door_top", "cullface": "west"}
			}
		},
		{
			"name": "4",
			"from": [-0.25, 26, 0],
			"to": [0, 28.5, 1],
			"faces": {
				"north": {"uv": [0, 3.5, 0.5, 6], "texture": "#door_top", "cullface": "west"},
				"south": {"uv": [0.5, 3.5, 1, 6], "texture": "#door_top", "cullface": "west"},
				"west": {"uv": [0, 3.5, 1, 6], "texture": "#door_top", "cullface": "west"},
				"up": {"uv": [0, 3.5, 1, 4], "rotation": 90, "texture": "#door_top", "cullface": "west"},
				"down": {"uv": [0, 5.5, 1, 6], "rotation": 90, "texture": "#door_top", "cullface": "west"}
			}
		},
		{
			"name": "5",
			"from": [-0.25, 26.5, 1],
			"to": [0, 28, 15],
			"faces": {
				"south": {"uv": [14.5, 5, 15, 5.5], "texture": "#door_top", "cullface": "west"},
				"west": {"uv": [1, 4, 15, 5.5], "texture": "#door_top", "cullface": "west"},
				"up": {"uv": [1, 4, 15, 4.5], "rotation": 90, "texture": "#door_top", "cullface": "west"},
				"down": {"uv": [1, 5, 15, 5.5], "rotation": 270, "texture": "#door_top", "cullface": "west"}
			}
		},
		{
			"name": "6",
			"from": [-0.25, 27, 15],
			"to": [0, 27.5, 15.5],
			"faces": {
				"south": {"uv": [15, 4.5, 15.5, 5], "texture": "#door_top", "cullface": "west"},
				"west": {"uv": [15, 4.5, 15.5, 5], "texture": "#door_top", "cullface": "west"},
				"up": {"uv": [15, 4.5, 15.5, 5], "texture": "#door_top", "cullface": "west"},
				"down": {"uv": [15, 4.5, 15.5, 5], "texture": "#door_top", "cullface": "west"}
			}
		},
		{
			"name": "1",
			"from": [3, 16, 0],
			"to": [3.25, 17.5, 1],
			"faces": {
				"north": {"uv": [0, 14.5, 0.5, 16], "texture": "#door_top", "cullface": "north"},
				"east": {"uv": [1, 14.5, 0, 16], "texture": "#door_top"},
				"south": {"uv": [0.5, 14.5, 1, 15], "texture": "#door_top"},
				"up": {"uv": [0, 14.5, 1, 15], "rotation": 90, "texture": "#door_top"}
			}
		},
		{
			"name": "2",
			"from": [3, 16, 1],
			"to": [3.25, 17, 15],
			"faces": {
				"east": {"uv": [15, 15, 1, 16], "texture": "#door_top"},
				"south": {"uv": [14.5, 15, 15, 15.5], "texture": "#door_top"},
				"up": {"uv": [1, 15, 15, 15.5], "rotation": 90, "texture": "#door_top"}
			}
		},
		{
			"name": "3",
			"from": [3, 16, 15],
			"to": [3.25, 16.5, 15.5],
			"faces": {
				"east": {"uv": [15, 15.5, 15.5, 16], "texture": "#door_top"},
				"south": {"uv": [15, 15.5, 15.5, 16], "texture": "#door_top"},
				"up": {"uv": [15, 15.5, 15.5, 16], "texture": "#door_top"},
				"down": {"uv": [15, 15.5, 15.5, 16], "texture": "#door_top", "cullface": "down"}
			}
		},
		{
			"name": "4",
			"from": [3, 26, 0],
			"to": [3.25, 28.5, 1],
			"faces": {
				"north": {"uv": [0, 3.5, 0.5, 6], "texture": "#door_top", "cullface": "north"},
				"east": {"uv": [1, 3.5, 0, 6], "texture": "#door_top"},
				"south": {"uv": [0.5, 3.5, 1, 6], "texture": "#door_top"},
				"up": {"uv": [0, 3.5, 1, 4], "rotation": 90, "texture": "#door_top"},
				"down": {"uv": [0, 5.5, 1, 6], "rotation": 90, "texture": "#door_top"}
			}
		},
		{
			"name": "5",
			"from": [3, 26.5, 1],
			"to": [3.25, 28, 15],
			"faces": {
				"east": {"uv": [15, 4, 1, 5.5], "texture": "#door_top"},
				"south": {"uv": [14.5, 5, 15, 5.5], "texture": "#door_top"},
				"up": {"uv": [1, 4, 15, 4.5], "rotation": 90, "texture": "#door_top"},
				"down": {"uv": [1, 5, 15, 5.5], "rotation": 270, "texture": "#door_top"}
			}
		},
		{
			"name": "6",
			"from": [3, 27, 15],
			"to": [3.25, 27.5, 15.5],
			"faces": {
				"east": {"uv": [15, 4.5, 15.5, 5], "texture": "#door_top"},
				"south": {"uv": [15, 4.5, 15.5, 5], "texture": "#door_top"},
				"up": {"uv": [15, 4.5, 15.5, 5], "texture": "#door_top"},
				"down": {"uv": [15, 4.5, 15.5, 5], "texture": "#door_top"}
			}
		},
		{
			"name": "top",
			"from": [0, 12, 0],
			"to": [3, 16, 16],
			"faces": {
				"north": {"uv": [3, 0, 0, 4], "texture": "#side_bottom_hinge", "cullface": "north"},
				"east": {"uv": [16, 11, 0, 15], "texture": "#door_bottom"},
				"south": {"uv": [0, 0, 3, 4], "texture": "#side_bottom", "cullface": "south"},
				"west": {"uv": [0, 11, 16, 15], "texture": "#door_bottom", "cullface": "west"}
			}
		},
		{
			"name": "bottom",
			"from": [0, 0, 0],
			"to": [3, 12, 16],
			"faces": {
				"north": {"uv": [3, 4, 0, 16], "texture": "#side_bottom_hinge", "cullface": "north"},
				"east": {"uv": [16, 4, 0, 16], "texture": "#door_bottom"},
				"south": {"uv": [0, 4, 3, 16], "texture": "#side_bottom", "cullface": "south"},
				"west": {"uv": [0, 4, 16, 16], "texture": "#door_bottom", "cullface": "west"},
				"down": {"uv": [0, 0, 16, 3], "rotation": 270, "texture": "#bottom", "cullface": "down"}
			}
		},
		{
			"name": "1",
			"from": [-0.25, 4, 0],
			"to": [0, 6.5, 1],
			"faces": {
				"north": {"uv": [2.5, 9.5, 3, 12], "texture": "#side_bottom_hinge", "cullface": "west"},
				"south": {"uv": [0.5, 9.5, 1, 12], "texture": "#door_bottom", "cullface": "west"},
				"west": {"uv": [0, 9.5, 1, 12], "texture": "#door_bottom", "cullface": "west"},
				"up": {"uv": [0, 9.5, 1, 10], "rotation": 90, "texture": "#door_bottom", "cullface": "west"},
				"down": {"uv": [0, 11.5, 1, 12], "rotation": 270, "texture": "#door_bottom", "cullface": "west"}
			}
		},
		{
			"name": "2",
			"from": [-0.25, 4.5, 1],
			"to": [0, 6, 15],
			"faces": {
				"south": {"uv": [14.5, 10, 15, 11.5], "texture": "#door_bottom", "cullface": "west"},
				"west": {"uv": [1, 10, 15, 11.5], "texture": "#door_bottom", "cullface": "west"},
				"up": {"uv": [1, 10, 15, 10.5], "rotation": 90, "texture": "#door_bottom", "cullface": "west"},
				"down": {"uv": [1, 11, 15, 11.5], "rotation": 270, "texture": "#door_bottom", "cullface": "west"}
			}
		},
		{
			"name": "3",
			"from": [-0.25, 5, 15],
			"to": [0, 5.5, 15.5],
			"faces": {
				"south": {"uv": [15, 10.5, 15.5, 11], "texture": "#door_bottom", "cullface": "west"},
				"west": {"uv": [15, 10.5, 15.5, 11], "texture": "#door_bottom", "cullface": "west"},
				"up": {"uv": [15, 10.5, 15.5, 11], "texture": "#door_bottom", "cullface": "west"},
				"down": {"uv": [15, 10.5, 15.5, 11], "texture": "#door_bottom", "cullface": "west"}
			}
		},
		{
			"name": "4",
			"from": [-0.25, 15, 0],
			"to": [0, 16, 1],
			"faces": {
				"north": {"uv": [0, 0, 0.5, 1], "texture": "#door_bottom", "cullface": "west"},
				"south": {"uv": [0.5, 0.5, 1, 1], "texture": "#door_bottom", "cullface": "west"},
				"west": {"uv": [0, 0, 1, 1], "texture": "#door_bottom", "cullface": "west"},
				"down": {"uv": [0, 0.5, 1, 1], "rotation": 270, "texture": "#door_bottom", "cullface": "west"}
			}
		},
		{
			"name": "5",
			"from": [-0.25, 15.5, 1],
			"to": [0, 16, 15],
			"faces": {
				"south": {"uv": [14.5, 11, 15, 11.5], "texture": "#door_bottom", "cullface": "west"},
				"west": {"uv": [1, 11, 15, 11.5], "texture": "#door_bottom", "cullface": "west"},
				"down": {"uv": [1, 11, 15, 11.5], "rotation": 270, "texture": "#door_bottom", "cullface": "west"}
			}
		},
		{
			"name": "1",
			"from": [3, 4, 0],
			"to": [3.25, 6.5, 1],
			"faces": {
				"north": {"uv": [2.5, 9.5, 3, 12], "texture": "#side_bottom_hinge", "cullface": "north"},
				"east": {"uv": [1, 9.5, 0, 12], "texture": "#door_bottom"},
				"south": {"uv": [0.5, 9.5, 1, 12], "texture": "#door_bottom"},
				"up": {"uv": [0, 9.5, 1, 10], "rotation": 90, "texture": "#door_bottom"},
				"down": {"uv": [0, 11.5, 1, 12], "rotation": 270, "texture": "#door_bottom"}
			}
		},
		{
			"name": "2",
			"from": [3, 4.5, 1],
			"to": [3.25, 6, 15],
			"faces": {
				"east": {"uv": [15, 10, 1, 11.5], "texture": "#door_bottom"},
				"south": {"uv": [14.5, 10, 15, 11.5], "texture": "#door_bottom"},
				"up": {"uv": [1, 10, 15, 10.5], "rotation": 90, "texture": "#door_bottom"},
				"down": {"uv": [1, 11, 15, 11.5], "rotation": 270, "texture": "#door_bottom"}
			}
		},
		{
			"name": "3",
			"from": [3, 5, 15],
			"to": [3.25, 5.5, 15.5],
			"faces": {
				"east": {"uv": [14.5, 0, 15, 0.5], "texture": "#door_bottom"},
				"south": {"uv": [15, 10.5, 15.5, 11], "texture": "#door_bottom"},
				"up": {"uv": [15, 10.5, 15.5, 11], "texture": "#door_bottom"},
				"down": {"uv": [15, 10.5, 15.5, 11], "texture": "#door_bottom"}
			}
		},
		{
			"name": "4",
			"from": [3, 15, 0],
			"to": [3.25, 16, 1],
			"faces": {
				"north": {"uv": [0, 0, 0.5, 1], "texture": "#door_bottom", "cullface": "north"},
				"east": {"uv": [1, 0, 0, 1], "texture": "#door_bottom"},
				"south": {"uv": [0.5, 0.5, 1, 1], "texture": "#door_bottom"},
				"down": {"uv": [0, 0.5, 1, 1], "rotation": 270, "texture": "#door_bottom"}
			}
		},
		{
			"name": "5",
			"from": [3, 15.5, 1],
			"to": [3.25, 16, 15],
			"faces": {
				"east": {"uv": [15, 11, 1, 11.5], "texture": "#door_bottom"},
				"south": {"uv": [14.5, 11, 15, 11.5], "texture": "#door_bottom"},
				"down": {"uv": [1, 11, 15, 11.5], "rotation": 270, "texture": "#door_bottom"}
			}
		},
		{
			"from": [-0.5, 15, 11.5],
			"to": [-0.25, 16, 13.5],
			"faces": {
				"north": {"uv": [11.5, 0, 12, 0.5], "texture": "#door_bottom", "cullface": "west"},
				"east": {"uv": [13.5, 0, 11.5, 1], "texture": "#door_bottom", "cullface": "west"},
				"south": {"uv": [13, 0, 13.5, 0.5], "texture": "#door_bottom", "cullface": "west"},
				"west": {"uv": [11.5, 0, 13.5, 1], "texture": "#door_bottom", "cullface": "west"},
				"up": {"uv": [11.5, 0, 13.5, 0.5], "rotation": 90, "texture": "#door_bottom", "cullface": "west"},
				"down": {"uv": [12, 0.5, 13, 1], "rotation": 270, "texture": "#door_bottom", "cullface": "west"}
			}
		},
		{
			"from": [-0.5, 12, 11.5],
			"to": [-0.25, 13, 13.5],
			"faces": {
				"north": {"uv": [11.5, 3.5, 12, 4], "texture": "#door_bottom", "cullface": "west"},
				"east": {"uv": [13.5, 3, 11.5, 4], "texture": "#door_bottom", "cullface": "west"},
				"south": {"uv": [13, 3.5, 13.5, 4], "texture": "#door_bottom", "cullface": "west"},
				"west": {"uv": [11.5, 3, 13.5, 4], "texture": "#door_bottom", "cullface": "west"},
				"up": {"uv": [12, 3, 13, 3.5], "rotation": 270, "texture": "#door_bottom", "cullface": "west"},
				"down": {"uv": [11.5, 3.5, 13.5, 4], "rotation": 270, "texture": "#door_bottom", "cullface": "west"}
			}
		},
		{
			"from": [-0.5, 13, 10.5],
			"to": [-0.25, 15, 11.5],
			"faces": {
				"north": {"uv": [10.5, 1, 11, 3], "texture": "#door_bottom", "cullface": "west"},
				"east": {"uv": [11.5, 1, 10.5, 3], "texture": "#door_bottom", "cullface": "west"},
				"south": {"uv": [11, 1.5, 11.5, 2.5], "texture": "#door_bottom", "cullface": "west"},
				"west": {"uv": [10.5, 1, 11.5, 3], "texture": "#door_bottom", "cullface": "west"},
				"up": {"uv": [10.5, 1, 11, 1.5], "texture": "#door_bottom", "cullface": "west"},
				"down": {"uv": [10.5, 2.5, 11, 3], "texture": "#door_bottom", "cullface": "west"}
			}
		},
		{
			"from": [-0.5, 13, 13.5],
			"to": [-0.25, 15, 14.5],
			"faces": {
				"north": {"uv": [13.5, 1.5, 14, 2.5], "texture": "#door_bottom", "cullface": "west"},
				"east": {"uv": [14.5, 1, 13.5, 3], "texture": "#door_bottom", "cullface": "west"},
				"south": {"uv": [14, 1, 14.5, 3], "texture": "#door_bottom", "cullface": "west"},
				"west": {"uv": [13.5, 1, 14.5, 3], "texture": "#door_bottom", "cullface": "west"},
				"up": {"uv": [14, 1, 14.5, 1.5], "texture": "#door_bottom", "cullface": "west"},
				"down": {"uv": [14, 2.5, 14.5, 3], "texture": "#door_bottom", "cullface": "west"}
			}
		},
		{
			"from": [-0.5, 14.5, 13],
			"to": [-0.25, 15.5, 14],
			"faces": {
				"north": {"uv": [13, 1, 13.5, 1.5], "texture": "#door_bottom", "cullface": "west"},
				"east": {"uv": [14, 0.5, 13, 1.5], "texture": "#door_bottom", "cullface": "west"},
				"south": {"uv": [13.5, 0.5, 14, 1], "texture": "#door_bottom", "cullface": "west"},
				"west": {"uv": [13, 0.5, 14, 1.5], "texture": "#door_bottom", "cullface": "west"},
				"up": {"uv": [13.5, 0.5, 14, 1], "texture": "#door_bottom", "cullface": "west"},
				"down": {"uv": [13, 1, 13.5, 1.5], "texture": "#door_bottom", "cullface": "west"}
			}
		},
		{
			"from": [-0.5, 14.5, 11],
			"to": [-0.25, 15.5, 12],
			"faces": {
				"north": {"uv": [11, 0.5, 11.5, 1], "texture": "#door_bottom", "cullface": "west"},
				"east": {"uv": [12, 0.5, 11, 1.5], "texture": "#door_bottom", "cullface": "west"},
				"south": {"uv": [11.5, 1, 12, 1.5], "texture": "#door_bottom", "cullface": "west"},
				"west": {"uv": [11, 0.5, 12, 1.5], "texture": "#door_bottom", "cullface": "west"},
				"up": {"uv": [11, 0.5, 11.5, 1], "texture": "#door_bottom", "cullface": "west"},
				"down": {"uv": [11.5, 1, 12, 1.5], "texture": "#door_bottom", "cullface": "west"}
			}
		},
		{
			"from": [-0.5, 12.5, 11],
			"to": [-0.25, 13.5, 12],
			"faces": {
				"north": {"uv": [11, 3, 11.5, 3.5], "texture": "#door_bottom", "cullface": "west"},
				"east": {"uv": [12, 2.5, 11, 3.5], "texture": "#door_bottom", "cullface": "west"},
				"south": {"uv": [11.5, 2.5, 12, 3], "texture": "#door_bottom", "cullface": "west"},
				"west": {"uv": [11, 2.5, 12, 3.5], "texture": "#door_bottom", "cullface": "west"},
				"up": {"uv": [11.5, 2.5, 12, 3], "texture": "#door_bottom", "cullface": "west"},
				"down": {"uv": [11, 3, 11.5, 3.5], "texture": "#door_bottom", "cullface": "west"}
			}
		},
		{
			"from": [-0.5, 12.5, 13],
			"to": [-0.25, 13.5, 14],
			"faces": {
				"north": {"uv": [13, 2.5, 13.5, 3], "texture": "#door_bottom", "cullface": "west"},
				"east": {"uv": [14, 2.5, 13, 3.5], "texture": "#door_bottom", "cullface": "west"},
				"south": {"uv": [13.5, 3, 14, 3.5], "texture": "#door_bottom", "cullface": "west"},
				"west": {"uv": [13, 2.5, 14, 3.5], "texture": "#door_bottom", "cullface": "west"},
				"up": {"uv": [13, 2.5, 13.5, 3], "texture": "#door_bottom", "cullface": "west"},
				"down": {"uv": [13.5, 3, 14, 3.5], "texture": "#door_bottom", "cullface": "west"}
			}
		},
		{
			"from": [3.25, 15, 11.5],
			"to": [3.5, 16, 13.5],
			"faces": {
				"north": {"uv": [11.5, 0, 12, 0.5], "texture": "#door_bottom"},
				"east": {"uv": [13.5, 0, 11.5, 1], "texture": "#door_bottom"},
				"south": {"uv": [13, 0, 13.5, 0.5], "texture": "#door_bottom"},
				"west": {"uv": [11.5, 0, 13.5, 1], "texture": "#door_bottom"},
				"up": {"uv": [11.5, 0, 13.5, 0.5], "rotation": 90, "texture": "#door_bottom", "cullface": "up"},
				"down": {"uv": [12, 0.5, 13, 1], "rotation": 270, "texture": "#door_bottom"}
			}
		},
		{
			"from": [3.25, 12, 11.5],
			"to": [3.5, 13, 13.5],
			"faces": {
				"north": {"uv": [11.5, 3.5, 12, 4], "texture": "#door_bottom"},
				"east": {"uv": [13.5, 3, 11.5, 4], "texture": "#door_bottom"},
				"south": {"uv": [13, 3.5, 13.5, 4], "texture": "#door_bottom"},
				"west": {"uv": [11.5, 3, 13.5, 4], "texture": "#door_bottom"},
				"up": {"uv": [12, 3, 13, 3.5], "rotation": 270, "texture": "#door_bottom"},
				"down": {"uv": [11.5, 3.5, 13.5, 4], "rotation": 270, "texture": "#door_bottom"}
			}
		},
		{
			"from": [3.25, 13, 10.5],
			"to": [3.5, 15, 11.5],
			"faces": {
				"north": {"uv": [10.5, 1, 11, 3], "texture": "#door_bottom"},
				"east": {"uv": [11.5, 1, 10.5, 3], "texture": "#door_bottom"},
				"south": {"uv": [11, 1.5, 11.5, 2.5], "texture": "#door_bottom"},
				"west": {"uv": [10.5, 1, 11.5, 3], "texture": "#door_bottom"},
				"up": {"uv": [10.5, 1, 11, 1.5], "texture": "#door_bottom"},
				"down": {"uv": [10.5, 2.5, 11, 3], "texture": "#door_bottom"}
			}
		},
		{
			"from": [3.25, 13, 13.5],
			"to": [3.5, 15, 14.5],
			"faces": {
				"north": {"uv": [13.5, 1.5, 14, 2.5], "texture": "#door_bottom"},
				"east": {"uv": [14.5, 1, 13.5, 3], "texture": "#door_bottom"},
				"south": {"uv": [14, 1, 14.5, 3], "texture": "#door_bottom"},
				"west": {"uv": [13.5, 1, 14.5, 3], "texture": "#door_bottom"},
				"up": {"uv": [14, 1, 14.5, 1.5], "texture": "#door_bottom"},
				"down": {"uv": [14, 2.5, 14.5, 3], "texture": "#door_bottom"}
			}
		},
		{
			"from": [3.25, 14.5, 13],
			"to": [3.5, 15.5, 14],
			"faces": {
				"north": {"uv": [13, 1, 13.5, 1.5], "texture": "#door_bottom"},
				"east": {"uv": [14, 0.5, 13, 1.5], "texture": "#door_bottom"},
				"south": {"uv": [13.5, 0.5, 14, 1], "texture": "#door_bottom"},
				"west": {"uv": [13, 0.5, 14, 1.5], "texture": "#door_bottom"},
				"up": {"uv": [13.5, 0.5, 14, 1], "texture": "#door_bottom"},
				"down": {"uv": [13, 1, 13.5, 1.5], "texture": "#door_bottom"}
			}
		},
		{
			"from": [3.25, 14.5, 11],
			"to": [3.5, 15.5, 12],
			"faces": {
				"north": {"uv": [11, 0.5, 11.5, 1], "texture": "#door_bottom"},
				"east": {"uv": [12, 0.5, 11, 1.5], "texture": "#door_bottom"},
				"south": {"uv": [11.5, 1, 12, 1.5], "texture": "#door_bottom"},
				"west": {"uv": [11, 0.5, 12, 1.5], "texture": "#door_bottom"},
				"up": {"uv": [11, 0.5, 11.5, 1], "texture": "#door_bottom"},
				"down": {"uv": [11.5, 1, 12, 1.5], "texture": "#door_bottom"}
			}
		},
		{
			"from": [3.25, 12.5, 11],
			"to": [3.5, 13.5, 12],
			"faces": {
				"north": {"uv": [11, 3, 11.5, 3.5], "texture": "#door_bottom"},
				"east": {"uv": [12, 2.5, 11, 3.5], "texture": "#door_bottom"},
				"south": {"uv": [11.5, 2.5, 12, 3], "texture": "#door_bottom"},
				"west": {"uv": [11, 2.5, 12, 3.5], "texture": "#door_bottom"},
				"up": {"uv": [11.5, 2.5, 12, 3], "texture": "#door_bottom"},
				"down": {"uv": [11, 3, 11.5, 3.5], "texture": "#door_bottom"}
			}
		},
		{
			"from": [3.25, 12.5, 13],
			"to": [3.5, 13.5, 14],
			"faces": {
				"north": {"uv": [13, 2.5, 13.5, 3], "texture": "#door_bottom"},
				"east": {"uv": [14, 2.5, 13, 3.5], "texture": "#door_bottom"},
				"south": {"uv": [13.5, 3, 14, 3.5], "texture": "#door_bottom"},
				"west": {"uv": [13, 2.5, 14, 3.5], "texture": "#door_bottom"},
				"up": {"uv": [13, 2.5, 13.5, 3], "texture": "#door_bottom"},
				"down": {"uv": [13.5, 3, 14, 3.5], "texture": "#door_bottom"}
			}
		}
	],
	"groups": [
		{
			"name": "spruce_door_top",
			"origin": [8, 8, 8],
			"color": 0,
			"children": [
				{
					"name": "group",
					"origin": [8, 8, 8],
					"color": 0,
					"children": [0,
						{
							"name": "hinge1",
							"origin": [8, 8, 8],
							"color": 0,
							"children": [1, 2, 3, 4, 5, 6]
						},
						{
							"name": "hinge2",
							"origin": [8, 8, 8],
							"color": 0,
							"children": [7, 8, 9, 10, 11, 12]
						}
					]
				}
			]
		},
		{
			"name": "spruce_door_bottom",
			"origin": [8, 8, 8],
			"color": 0,
			"children": [
				{
					"name": "group",
					"origin": [8, 8, 8],
					"color": 0,
					"children": [13, 14,
						{
							"name": "hinge1",
							"origin": [8, 8, 8],
							"color": 0,
							"children": [15, 16, 17, 18, 19]
						},
						{
							"name": "hinge2",
							"origin": [8, 8, 8],
							"color": 0,
							"children": [20, 21, 22, 23, 24]
						},
						{
							"name": "handle1",
							"origin": [8, 8, 8],
							"color": 0,
							"children": [25, 26, 27, 28, 29, 30, 31, 32]
						},
						{
							"name": "handle2",
							"origin": [8, 8, 8],
							"color": 0,
							"children": [33, 34, 35, 36, 37, 38, 39, 40]
						}
					]
				}
			]
		}
	]
}