{
	"credit": "Created by mullak99",
    "elements": [
		{
			"name": "main",
			"from": [0, 0, 7],
			"to": [16, 16, 9],
			"rotation": {"angle": 0, "axis": "y", "origin": [8, 8, 15]},
			"faces": {
				"north": {"uv": [0, 0, 16, 16], "texture": "#front"},
				"east": {"uv": [7, 0, 9, 16], "texture": "#top"},
				"south": {"uv": [0, 0, 16, 16], "texture": "#front"},
				"west": {"uv": [7, 0, 9, 16], "texture": "#top"},
				"up": {"uv": [7, 0, 9, 16], "rotation": 90, "texture": "#top"},
				"down": {"uv": [7, 0, 9, 16], "rotation": 90, "texture": "#top"}
			}
		}
	],
	"gui_light": "front",
	"display": {
		"thirdperson_righthand": {
			"translation": [0, 3, 1],
			"scale": [0.55, 0.55, 0.55]
		},
		"firstperson_righthand": {
			"rotation": [0, -90, 25],
			"translation": [1.13, 3.2, 1.13],
			"scale": [0.68, 0.68, 0.68]
		},
		"ground": {
			"translation": [0, 2, 0],
			"scale": [0.5, 0.5, 0.5]
		},
		"gui": {
			"rotation": [20, 40, 0],
			"scale": [0.8, 0.8, 0.8]
		},
		"head": {
			"rotation": [0, -180, 0],
			"translation": [0, 13, 7]
		},
		"fixed": {
			"rotation": [0, -180, 0]
		}
	}
}