{
	"credit": "Created by mullak99",
	"textures": {
		"particle": "block/turtle_egg",
		"all": "block/turtle_egg"
	},
	"elements": [
		{
			"from": [5, 0, 4],
			"to": [9, 7, 8],
			"faces": {
				"north": {"uv": [1, 4, 5, 11], "texture": "#all"},
				"east": {"uv": [1, 4, 5, 11], "texture": "#all"},
				"south": {"uv": [1, 4, 5, 11], "texture": "#all"},
				"west": {"uv": [1, 4, 5, 11], "texture": "#all"},
				"up": {"uv": [0, 0, 4, 4], "texture": "#all"},
				"down": {"uv": [0, 0, 4, 4], "texture": "#all", "cullface": "down"}
			}
		}
	],
	"display": {
		"thirdperson_righthand": {
			"translation": [0.75, 1.5, 0.5],
			"scale": [0.75, 0.75, 0.75]
		},
		"thirdperson_lefthand": {
			"translation": [-0.75, 1.5, 0.5],
			"scale": [0.75, 0.75, 0.75]
		},
		"firstperson_righthand": {
			"rotation": [0, 315, 0],
			"translation": [1.5, 3.5, 0.5],
			"scale": [0.75, 0.75, 0.75]
		},
		"firstperson_lefthand": {
			"rotation": [0, -45, 0],
			"translation": [-0.5, 3.5, 0.5],
			"scale": [0.75, 0.75, 0.75]
		},
		"ground": {
			"translation": [0.5, 4, 1],
			"scale": [0.5, 0.5, 0.5]
		},
		"gui": {
			"rotation": [30, 45, 0],
			"translation": [2, 2.5, 0]
		},
		"head": {
			"rotation": [0, 180, 0],
			"translation": [-1, 14, -2]
		},
		"fixed": {
			"rotation": [0, 180, 0],
			"translation": [-1.5, 6.75, -2],
			"scale": [1.5, 1.5, 1.5]
		}
	},
	"groups": [
		{
			"name": "group",
			"origin": [8, 8, 8],
			"color": 0,
			"children": [0]
		}
	]
}