{
	"credit": "Created by mullak99",
	"ambientocclusion": false,
	"textures": {
		"particle": "block/oak_door_bottom",
		"door": "block/oak_door_bottom",
		"bottom": "m99-ctm:block/doors/oak/bottom",
		"side_bottom": "m99-ctm:block/doors/oak/side_bottom",
		"side_bottom_hinge": "m99-ctm:block/doors/oak/side_bottom_hinge",
		"top": "m99-ctm:block/doors/oak/top"
	},
	"elements": [
		{
			"name": "left",
			"from": [0, 0, 0],
			"to": [3, 16, 3],
			"faces": {
				"north": {"uv": [3, 0, 0, 16], "texture": "#side_bottom_hinge", "cullface": "north"},
				"east": {"uv": [3, 0, 0, 16], "texture": "#door"},
				"south": {"uv": [0, 0, 3, 16], "texture": "#side_bottom"},
				"west": {"uv": [0, 0, 3, 16], "texture": "#door", "cullface": "west"},
				"down": {"uv": [0, 0, 3, 3], "rotation": 270, "texture": "#bottom", "cullface": "down"}
			}
		},
		{
			"name": "right",
			"from": [0, 0, 13],
			"to": [3, 16, 16],
			"faces": {
				"north": {"uv": [16, 0, 0, 3], "rotation": 90, "texture": "#top"},
				"east": {"uv": [16, 0, 13, 16], "texture": "#door"},
				"south": {"uv": [0, 0, 3, 16], "texture": "#side_bottom", "cullface": "south"},
				"west": {"uv": [13, 0, 16, 16], "texture": "#door", "cullface": "west"},
				"down": {"uv": [13, 0, 16, 3], "rotation": 270, "texture": "#bottom", "cullface": "down"}
			}
		},
		{
			"name": "internal",
			"from": [1, 3, 3],
			"to": [2, 16, 13],
			"faces": {
				"east": {"uv": [13, 0, 3, 13], "texture": "#door"},
				"west": {"uv": [3, 0, 13, 13], "texture": "#door"}
			}
		},
		{
			"name": "1",
			"from": [0, 15, 7],
			"to": [3, 16, 9],
			"faces": {
				"north": {"uv": [16, 0, 15, 3], "rotation": 90, "texture": "#top"},
				"east": {"uv": [9, 0, 7, 1], "texture": "#door"},
				"south": {"uv": [0, 0, 3, 1], "texture": "#side_bottom"},
				"west": {"uv": [7, 0, 9, 1], "texture": "#door", "cullface": "west"}
			}
		},
		{
			"name": "2",
			"from": [0, 9, 7],
			"to": [3, 12, 9],
			"faces": {
				"north": {"uv": [9, 0, 12, 3], "rotation": 270, "texture": "#top"},
				"east": {"uv": [9, 4, 7, 7], "texture": "#door"},
				"south": {"uv": [0, 4, 3, 7], "texture": "#side_bottom"},
				"west": {"uv": [7, 4, 9, 7], "texture": "#door", "cullface": "west"}
			}
		},
		{
			"name": "3",
			"from": [0, 3, 7],
			"to": [3, 6, 9],
			"faces": {
				"north": {"uv": [3, 0, 6, 3], "rotation": 270, "texture": "#top"},
				"east": {"uv": [9, 10, 7, 13], "texture": "#door"},
				"south": {"uv": [0, 10, 3, 13], "texture": "#side_bottom"},
				"west": {"uv": [7, 10, 9, 13], "texture": "#door", "cullface": "west"}
			}
		},
		{
			"name": "1",
			"from": [0, 12, 3],
			"to": [3, 15, 13],
			"faces": {
				"east": {"uv": [13, 1, 3, 4], "texture": "#door"},
				"west": {"uv": [3, 1, 13, 4], "texture": "#door", "cullface": "west"},
				"up": {"uv": [3, 0, 13, 3], "rotation": 90, "texture": "#top"},
				"down": {"uv": [3, 3, 13, 0], "rotation": 270, "texture": "#bottom"}
			}
		},
		{
			"name": "2",
			"from": [0, 6, 3],
			"to": [3, 9, 13],
			"faces": {
				"east": {"uv": [13, 7, 3, 10], "texture": "#door"},
				"west": {"uv": [3, 7, 13, 10], "texture": "#door", "cullface": "west"},
				"up": {"uv": [3, 0, 13, 3], "rotation": 90, "texture": "#top"},
				"down": {"uv": [3, 3, 13, 0], "rotation": 270, "texture": "#bottom"}
			}
		},
		{
			"name": "3",
			"from": [0, 0, 3],
			"to": [3, 3, 13],
			"faces": {
				"east": {"uv": [13, 13, 3, 16], "texture": "#door"},
				"west": {"uv": [3, 13, 13, 16], "texture": "#door", "cullface": "west"},
				"up": {"uv": [3, 0, 13, 3], "rotation": 90, "texture": "#top"},
				"down": {"uv": [3, 0, 13, 3], "rotation": 270, "texture": "#bottom", "cullface": "down"}
			}
		}
	],
	"groups": [
		{
			"name": "group",
			"origin": [8, 8, 8],
			"color": 0,
			"children": [0, 1, 2,
				{
					"name": "hor",
					"origin": [8, 8, 8],
					"color": 0,
					"children": [3, 4, 5]
				},
				{
					"name": "vert",
					"origin": [8, 8, 8],
					"color": 0,
					"children": [6, 7, 8]
				}
			]
		}
	]
}