{
	"credit": "Created by mullak99",
	"ambientocclusion": false,
	"textures": {
		"particle": "block/birch_trapdoor",
		"top": "block/birch_trapdoor",
		"front": "m99-ctm:block/trapdoors/birch/front",
		"side": "m99-ctm:block/trapdoors/birch/side"
	},
	"elements": [
		{
			"name": "north",
			"from": [0, 13, 0],
			"to": [16, 16, 2.5],
			"rotation": {"angle": 0, "axis": "y", "origin": [8, 1.5, 8]},
			"faces": {
				"north": {"uv": [0, 0, 16, 3], "texture": "#front", "cullface": "north"},
				"east": {"uv": [13.5, 0, 16, 3], "texture": "#side", "cullface": "east"},
				"south": {"uv": [0, 0, 16, 3], "texture": "#front"},
				"west": {"uv": [0, 0, 2.5, 3], "texture": "#side", "cullface": "west"},
				"up": {"uv": [0, 16, 16, 13.5], "texture": "#top", "cullface": "up"},
				"down": {"uv": [0, 13.5, 16, 16], "texture": "#top"}
			}
		},
		{
			"name": "south",
			"from": [0, 13, 13.5],
			"to": [16, 16, 16],
			"rotation": {"angle": 0, "axis": "y", "origin": [8, 1.5, 8]},
			"faces": {
				"north": {"uv": [0, 0, 16, 3], "texture": "#front"},
				"east": {"uv": [0, 0, 2.5, 3], "texture": "#side", "cullface": "east"},
				"south": {"uv": [0, 0, 16, 3], "texture": "#front", "cullface": "south"},
				"west": {"uv": [13.5, 0, 16, 3], "texture": "#side", "cullface": "west"},
				"up": {"uv": [0, 2.5, 16, 0], "texture": "#top", "cullface": "up"},
				"down": {"uv": [0, 0, 16, 2.5], "texture": "#top"}
			}
		},
		{
			"name": "west",
			"from": [0, 13, 2.5],
			"to": [2.5, 16, 13.5],
			"rotation": {"angle": 0, "axis": "y", "origin": [8, 1.5, 8]},
			"faces": {
				"east": {"uv": [2.5, 0, 13.5, 3], "texture": "#side"},
				"west": {"uv": [2.5, 0, 13.5, 3], "texture": "#side", "cullface": "west"},
				"up": {"uv": [0, 13, 2.5, 3], "texture": "#top", "cullface": "up"},
				"down": {"uv": [0, 3, 2.5, 13], "texture": "#top"}
			}
		},
		{
			"name": "east",
			"from": [13.5, 13, 2.5],
			"to": [16, 16, 13.5],
			"rotation": {"angle": 0, "axis": "y", "origin": [8, 1.5, 8]},
			"faces": {
				"east": {"uv": [3, 0, 13, 3], "texture": "#side", "cullface": "east"},
				"west": {"uv": [3, 0, 13, 3], "texture": "#side"},
				"up": {"uv": [13.5, 13, 16, 3], "texture": "#top", "cullface": "up"},
				"down": {"uv": [13.5, 3, 16, 13], "texture": "#top"}
			}
		},
		{
			"name": "int",
			"from": [5.5, 13, 2.5],
			"to": [10.5, 16, 3.5],
			"rotation": {"angle": 0, "axis": "y", "origin": [8, 1.5, 8]},
			"faces": {
				"east": {"uv": [10, 0, 10.5, 3], "texture": "#front"},
				"south": {"uv": [5.5, 0, 10.5, 3], "texture": "#front"},
				"west": {"uv": [5, 0, 6, 3], "texture": "#front"},
				"up": {"uv": [5.5, 13.5, 10.5, 12.5], "texture": "#top", "cullface": "up"},
				"down": {"uv": [5.5, 12.5, 10.5, 13.5], "texture": "#top"}
			}
		},
		{
			"name": "handle",
			"from": [6, 12.5, 1],
			"to": [10, 16.5, 2],
			"rotation": {"angle": 0, "axis": "y", "origin": [8, 1.5, 8]},
			"faces": {
				"north": {"uv": [6, 15, 10, 14.5], "texture": "#top"},
				"east": {"uv": [6, 14, 6.5, 15], "texture": "#top"},
				"south": {"uv": [6, 14.5, 10, 14], "texture": "#top"},
				"west": {"uv": [9.5, 14, 10, 15], "texture": "#top"},
				"up": {"uv": [6, 15, 10, 14], "texture": "#top", "cullface": "up"},
				"down": {"uv": [6, 14, 10, 15], "texture": "#top"}
			}
		},
		{
			"name": "internal",
			"from": [2.5, 14, 2.5],
			"to": [13.5, 15, 13.5],
			"rotation": {"angle": 0, "axis": "y", "origin": [8, 1.5, 8]},
			"faces": {
				"up": {"uv": [2.5, 13.5, 13.5, 2.5], "texture": "#top"},
				"down": {"uv": [2.5, 2.5, 13.5, 13.5], "texture": "#top"}
			}
		}
	],
	"display": {
		"thirdperson_righthand": {
			"rotation": [75, 45, 0],
			"translation": [0, 2.5, 0],
			"scale": [0.375, 0.375, 0.375]
		},
		"firstperson_righthand": {
			"rotation": [0, 45, 0],
			"scale": [0.4, 0.4, 0.4]
		},
		"firstperson_lefthand": {
			"rotation": [0, 225, 0],
			"scale": [0.4, 0.4, 0.4]
		},
		"ground": {
			"translation": [0, 3, 0],
			"scale": [0.25, 0.25, 0.25]
		},
		"gui": {
			"rotation": [30, 225, 0],
			"scale": [0.625, 0.625, 0.625]
		},
		"fixed": {
			"scale": [0.5, 0.5, 0.5]
		}
	},
	"groups": [
		{
			"name": "group",
			"origin": [8, 8, 8],
			"color": 0,
			"children": [0, 1, 2, 3, 4, 5, 6]
		}
	]
}