{
	"credit": "Created by mullak99",
	"ambientocclusion": false,
	"textures": {
		"down": "block/furnace_top",
		"up": "block/dropper_front_vertical",
		"north": "block/furnace_top",
		"east": "block/furnace_top",
		"south": "block/furnace_top",
		"west": "block/furnace_top",
		"particle": "block/furnace_top"
	},
	"elements": [
		{
			"name": "main",
			"from": [0, 0, 0],
			"to": [16, 15, 16],
			"faces": {
				"north": {"uv": [0, 1, 16, 16], "texture": "#north", "cullface": "north"},
				"east": {"uv": [0, 1, 16, 16], "texture": "#east", "cullface": "east"},
				"south": {"uv": [0, 1, 16, 16], "texture": "#south", "cullface": "south"},
				"west": {"uv": [0, 1, 16, 16], "texture": "#west", "cullface": "west"},
				"up": {"uv": [0, 0, 16, 16], "texture": "#up"},
				"down": {"uv": [0, 0, 16, 16], "texture": "#down", "cullface": "down"}
			}
		},
		{
			"name": "north",
			"from": [0, 15, 0],
			"to": [16, 16, 6],
			"faces": {
				"north": {"uv": [0, 0, 16, 1], "texture": "#north", "cullface": "north"},
				"east": {"uv": [10, 0, 16, 1], "texture": "#east", "cullface": "east"},
				"south": {"uv": [0, 6, 16, 6.5], "texture": "#up"},
				"west": {"uv": [0, 0, 6, 1], "texture": "#west", "cullface": "west"},
				"up": {"uv": [0, 0, 16, 6], "texture": "#up", "cullface": "up"}
			}
		},
		{
			"name": "south",
			"from": [0, 15, 10],
			"to": [16, 16, 16],
			"faces": {
				"north": {"uv": [0, 9.5, 16, 10], "texture": "#up"},
				"east": {"uv": [0, 0, 6, 1], "texture": "#east", "cullface": "east"},
				"south": {"uv": [0, 0, 16, 1], "texture": "#south", "cullface": "south"},
				"west": {"uv": [10, 0, 16, 1], "texture": "#west", "cullface": "west"},
				"up": {"uv": [0, 10, 16, 16], "texture": "#up", "cullface": "up"}
			}
		},
		{
			"name": "west",
			"from": [0, 15, 6],
			"to": [5, 16, 10],
			"faces": {
				"east": {"uv": [5, 6, 5.5, 10], "rotation": 90, "texture": "#up"},
				"west": {"uv": [6, 0, 10, 1], "texture": "#west", "cullface": "west"},
				"up": {"uv": [0, 6, 5, 10], "texture": "#up", "cullface": "up"}
			}
		},
		{
			"name": "east",
			"from": [11, 15, 6],
			"to": [16, 16, 10],
			"faces": {
				"east": {"uv": [6, 0, 10, 1], "texture": "#east", "cullface": "east"},
				"west": {"uv": [10.5, 6, 11, 10], "rotation": 90, "texture": "#up"},
				"up": {"uv": [11, 5.5, 16, 9.5], "texture": "#up", "cullface": "up"}
			}
		}
	],
	"display": {
		"thirdperson_righthand": {
			"rotation": [75, 45, 0],
			"translation": [0, 2.5, 0],
			"scale": [0.375, 0.375, 0.375]
		},
		"firstperson_righthand": {
			"rotation": [0, 135, 0],
			"scale": [0.4, 0.4, 0.4]
		},
		"firstperson_lefthand": {
			"rotation": [0, 225, 0],
			"scale": [0.4, 0.4, 0.4]
		},
		"ground": {
			"translation": [0, 3, 0],
			"scale": [0.25, 0.25, 0.25]
		},
		"gui": {
			"rotation": [30, 225, 0],
			"scale": [0.625, 0.625, 0.625]
		},
		"fixed": {
			"scale": [0.5, 0.5, 0.5]
		}
	},
	"groups": [
		{
			"name": "group",
			"children": [0, 1, 2, 3, 4]
		}
	]
}