{
	"credit": "Created by mullak99",
	"ambientocclusion": false,
	"textures": {
		"bottom": "block/smoker_bottom",
		"top": "block/smoker_top",
		"particle": "block/smoker_front_on",
		"front": "block/smoker_front_on",
		"side": "block/smoker_side"
	},
	"elements": [
		{
			"name": "main",
			"from": [0, 0, 0],
			"to": [16, 15, 16],
			"faces": {
				"north": {"uv": [0, 1, 16, 16], "texture": "#front", "cullface": "north"},
				"east": {"uv": [0, 1, 16, 16], "texture": "#side", "cullface": "east"},
				"south": {"uv": [0, 1, 16, 16], "texture": "#side", "cullface": "south"},
				"west": {"uv": [16, 1, 0, 16], "texture": "#side", "cullface": "west"},
				"up": {"uv": [0, 0, 16, 16], "texture": "#top"},
				"down": {"uv": [0, 0, 16, 16], "texture": "#bottom", "cullface": "down"}
			}
		},
		{
			"name": "north",
			"from": [0, 15, 0],
			"to": [16, 16, 4],
			"faces": {
				"north": {"uv": [0, 0, 16, 1], "texture": "#front", "cullface": "north"},
				"east": {"uv": [12, 0, 16, 1], "texture": "#side", "cullface": "east"},
				"south": {"uv": [0, 4, 16, 5], "texture": "#top"},
				"west": {"uv": [16, 0, 12, 1], "texture": "#side", "cullface": "west"},
				"up": {"uv": [0, 0, 16, 4], "texture": "#top", "cullface": "up"}
			}
		},
		{
			"name": "south",
			"from": [0, 15, 12],
			"to": [16, 16, 16],
			"faces": {
				"north": {"uv": [0, 4, 16, 5], "texture": "#top"},
				"east": {"uv": [0, 0, 4, 1], "texture": "#top", "cullface": "east"},
				"south": {"uv": [16, 0, 0, 1], "texture": "#side", "cullface": "south"},
				"west": {"uv": [4, 0, 0, 1], "texture": "#side", "cullface": "west"},
				"up": {"uv": [0, 12, 16, 16], "texture": "#top", "cullface": "up"}
			}
		},
		{
			"name": "east",
			"from": [0, 15, 4],
			"to": [4, 16, 12],
			"faces": {
				"east": {"uv": [4, 4, 5, 12], "rotation": 90, "texture": "#top"},
				"west": {"uv": [12, 0, 4, 1], "texture": "#side", "cullface": "west"},
				"up": {"uv": [0, 4, 4, 12], "texture": "#top", "cullface": "up"}
			}
		},
		{
			"name": "west",
			"from": [12, 15, 4],
			"to": [16, 16, 12],
			"faces": {
				"east": {"uv": [4, 0, 12, 1], "texture": "#top", "cullface": "east"},
				"west": {"uv": [11, 4, 12, 12], "rotation": 270, "texture": "#top"},
				"up": {"uv": [12, 4, 16, 12], "texture": "#top", "cullface": "up"}
			}
		},
		{
			"name": "1",
			"from": [4, 14, 4],
			"to": [6, 16, 5],
			"faces": {
				"east": {"uv": [5, 5, 6, 6], "texture": "#top"},
				"south": {"uv": [6, 5, 8, 6], "texture": "#top"},
				"up": {"uv": [4, 4, 6, 5], "texture": "#top", "cullface": "up"}
			}
		},
		{
			"name": "2",
			"from": [10, 14, 4],
			"to": [12, 16, 5],
			"faces": {
				"south": {"uv": [8, 4.5, 10, 5.5], "texture": "#top"},
				"west": {"uv": [10, 5, 11, 6], "texture": "#top"},
				"up": {"uv": [10, 4, 12, 5], "texture": "#top", "cullface": "up"}
			}
		},
		{
			"name": "3",
			"from": [10, 14, 11],
			"to": [12, 16, 12],
			"faces": {
				"north": {"uv": [8, 10.5, 10, 11.5], "rotation": 180, "texture": "#top"},
				"west": {"uv": [10, 10, 11, 11], "texture": "#top"},
				"up": {"uv": [10, 11, 12, 12], "texture": "#top", "cullface": "up"}
			}
		},
		{
			"name": "4",
			"from": [4, 14, 11],
			"to": [6, 16, 12],
			"faces": {
				"north": {"uv": [6, 10.5, 8, 11.5], "rotation": 180, "texture": "#top"},
				"east": {"uv": [5, 10, 6, 11], "texture": "#top"},
				"up": {"uv": [4, 11, 6, 12], "texture": "#top", "cullface": "up"}
			}
		},
		{
			"name": "5",
			"from": [4, 14, 5],
			"to": [5, 16, 6],
			"faces": {
				"east": {"uv": [5, 5, 5.5, 6], "rotation": 90, "texture": "#top"},
				"south": {"uv": [4.5, 6, 5.5, 7], "texture": "#top"},
				"up": {"uv": [4, 5, 5, 6], "texture": "#top", "cullface": "up"}
			}
		},
		{
			"name": "6",
			"from": [4, 14, 10],
			"to": [5, 16, 11],
			"faces": {
				"north": {"uv": [4.5, 9, 5.5, 10], "texture": "#top"},
				"east": {"uv": [5, 10, 5.5, 11], "rotation": 90, "texture": "#top"},
				"up": {"uv": [4, 10, 5, 11], "texture": "#top", "cullface": "up"}
			}
		},
		{
			"name": "7",
			"from": [11, 14, 10],
			"to": [12, 16, 11],
			"faces": {
				"north": {"uv": [10.5, 9, 11.5, 10], "rotation": 180, "texture": "#top"},
				"west": {"uv": [10.5, 9, 11.5, 10], "rotation": 270, "texture": "#top"},
				"up": {"uv": [11, 10, 12, 11], "texture": "#top", "cullface": "up"}
			}
		},
		{
			"name": "8",
			"from": [11, 14, 5],
			"to": [12, 16, 6],
			"faces": {
				"south": {"uv": [10.5, 6, 11.5, 7], "rotation": 180, "texture": "#top"},
				"west": {"uv": [10.5, 9, 11.5, 10], "rotation": 270, "texture": "#top"},
				"up": {"uv": [11, 10, 12, 11], "texture": "#top", "cullface": "up"}
			}
		},
		{
			"name": "9",
			"from": [11.5, 14, 6],
			"to": [12, 16, 7],
			"faces": {
				"south": {"uv": [11, 6, 11.5, 6.5], "rotation": 270, "texture": "#top"},
				"west": {"uv": [10.5, 9, 11.5, 10], "rotation": 270, "texture": "#top"},
				"up": {"uv": [11, 10, 11.5, 11], "texture": "#top", "cullface": "up"}
			}
		},
		{
			"name": "10",
			"from": [11.5, 14, 9],
			"to": [12, 16, 10],
			"faces": {
				"north": {"uv": [10.5, 9, 11.5, 10], "rotation": 270, "texture": "#top"},
				"west": {"uv": [10.5, 9, 11.5, 10], "rotation": 270, "texture": "#top"},
				"up": {"uv": [11, 10, 11.5, 11], "texture": "#top", "cullface": "up"}
			}
		},
		{
			"name": "11",
			"from": [4, 14, 9],
			"to": [4.5, 16, 10],
			"faces": {
				"north": {"uv": [10.5, 9, 11.5, 10], "rotation": 270, "texture": "#top"},
				"east": {"uv": [4.5, 9, 5, 10], "rotation": 90, "texture": "#top"},
				"up": {"uv": [11, 10, 11.5, 11], "texture": "#top", "cullface": "up"}
			}
		},
		{
			"name": "12",
			"from": [4, 14, 6],
			"to": [4.5, 16, 7],
			"faces": {
				"east": {"uv": [4.5, 6, 5, 7], "rotation": 90, "texture": "#top"},
				"south": {"uv": [11, 6, 11.5, 6.5], "rotation": 270, "texture": "#top"},
				"up": {"uv": [11, 10, 11.5, 11], "texture": "#top", "cullface": "up"}
			}
		},
		{
			"name": "13",
			"from": [9, 14, 11.5],
			"to": [10, 16, 12],
			"faces": {
				"north": {"uv": [10.5, 9, 11.5, 10], "rotation": 270, "texture": "#top"},
				"west": {"uv": [10.5, 9, 11.5, 10], "rotation": 270, "texture": "#top"},
				"up": {"uv": [11, 10, 11.5, 11], "texture": "#top", "cullface": "up"}
			}
		},
		{
			"name": "14",
			"from": [6, 14, 11.5],
			"to": [7, 16, 12],
			"faces": {
				"north": {"uv": [10.5, 9, 11.5, 10], "rotation": 270, "texture": "#top"},
				"east": {"uv": [4.5, 6, 5.5, 7], "rotation": 90, "texture": "#top"},
				"up": {"uv": [11, 10, 11.5, 11], "texture": "#top", "cullface": "up"}
			}
		},
		{
			"name": "15",
			"from": [6, 14, 4],
			"to": [7, 16, 4.5],
			"faces": {
				"east": {"uv": [4.5, 6, 5.5, 7], "rotation": 90, "texture": "#top"},
				"south": {"uv": [10.5, 5, 11, 6], "rotation": 270, "texture": "#top"},
				"up": {"uv": [11, 10, 11.5, 11], "texture": "#top", "cullface": "up"}
			}
		},
		{
			"name": "16",
			"from": [9, 14, 4],
			"to": [10, 16, 4.5],
			"faces": {
				"south": {"uv": [10.5, 5.5, 11, 6.5], "rotation": 270, "texture": "#top"},
				"west": {"uv": [10.5, 9, 11.5, 10], "rotation": 270, "texture": "#top"},
				"up": {"uv": [11, 10, 11.5, 11], "texture": "#top", "cullface": "up"}
			}
		}
	],
	"display": {
		"thirdperson_righthand": {
			"rotation": [75, 45, 0],
			"translation": [0, 2.5, 0],
			"scale": [0.375, 0.375, 0.375]
		},
		"thirdperson_lefthand": {
			"rotation": [75, 45, 0],
			"translation": [0, 2.5, 0],
			"scale": [0.375, 0.375, 0.375]
		},
		"firstperson_righthand": {
			"rotation": [0, 45, 0],
			"scale": [0.4, 0.4, 0.4]
		},
		"firstperson_lefthand": {
			"rotation": [0, 45, 0],
			"scale": [0.4, 0.4, 0.4]
		},
		"ground": {
			"translation": [0, 3, 0],
			"scale": [0.25, 0.25, 0.25]
		},
		"gui": {
			"rotation": [30, 225, 0],
			"scale": [0.625, 0.625, 0.625]
		},
		"fixed": {
			"scale": [0.5, 0.5, 0.5]
		}
	},
	"groups": [
		{
			"name": "group",
			"origin": [8, 8, 8],
			"color": 0,
			"children": [0,
				{
					"name": "top",
					"origin": [8, 8, 8],
					"color": 0,
					"children": [1, 2, 3, 4,
						{
							"name": "circle",
							"origin": [8, 8, 8],
							"color": 0,
							"children": [5, 6, 7, 8, 9, 10, 11, 12, 13, 14, 15, 16, 17, 18, 19, 20]
						}
					]
				}
			]
		}
	]
}