{
	"credit": "Created by mullak99",
	"parent": "block/block",
	"ambientocclusion": false,
	"textures": {
		"particle": "block/stonecutter_bottom",
		"bottom": "block/stonecutter_bottom",
		"top": "block/stonecutter_top",
		"side": "block/stonecutter_side",
		"saw": "block/stonecutter_saw"
	},
	"elements": [
		{
			"name": "spindle",
			"from": [7.5, 8.5, 7],
			"to": [8.5, 9.5, 9],
			"faces": {
				"north": {"uv": [7.5, 7, 8.5, 8], "texture": "#top"},
				"east": {"uv": [11, 7, 13, 7.5], "texture": "#side"},
				"south": {"uv": [7.5, 8, 8.5, 9], "texture": "#top"},
				"west": {"uv": [3, 7, 5, 7.5], "texture": "#side"},
				"up": {"uv": [3, 7, 3.5, 9], "texture": "#side"}
			}
		},
		{
			"name": "1",
			"from": [1, 9, 7.75],
			"to": [15, 11, 8.25],
			"rotation": {"angle": 0, "axis": "y", "origin": [8, 9, 8]},
			"faces": {
				"north": {"uv": [1, 14, 15, 16], "texture": "#saw"},
				"east": {"uv": [14.5, 14, 15, 16], "texture": "#saw"},
				"south": {"uv": [1, 14, 15, 16], "texture": "#saw"},
				"west": {"uv": [1, 14, 1.5, 16], "texture": "#saw"},
				"up": {"uv": [1, 14, 15, 14.5], "texture": "#saw"}
			}
		},
		{
			"name": "2",
			"from": [1.5, 11, 7.75],
			"to": [14.5, 12, 8.25],
			"rotation": {"angle": 0, "axis": "y", "origin": [8, 9, 8]},
			"faces": {
				"north": {"uv": [1.5, 13, 14.5, 14], "texture": "#saw"},
				"east": {"uv": [14, 13, 14.5, 14], "texture": "#saw"},
				"south": {"uv": [1.5, 13, 14.5, 14], "texture": "#saw"},
				"west": {"uv": [1.5, 13, 2, 14], "texture": "#saw"},
				"up": {"uv": [1.5, 13, 14.5, 13.5], "texture": "#saw"}
			}
		},
		{
			"name": "3",
			"from": [2, 12, 7.75],
			"to": [14, 13, 8.25],
			"rotation": {"angle": 0, "axis": "y", "origin": [8, 9, 8]},
			"faces": {
				"north": {"uv": [2, 12, 14, 13], "texture": "#saw"},
				"east": {"uv": [13.5, 12, 14, 13], "texture": "#saw"},
				"south": {"uv": [2, 12, 14, 13], "texture": "#saw"},
				"west": {"uv": [2, 12, 2.5, 13], "texture": "#saw"},
				"up": {"uv": [2, 12, 14, 12.5], "texture": "#saw"}
			}
		},
		{
			"name": "4",
			"from": [2.5, 13, 7.75],
			"to": [13.5, 13.5, 8.25],
			"rotation": {"angle": 0, "axis": "y", "origin": [8, 9, 8]},
			"faces": {
				"north": {"uv": [2.5, 11.5, 13.5, 12], "texture": "#saw"},
				"east": {"uv": [13, 11.5, 13.5, 12], "texture": "#saw"},
				"south": {"uv": [2.5, 11.5, 13.5, 12], "texture": "#saw"},
				"west": {"uv": [2.5, 11.5, 3, 12], "texture": "#saw"},
				"up": {"uv": [2.5, 11.5, 13.5, 12], "texture": "#saw"}
			}
		},
		{
			"name": "5",
			"from": [3, 13.5, 7.75],
			"to": [13, 14, 8.25],
			"rotation": {"angle": 0, "axis": "y", "origin": [8, 9, 8]},
			"faces": {
				"north": {"uv": [3, 11, 13, 11.5], "texture": "#saw"},
				"east": {"uv": [12.5, 11, 13, 11.5], "texture": "#saw"},
				"south": {"uv": [3, 11, 13, 11.5], "texture": "#saw"},
				"west": {"uv": [3, 11, 3.5, 11.5], "texture": "#saw"},
				"up": {"uv": [3, 11, 13, 11.5], "texture": "#saw"}
			}
		},
		{
			"name": "6",
			"from": [3.5, 14, 7.75],
			"to": [12.5, 14.5, 8.25],
			"rotation": {"angle": 0, "axis": "y", "origin": [8, 9, 8]},
			"faces": {
				"north": {"uv": [3.5, 10.5, 12.5, 11], "texture": "#saw"},
				"east": {"uv": [12, 10.5, 12.5, 11], "texture": "#saw"},
				"south": {"uv": [3.5, 10.5, 12.5, 11], "texture": "#saw"},
				"west": {"uv": [3.5, 10.5, 4, 11], "texture": "#saw"},
				"up": {"uv": [3.5, 10.5, 12.5, 11], "texture": "#saw"}
			}
		},
		{
			"name": "7",
			"from": [4, 14.5, 7.75],
			"to": [12, 15, 8.25],
			"rotation": {"angle": 0, "axis": "y", "origin": [8, 9, 8]},
			"faces": {
				"north": {"uv": [4, 10, 12, 10.5], "texture": "#saw"},
				"east": {"uv": [11.5, 10, 12, 10.5], "texture": "#saw"},
				"south": {"uv": [4, 10, 12, 10.5], "texture": "#saw"},
				"west": {"uv": [4, 10, 4.5, 10.5], "texture": "#saw"},
				"up": {"uv": [4, 10, 12, 10.5], "texture": "#saw"}
			}
		},
		{
			"name": "8",
			"from": [5, 15, 7.75],
			"to": [11, 15.5, 8.25],
			"rotation": {"angle": 0, "axis": "y", "origin": [8, 9, 8]},
			"faces": {
				"north": {"uv": [5, 9.5, 11, 10], "texture": "#saw"},
				"east": {"uv": [10.5, 9.5, 11, 10], "texture": "#saw"},
				"south": {"uv": [5, 9.5, 11, 10], "texture": "#saw"},
				"west": {"uv": [5, 9.5, 5.5, 10], "texture": "#saw"},
				"up": {"uv": [5, 9.5, 11, 10], "texture": "#saw"}
			}
		},
		{
			"name": "9",
			"from": [6, 15.5, 7.75],
			"to": [10, 16, 8.25],
			"rotation": {"angle": 0, "axis": "y", "origin": [8, 9, 8]},
			"faces": {
				"north": {"uv": [6, 9, 10, 9.5], "texture": "#saw"},
				"east": {"uv": [9.5, 9, 10, 9.5], "texture": "#saw"},
				"south": {"uv": [6, 9, 10, 9.5], "texture": "#saw"},
				"west": {"uv": [6, 9, 6.5, 9.5], "texture": "#saw"},
				"up": {"uv": [6, 9, 10, 9.5], "texture": "#saw", "cullface": "up"}
			}
		},
		{
			"name": "1",
			"from": [1, 7, 7.75],
			"to": [15, 9, 8.25],
			"rotation": {"angle": 0, "axis": "z", "origin": [8, 9, 8]},
			"faces": {
				"north": {"uv": [15, 14, 1, 16], "rotation": 180, "texture": "#saw"},
				"east": {"uv": [14.5, 14, 15, 16], "rotation": 180, "texture": "#saw"},
				"south": {"uv": [15, 14, 1, 16], "rotation": 180, "texture": "#saw"},
				"west": {"uv": [1, 14, 1.5, 16], "rotation": 180, "texture": "#saw"}
			}
		},
		{
			"name": "2",
			"from": [1.5, 6, 7.75],
			"to": [14.5, 7, 8.25],
			"rotation": {"angle": 0, "axis": "z", "origin": [8, 9, 8]},
			"faces": {
				"north": {"uv": [14.5, 13, 1.5, 14], "rotation": 180, "texture": "#saw"},
				"east": {"uv": [14, 13, 14.5, 14], "rotation": 180, "texture": "#saw"},
				"south": {"uv": [14.5, 13, 1.5, 14], "rotation": 180, "texture": "#saw"},
				"west": {"uv": [1.5, 13, 2, 14], "rotation": 180, "texture": "#saw"}
			}
		},
		{
			"name": "3",
			"from": [2, 5, 7.75],
			"to": [14, 6, 8.25],
			"rotation": {"angle": 0, "axis": "z", "origin": [8, 9, 8]},
			"faces": {
				"north": {"uv": [14, 12, 2, 13], "rotation": 180, "texture": "#saw"},
				"east": {"uv": [13.5, 12, 14, 13], "rotation": 180, "texture": "#saw"},
				"south": {"uv": [14, 12, 2, 13], "rotation": 180, "texture": "#saw"},
				"west": {"uv": [2, 12, 2.5, 13], "rotation": 180, "texture": "#saw"}
			}
		},
		{
			"name": "4",
			"from": [2.5, 4.5, 7.75],
			"to": [13.5, 5, 8.25],
			"rotation": {"angle": 0, "axis": "z", "origin": [8, 9, 8]},
			"faces": {
				"north": {"uv": [13.5, 11.5, 2.5, 12], "rotation": 180, "texture": "#saw"},
				"east": {"uv": [13, 11.5, 13.5, 12], "rotation": 180, "texture": "#saw"},
				"south": {"uv": [13.5, 11.5, 2.5, 12], "rotation": 180, "texture": "#saw"},
				"west": {"uv": [2.5, 11.5, 3, 12], "rotation": 180, "texture": "#saw"}
			}
		},
		{
			"name": "5",
			"from": [3, 4, 7.75],
			"to": [13, 4.5, 8.25],
			"rotation": {"angle": 0, "axis": "z", "origin": [8, 9, 8]},
			"faces": {
				"north": {"uv": [13, 11, 3, 11.5], "rotation": 180, "texture": "#saw"},
				"east": {"uv": [12.5, 11, 13, 11.5], "rotation": 180, "texture": "#saw"},
				"south": {"uv": [13, 11, 3, 11.5], "rotation": 180, "texture": "#saw"},
				"west": {"uv": [3, 11, 3.5, 11.5], "rotation": 180, "texture": "#saw"}
			}
		},
		{
			"name": "6",
			"from": [3.5, 3.5, 7.75],
			"to": [12.5, 4, 8.25],
			"rotation": {"angle": 0, "axis": "z", "origin": [8, 9, 8]},
			"faces": {
				"north": {"uv": [12.5, 10.5, 3.5, 11], "rotation": 180, "texture": "#saw"},
				"east": {"uv": [12, 10.5, 12.5, 11], "rotation": 180, "texture": "#saw"},
				"south": {"uv": [12.5, 10.5, 3.5, 11], "rotation": 180, "texture": "#saw"},
				"west": {"uv": [3.5, 10.5, 4, 11], "rotation": 180, "texture": "#saw"}
			}
		},
		{
			"name": "7",
			"from": [4, 3, 7.75],
			"to": [12, 3.5, 8.25],
			"rotation": {"angle": 0, "axis": "z", "origin": [8, 9, 8]},
			"faces": {
				"north": {"uv": [12, 10, 4, 10.5], "rotation": 180, "texture": "#saw"},
				"east": {"uv": [11.5, 10, 12, 10.5], "rotation": 180, "texture": "#saw"},
				"south": {"uv": [12, 10, 4, 10.5], "rotation": 180, "texture": "#saw"},
				"west": {"uv": [4, 10, 4.5, 10.5], "rotation": 180, "texture": "#saw"}
			}
		},
		{
			"name": "8",
			"from": [5, 2.5, 7.75],
			"to": [11, 3, 8.25],
			"rotation": {"angle": 0, "axis": "z", "origin": [8, 9, 8]},
			"faces": {
				"north": {"uv": [11, 9.5, 5, 10], "rotation": 180, "texture": "#saw"},
				"east": {"uv": [10.5, 9.5, 11, 10], "rotation": 180, "texture": "#saw"},
				"south": {"uv": [11, 9.5, 5, 10], "rotation": 180, "texture": "#saw"},
				"west": {"uv": [5, 9.5, 5.5, 10], "rotation": 180, "texture": "#saw"}
			}
		},
		{
			"name": "9",
			"from": [6, 2, 7.75],
			"to": [10, 2.5, 8.25],
			"rotation": {"angle": 0, "axis": "z", "origin": [8, 9, 8]},
			"faces": {
				"north": {"uv": [10, 9, 6, 9.5], "rotation": 180, "texture": "#saw"},
				"east": {"uv": [9.5, 9, 10, 9.5], "rotation": 180, "texture": "#saw"},
				"south": {"uv": [10, 9, 6, 9.5], "rotation": 180, "texture": "#saw"},
				"west": {"uv": [6, 9, 6.5, 9.5], "rotation": 180, "texture": "#saw"}
			}
		},
		{
			"name": "1",
			"from": [0.5, 0, 8.5],
			"to": [15.5, 9, 15.5],
			"faces": {
				"north": {"uv": [0.5, 6.5, 15.5, 15.5], "texture": "#bottom"},
				"east": {"uv": [0.5, 7, 7.5, 16], "texture": "#side"},
				"south": {"uv": [15.5, 7, 0.5, 16], "texture": "#side"},
				"west": {"uv": [7.5, 7, 0.5, 16], "texture": "#side"},
				"up": {"uv": [0.5, 8.5, 15.5, 15.5], "texture": "#top"},
				"down": {"uv": [15.5, 0.5, 0.5, 7.5], "texture": "#bottom", "cullface": "down"}
			}
		},
		{
			"name": "2",
			"from": [0.5, 0, 0.5],
			"to": [15.5, 9, 7.5],
			"faces": {
				"north": {"uv": [0.5, 6.5, 15.5, 15.5], "texture": "#bottom"},
				"east": {"uv": [8.5, 7, 15.5, 16], "texture": "#side"},
				"south": {"uv": [15.5, 6.5, 0.5, 15.5], "texture": "#bottom"},
				"west": {"uv": [15.5, 7, 8.5, 16], "texture": "#side"},
				"up": {"uv": [0.5, 0.5, 15.5, 7.5], "texture": "#top"},
				"down": {"uv": [15.5, 8.5, 0.5, 15.5], "texture": "#bottom", "cullface": "down"}
			}
		},
		{
			"name": "3",
			"from": [0.5, 0, 7.5],
			"to": [15.5, 0.5, 8.5],
			"faces": {
				"up": {"uv": [0.5, 7.5, 15.5, 8.5], "texture": "#bottom"},
				"down": {"uv": [15.5, 7.5, 0.5, 8.5], "texture": "#bottom", "cullface": "down"}
			}
		},
		{
			"name": "4",
			"from": [0.5, 0.5, 7.5],
			"to": [1, 9, 8.5],
			"faces": {
				"east": {"uv": [8.5, 7, 7.5, 15.5], "texture": "#bottom"},
				"west": {"uv": [8.5, 7, 7.5, 15.5], "texture": "#side"},
				"up": {"uv": [0, 7.5, 0.5, 8.5], "texture": "#top"}
			}
		},
		{
			"name": "5",
			"from": [15, 0.5, 7.5],
			"to": [15.5, 9, 8.5],
			"faces": {
				"east": {"uv": [8.5, 7, 7.5, 15.5], "texture": "#side"},
				"west": {"uv": [8.5, 7, 7.5, 15.5], "texture": "#bottom"},
				"up": {"uv": [15.5, 7.5, 16, 8.5], "texture": "#top"}
			}
		},
		{
			"name": "1",
			"from": [13, 0, 0],
			"to": [16, 9, 3],
			"faces": {
				"north": {"uv": [0, 7, 3, 16], "texture": "#side", "cullface": "north"},
				"east": {"uv": [13, 7, 16, 16], "texture": "#side", "cullface": "east"},
				"south": {"uv": [13, 7, 16, 16], "texture": "#side"},
				"west": {"uv": [0, 7, 3, 16], "texture": "#side"},
				"up": {"uv": [13, 0, 16, 3], "texture": "#top"},
				"down": {"uv": [3, 13, 0, 16], "texture": "#bottom", "cullface": "down"}
			}
		},
		{
			"name": "2",
			"from": [0, 0, 0],
			"to": [3, 9, 3],
			"faces": {
				"north": {"uv": [0, 7, 3, 16], "texture": "#side", "cullface": "north"},
				"east": {"uv": [0, 7, 3, 16], "texture": "#side"},
				"south": {"uv": [0, 7, 3, 16], "texture": "#side"},
				"west": {"uv": [16, 7, 13, 16], "texture": "#side", "cullface": "west"},
				"up": {"uv": [0, 0, 3, 3], "texture": "#top"},
				"down": {"uv": [16, 13, 13, 16], "texture": "#bottom", "cullface": "down"}
			}
		},
		{
			"name": "3",
			"from": [13, 0, 13],
			"to": [16, 9, 16],
			"faces": {
				"north": {"uv": [0, 7, 3, 16], "texture": "#side"},
				"east": {"uv": [0, 7, 3, 16], "texture": "#side", "cullface": "east"},
				"south": {"uv": [3, 7, 0, 16], "texture": "#side", "cullface": "south"},
				"west": {"uv": [0, 7, 3, 16], "texture": "#side"},
				"up": {"uv": [13, 13, 16, 16], "texture": "#top"},
				"down": {"uv": [3, 0, 0, 3], "texture": "#bottom", "cullface": "down"}
			}
		},
		{
			"name": "4",
			"from": [0, 0, 13],
			"to": [3, 9, 16],
			"faces": {
				"north": {"uv": [13, 7, 16, 16], "texture": "#side"},
				"east": {"uv": [0, 7, 3, 16], "texture": "#side"},
				"south": {"uv": [16, 7, 13, 16], "texture": "#side", "cullface": "south"},
				"west": {"uv": [3, 7, 0, 16], "texture": "#side", "cullface": "west"},
				"up": {"uv": [0, 13, 3, 16], "texture": "#top"},
				"down": {"uv": [16, 0, 13, 3], "texture": "#bottom", "cullface": "down"}
			}
		},
		{
			"name": "1",
			"from": [3, 5, 0],
			"to": [13, 7, 0.5],
			"faces": {
				"north": {"uv": [3, 9, 13, 11], "texture": "#side", "cullface": "north"},
				"up": {"uv": [3, 9, 13, 9.5], "texture": "#side"},
				"down": {"uv": [3, 10.5, 13, 11], "texture": "#side"}
			}
		},
		{
			"name": "2",
			"from": [15.5, 5, 3],
			"to": [16, 7, 13],
			"faces": {
				"east": {"uv": [3, 9, 13, 11], "texture": "#side", "cullface": "east"},
				"up": {"uv": [3, 9, 13, 9.5], "rotation": 270, "texture": "#side"},
				"down": {"uv": [3, 10.5, 13, 11], "rotation": 90, "texture": "#side"}
			}
		},
		{
			"name": "3",
			"from": [3, 5, 15.5],
			"to": [13, 7, 16],
			"faces": {
				"south": {"uv": [13, 9, 3, 11], "texture": "#side", "cullface": "south"},
				"up": {"uv": [13, 9, 3, 9.5], "texture": "#side"},
				"down": {"uv": [13, 10.5, 3, 11], "texture": "#side"}
			}
		},
		{
			"name": "4",
			"from": [0, 5, 3],
			"to": [0.5, 7, 13],
			"faces": {
				"west": {"uv": [13, 9, 3, 11], "texture": "#side", "cullface": "west"},
				"up": {"uv": [13, 9, 3, 9.5], "rotation": 90, "texture": "#side"},
				"down": {"uv": [13, 10.5, 3, 11], "rotation": 270, "texture": "#side"}
			}
		},
		{
			"name": "1",
			"from": [3, 0, 0],
			"to": [13, 0.5, 0.5],
			"faces": {
				"north": {"uv": [3, 9, 13, 9.5], "texture": "#side", "cullface": "north"},
				"up": {"uv": [3, 10.5, 13, 11], "texture": "#side"},
				"down": {"uv": [3, 0, 13, 0.5], "texture": "#bottom", "cullface": "down"}
			}
		},
		{
			"name": "2",
			"from": [3, 0, 15.5],
			"to": [13, 0.5, 16],
			"faces": {
				"south": {"uv": [13, 9, 3, 9.5], "texture": "#side", "cullface": "south"},
				"up": {"uv": [3, 10.5, 13, 11], "rotation": 180, "texture": "#side"},
				"down": {"uv": [3, 15.5, 13, 16], "texture": "#bottom", "cullface": "down"}
			}
		},
		{
			"name": "3",
			"from": [0, 0, 3],
			"to": [0.5, 0.5, 13],
			"faces": {
				"west": {"uv": [13, 9, 3, 9.5], "texture": "#side", "cullface": "west"},
				"up": {"uv": [13, 10.5, 3, 11], "rotation": 90, "texture": "#side"},
				"down": {"uv": [0, 3, 0.5, 13], "rotation": 90, "texture": "#bottom", "cullface": "down"}
			}
		},
		{
			"name": "4",
			"from": [15.5, 0, 3],
			"to": [16, 0.5, 13],
			"faces": {
				"east": {"uv": [3, 9, 13, 9.5], "texture": "#side", "cullface": "east"},
				"up": {"uv": [3, 10.5, 13, 11], "rotation": 90, "texture": "#side"},
				"down": {"uv": [0, 3, 0.5, 13], "rotation": 90, "texture": "#bottom", "cullface": "down"}
			}
		}
	],
	"groups": [
		{
			"name": "group",
			"origin": [8, 8, 8],
			"color": 0,
			"children": [
				{
					"name": "saw",
					"origin": [8, 8, 8],
					"color": 0,
					"children": [0,
						{
							"name": "top",
							"origin": [0, 0, 0],
							"color": 0,
							"children": [1, 2, 3, 4, 5, 6, 7, 8, 9]
						},
						{
							"name": "bottom",
							"origin": [0, 0, 0],
							"color": 0,
							"children": [10, 11, 12, 13, 14, 15, 16, 17, 18]
						}
					]
				},
				{
					"name": "base",
					"origin": [8, 8, 8],
					"color": 0,
					"children": [
						{
							"name": "stone",
							"origin": [0, 0, 0],
							"color": 0,
							"children": [19, 20, 21, 22, 23]
						},
						{
							"name": "wood_supports",
							"origin": [8, 8, 8],
							"color": 0,
							"children": [24, 25, 26, 27]
						},
						{
							"name": "wood_beams",
							"origin": [8, 8, 8],
							"color": 0,
							"children": [28, 29, 30, 31]
						},
						{
							"name": "blocker",
							"origin": [8, 8, 8],
							"color": 0,
							"children": [32, 33, 34, 35]
						}
					]
				}
			]
		}
	]
}