{
	"credit": "Created by mullak99",
	"ambientocclusion": false,
	"textures": {
		"particle": "block/spruce_trapdoor",
		"top": "block/spruce_trapdoor",
		"front": "m99-ctm:block/trapdoors/spruce/front",
		"side": "m99-ctm:block/trapdoors/spruce/side"
	},
	"elements": [
		{
			"name": "main",
			"from": [0, 0, 0],
			"to": [16, 3, 16],
			"faces": {
				"north": {"uv": [0, 0, 16, 3], "texture": "#front", "cullface": "north"},
				"east": {"uv": [0, 0, 16, 3], "texture": "#side", "cullface": "east"},
				"south": {"uv": [16, 0, 0, 3], "texture": "#front", "cullface": "south"},
				"west": {"uv": [0, 0, 16, 3], "texture": "#side", "cullface": "west"},
				"up": {"uv": [0, 16, 16, 0], "texture": "#top"},
				"down": {"uv": [0, 0, 16, 16], "texture": "#top", "cullface": "down"}
			}
		},
		{
			"name": "1",
			"from": [0, -0.25, 3],
			"to": [16, 3.25, 4.5],
			"faces": {
				"north": {"uv": [12.5, 12.5, 16, 13], "rotation": 180, "texture": "#top"},
				"south": {"uv": [0, 12.5, 3, 13], "texture": "#top"},
				"up": {"uv": [0, 13, 16, 11.5], "texture": "#top"},
				"down": {"uv": [0, 11.5, 16, 13], "texture": "#top", "cullface": "down"}
			}
		},
		{
			"name": "2",
			"from": [0, -0.25, 11.5],
			"to": [16, 3.25, 13],
			"faces": {
				"north": {"uv": [12.5, 12.5, 16, 13], "rotation": 180, "texture": "#top"},
				"south": {"uv": [0, 12.5, 3, 13], "texture": "#top"},
				"up": {"uv": [0, 4.5, 16, 3], "texture": "#top"},
				"down": {"uv": [0, 3, 16, 4.5], "texture": "#top", "cullface": "down"}
			}
		},
		{
			"name": "1",
			"from": [16, -0.25, 11.5],
			"to": [16.25, 3.25, 13],
			"faces": {
				"north": {"uv": [15.5, 12.5, 16, 13], "texture": "#top", "cullface": "east"},
				"east": {"uv": [3, 0, 4.5, 3], "texture": "#side", "cullface": "east"},
				"south": {"uv": [15.5, 12.5, 16, 13], "texture": "#top", "cullface": "east"},
				"up": {"uv": [15.5, 12.5, 16, 13], "texture": "#top", "cullface": "east"},
				"down": {"uv": [15.5, 12.5, 16, 13], "texture": "#top", "cullface": "down"}
			}
		},
		{
			"name": "2",
			"from": [-0.25, -0.25, 11.5],
			"to": [0, 3.25, 13],
			"faces": {
				"north": {"uv": [0, 12.5, 0.5, 13], "texture": "#top", "cullface": "west"},
				"south": {"uv": [0, 12.5, 0.5, 13], "texture": "#top", "cullface": "west"},
				"west": {"uv": [11.5, 0, 13, 3], "texture": "#side", "cullface": "west"},
				"up": {"uv": [0, 12.5, 0.5, 13], "texture": "#top", "cullface": "west"},
				"down": {"uv": [0, 12.5, 0.5, 13], "texture": "#top", "cullface": "west"}
			}
		},
		{
			"name": "3",
			"from": [16, -0.25, 3],
			"to": [16.25, 3.25, 4.5],
			"faces": {
				"north": {"uv": [15.5, 12.5, 16, 13], "texture": "#top", "cullface": "east"},
				"east": {"uv": [11.5, 0, 13, 3], "texture": "#side", "cullface": "east"},
				"south": {"uv": [15.5, 12.5, 16, 13], "texture": "#top", "cullface": "east"},
				"up": {"uv": [15.5, 12.5, 16, 13], "texture": "#top", "cullface": "east"},
				"down": {"uv": [15.5, 12.5, 16, 13], "texture": "#top", "cullface": "down"}
			}
		},
		{
			"name": "4",
			"from": [-0.25, -0.25, 3],
			"to": [0, 3.25, 4.5],
			"faces": {
				"north": {"uv": [0, 12.5, 0.5, 13], "texture": "#top", "cullface": "west"},
				"south": {"uv": [0, 12.5, 0.5, 13], "texture": "#top", "cullface": "west"},
				"west": {"uv": [3, 0, 4.5, 3], "texture": "#side", "cullface": "west"},
				"up": {"uv": [0, 12.5, 0.5, 13], "texture": "#top", "cullface": "west"},
				"down": {"uv": [0, 12.5, 0.5, 13], "texture": "#top", "cullface": "west"}
			}
		}
	],
	"display": {
		"thirdperson_righthand": {
			"rotation": [75, 45, 0],
			"translation": [0, 2.5, 0],
			"scale": [0.375, 0.375, 0.375]
		},
		"firstperson_righthand": {
			"rotation": [0, 45, 0],
			"scale": [0.4, 0.4, 0.4]
		},
		"firstperson_lefthand": {
			"rotation": [0, 225, 0],
			"scale": [0.4, 0.4, 0.4]
		},
		"ground": {
			"translation": [0, 3, 0],
			"scale": [0.25, 0.25, 0.25]
		},
		"gui": {
			"rotation": [30, 225, 0],
			"scale": [0.625, 0.625, 0.625]
		},
		"fixed": {
			"scale": [0.5, 0.5, 0.5]
		}
	},
	"groups": [
		{
			"name": "group",
			"origin": [8, 8, 8],
			"color": 0,
			"children": [0,
				{
					"name": "metal",
					"origin": [8, 8, 8],
					"color": 0,
					"children": [1, 2,
						{
							"name": "edge",
							"origin": [8, 8, 8],
							"color": 0,
							"children": [3, 4, 5, 6]
						}
					]
				}
			]
		}
	]
}