{
	"credit": "Created by Stridey",
	"parent": "block/block",
	"textures": {
		"top": "block/anvil_top",
		"particle": "block/anvil_side",
		"side": "block/anvil_side",
		"front": "block/anvil_front",
		"bottom": "block/anvil_bottom"
	},
	"elements": [
		{
			"from": [2, 0, 2],
			"to": [14, 4, 14],
			"faces": {
				"north": {"uv": [2, 12, 14, 16], "texture": "#side"},
				"east": {"uv": [2, 12, 14, 16], "texture": "#side"},
				"south": {"uv": [2, 12, 14, 16], "texture": "#side"},
				"west": {"uv": [2, 12, 14, 16], "texture": "#side"},
				"up": {"uv": [0, 0, 12, 12], "rotation": 180, "texture": "#bottom"},
				"down": {"uv": [0, 0, 12, 12], "rotation": 180, "texture": "#bottom", "cullface": "down"}
			}
		},
		{
			"from": [5, 4, 4],
			"to": [11, 10, 12],
			"faces": {
				"north": {"uv": [4, 6, 12, 12], "texture": "#front"},
				"east": {"uv": [4, 6, 12, 12], "texture": "#side"},
				"south": {"uv": [4, 6, 12, 12], "texture": "#front"},
				"west": {"uv": [4, 6, 12, 12], "texture": "#side"}
			}
		},
		{
			"from": [3, 10, 0],
			"to": [13, 16, 16],
			"faces": {
				"north": {"uv": [3, 0, 13, 6], "texture": "#front", "cullface": "north"},
				"east": {"uv": [0, 0, 16, 6], "texture": "#side"},
				"south": {"uv": [3, 0, 13, 6], "texture": "#front", "cullface": "south"},
				"west": {"uv": [0, 0, 16, 6], "texture": "#side"},
				"up": {"uv": [3, 0, 13, 16], "rotation": 180, "texture": "#top", "cullface": "up"},
				"down": {"uv": [3, 0, 13, 16], "rotation": 180, "texture": "#top"}
			}
		}
	]
}