{
	"credit": "Created by Stridey",
	"ambientocclusion": false,
	"textures": {
		"particle": "block/bamboo_button",
		"texture": "block/bamboo_button"
	},
	"elements": [
		{
			"from": [6, 0, 6],
			"to": [10, 1, 10],
			"rotation": {"angle": 0, "axis": "y", "origin": [8, 9, 8]},
			"faces": {
				"north": {"uv": [6, 15, 10, 16], "texture": "#texture"},
				"east": {"uv": [6, 15, 10, 16], "texture": "#texture"},
				"south": {"uv": [6, 15, 10, 16], "texture": "#texture"},
				"west": {"uv": [6, 15, 10, 16], "texture": "#texture"},
				"up": {"uv": [6, 10, 10, 6], "texture": "#texture"},
				"down": {"uv": [6, 10, 10, 6], "texture": "#texture"}
			}
		}
	]
}