{
	"credit": "Created by Stridey",
	"ambientocclusion": false,
	"textures": {
		"particle": "block/flower_pot",
		"flowerpot": "block/flower_pot",
		"cactus": "block/potted_cactus"
	},
	"elements": [
		{
			"from": [5, 0, 5],
			"to": [11, 6, 11],
			"faces": {
				"north": {"uv": [5, 10, 11, 16], "texture": "#flowerpot"},
				"east": {"uv": [5, 10, 11, 16], "texture": "#flowerpot"},
				"south": {"uv": [5, 10, 11, 16], "texture": "#flowerpot"},
				"west": {"uv": [5, 10, 11, 16], "texture": "#flowerpot"},
				"up": {"uv": [5, 5, 6, 11], "texture": "#flowerpot"},
				"down": {"uv": [5, 5, 6, 11], "texture": "#flowerpot", "cullface": "down"}
			}
		},
		{
			"from": [5, 4, 6],
			"to": [11, 16, 10],
			"faces": {
				"north": {"uv": [5, 4, 11, 16], "texture": "#cactus"},
				"south": {"uv": [5, 4, 11, 16], "texture": "#cactus"}
			}
		},
		{
			"from": [6, 16, 6],
			"to": [10, 16, 10],
			"faces": {
				"south": {"uv": [5, 4, 11, 16], "texture": "#cactus"},
				"up": {"uv": [0, 0, 4, 4], "texture": "#cactus"}
			}
		},
		{
			"from": [6, 4, 5],
			"to": [10, 16, 11],
			"rotation": {"angle": 0, "axis": "y", "origin": [8, 10, 8]},
			"faces": {
				"east": {"uv": [5, 4, 11, 16], "texture": "#cactus"},
				"west": {"uv": [5, 4, 11, 16], "texture": "#cactus"}
			}
		}
	]
}