{
	"credit": "Created by Stridey",
	"textures": {
		"quarters": "#quarters",
		"particle": "#full_block",
		"full_block": "#full_block",
		"stairs_side": "#stairs_side"
	},
	"elements": [
		{
			"from": [0, 0, 0],
			"to": [16, 8, 16],
			"faces": {
				"north": {"uv": [0, 8, 16, 16], "texture": "#stairs_side", "cullface": "north"},
				"east": {"uv": [0, 8, 16, 16], "texture": "#full_block", "cullface": "east"},
				"south": {"uv": [0, 8, 16, 16], "texture": "#full_block", "cullface": "south"},
				"west": {"uv": [16, 8, 0, 16], "texture": "#stairs_side", "cullface": "west"},
				"up": {"uv": [0, 0, 16, 16], "texture": "#quarters"},
				"down": {"uv": [0, 0, 16, 16], "texture": "#full_block", "cullface": "down"}
			}
		},
		{
			"from": [8, 8, 0],
			"to": [16, 16, 16],
			"faces": {
				"north": {"uv": [0, 0, 8, 8], "texture": "#stairs_side", "cullface": "north"},
				"east": {"uv": [0, 0, 16, 8], "texture": "#full_block", "cullface": "east"},
				"south": {"uv": [8, 0, 16, 8], "texture": "#full_block", "cullface": "south"},
				"west": {"uv": [0, 0, 16, 8], "texture": "#quarters"},
				"up": {"uv": [8, 0, 0, 16], "texture": "#stairs_side", "cullface": "up"}
			}
		},
		{
			"from": [0, 8, 8],
			"to": [8, 16, 16],
			"faces": {
				"north": {"uv": [8, 0, 16, 8], "texture": "#quarters"},
				"south": {"uv": [0, 0, 8, 8], "texture": "#full_block", "cullface": "south"},
				"west": {"uv": [8, 0, 0, 8], "texture": "#stairs_side", "cullface": "west"},
				"up": {"uv": [16, 8, 8, 16], "texture": "#stairs_side", "cullface": "up"}
			}
		}
	]
}