{
	"credit": "Created by mullak99",
	"ambientocclusion": false,
	"textures": {
		"door": "block/spruce_door_top",
		"particle": "block/spruce_door_top",
		"side_top": "m99-ctm:block/doors/spruce/side_top",
		"side_top_hinge": "m99-ctm:block/doors/spruce/side_top_hinge",
		"top": "m99-ctm:block/doors/spruce/top"
	},
	"elements": [
		{
			"name": "main",
			"from": [0, 0, 0],
			"to": [3, 16, 16],
			"faces": {
				"north": {"uv": [3, 0, 0, 16], "texture": "#side_top_hinge", "cullface": "north"},
				"east": {"uv": [16, 0, 0, 16], "texture": "#door"},
				"south": {"uv": [0, 0, 3, 16], "texture": "#side_top", "cullface": "south"},
				"west": {"uv": [0, 0, 16, 16], "texture": "#door", "cullface": "west"},
				"up": {"uv": [0, 3, 16, 0], "rotation": 90, "texture": "#top", "cullface": "up"}
			}
		},
		{
			"name": "1",
			"from": [-0.25, 0, 0],
			"to": [0, 1.5, 1],
			"faces": {
				"north": {"uv": [0, 14.5, 0.5, 16], "texture": "#door", "cullface": "west"},
				"south": {"uv": [0.5, 14.5, 1, 15], "texture": "#door", "cullface": "west"},
				"west": {"uv": [0, 14.5, 1, 16], "texture": "#door", "cullface": "west"},
				"up": {"uv": [0, 14.5, 1, 15], "rotation": 90, "texture": "#door", "cullface": "west"}
			}
		},
		{
			"name": "2",
			"from": [-0.25, 0, 1],
			"to": [0, 1, 15],
			"faces": {
				"south": {"uv": [14.5, 15, 15, 15.5], "texture": "#door", "cullface": "west"},
				"west": {"uv": [1, 15, 15, 16], "texture": "#door", "cullface": "west"},
				"up": {"uv": [1, 15, 15, 15.5], "rotation": 90, "texture": "#door", "cullface": "west"}
			}
		},
		{
			"name": "3",
			"from": [-0.25, 0, 15],
			"to": [0, 0.5, 15.5],
			"faces": {
				"south": {"uv": [15, 15.5, 15.5, 16], "texture": "#door", "cullface": "west"},
				"west": {"uv": [15, 15.5, 15.5, 16], "texture": "#door", "cullface": "west"},
				"up": {"uv": [15, 15.5, 15.5, 16], "texture": "#door", "cullface": "west"},
				"down": {"uv": [15, 15.5, 15.5, 16], "texture": "#door", "cullface": "west"}
			}
		},
		{
			"name": "4",
			"from": [-0.25, 10, 0],
			"to": [0, 12.5, 1],
			"faces": {
				"north": {"uv": [0, 3.5, 0.5, 6], "texture": "#door", "cullface": "west"},
				"south": {"uv": [0.5, 3.5, 1, 6], "texture": "#door", "cullface": "west"},
				"west": {"uv": [0, 3.5, 1, 6], "texture": "#door", "cullface": "west"},
				"up": {"uv": [0, 3.5, 1, 4], "rotation": 90, "texture": "#door", "cullface": "west"},
				"down": {"uv": [0, 5.5, 1, 6], "rotation": 90, "texture": "#door", "cullface": "west"}
			}
		},
		{
			"name": "5",
			"from": [-0.25, 10.5, 1],
			"to": [0, 12, 15],
			"faces": {
				"south": {"uv": [14.5, 5, 15, 5.5], "texture": "#door", "cullface": "west"},
				"west": {"uv": [1, 4, 15, 5.5], "texture": "#door", "cullface": "west"},
				"up": {"uv": [1, 4, 15, 4.5], "rotation": 90, "texture": "#door", "cullface": "west"},
				"down": {"uv": [1, 5, 15, 5.5], "rotation": 270, "texture": "#door", "cullface": "west"}
			}
		},
		{
			"name": "6",
			"from": [-0.25, 11, 15],
			"to": [0, 11.5, 15.5],
			"faces": {
				"south": {"uv": [15, 4.5, 15.5, 5], "texture": "#door", "cullface": "west"},
				"west": {"uv": [15, 4.5, 15.5, 5], "texture": "#door", "cullface": "west"},
				"up": {"uv": [15, 4.5, 15.5, 5], "texture": "#door", "cullface": "west"},
				"down": {"uv": [15, 4.5, 15.5, 5], "texture": "#door", "cullface": "west"}
			}
		},
		{
			"name": "1",
			"from": [3, 0, 0],
			"to": [3.25, 1.5, 1],
			"faces": {
				"north": {"uv": [0, 14.5, 0.5, 16], "texture": "#door", "cullface": "north"},
				"east": {"uv": [1, 14.5, 0, 16], "texture": "#door"},
				"south": {"uv": [0.5, 14.5, 1, 15], "texture": "#door"},
				"up": {"uv": [0, 14.5, 1, 15], "rotation": 90, "texture": "#door"}
			}
		},
		{
			"name": "2",
			"from": [3, 0, 1],
			"to": [3.25, 1, 15],
			"faces": {
				"east": {"uv": [15, 15, 1, 16], "texture": "#door"},
				"south": {"uv": [14.5, 15, 15, 15.5], "texture": "#door"},
				"up": {"uv": [1, 15, 15, 15.5], "rotation": 90, "texture": "#door"}
			}
		},
		{
			"name": "3",
			"from": [3, 0, 15],
			"to": [3.25, 0.5, 15.5],
			"faces": {
				"east": {"uv": [15, 15.5, 15.5, 16], "texture": "#door"},
				"south": {"uv": [15, 15.5, 15.5, 16], "texture": "#door"},
				"up": {"uv": [15, 15.5, 15.5, 16], "texture": "#door"},
				"down": {"uv": [15, 15.5, 15.5, 16], "texture": "#door", "cullface": "down"}
			}
		},
		{
			"name": "4",
			"from": [3, 10, 0],
			"to": [3.25, 12.5, 1],
			"faces": {
				"north": {"uv": [0, 3.5, 0.5, 6], "texture": "#door", "cullface": "north"},
				"east": {"uv": [1, 3.5, 0, 6], "texture": "#door"},
				"south": {"uv": [0.5, 3.5, 1, 6], "texture": "#door"},
				"up": {"uv": [0, 3.5, 1, 4], "rotation": 90, "texture": "#door"},
				"down": {"uv": [0, 5.5, 1, 6], "rotation": 90, "texture": "#door"}
			}
		},
		{
			"name": "5",
			"from": [3, 10.5, 1],
			"to": [3.25, 12, 15],
			"faces": {
				"east": {"uv": [15, 4, 1, 5.5], "texture": "#door"},
				"south": {"uv": [14.5, 5, 15, 5.5], "texture": "#door"},
				"up": {"uv": [1, 4, 15, 4.5], "rotation": 90, "texture": "#door"},
				"down": {"uv": [1, 5, 15, 5.5], "rotation": 270, "texture": "#door"}
			}
		},
		{
			"name": "6",
			"from": [3, 11, 15],
			"to": [3.25, 11.5, 15.5],
			"faces": {
				"east": {"uv": [15, 4.5, 15.5, 5], "texture": "#door"},
				"south": {"uv": [15, 4.5, 15.5, 5], "texture": "#door"},
				"up": {"uv": [15, 4.5, 15.5, 5], "texture": "#door"},
				"down": {"uv": [15, 4.5, 15.5, 5], "texture": "#door"}
			}
		}
	],
	"groups": [
		{
			"name": "group",
			"children": [0,
				{
					"name": "hinge1",
					"children": [1, 2, 3, 4, 5, 6]
				},
				{
					"name": "hinge2",
					"children": [7, 8, 9, 10, 11, 12]
				}
			]
		}
	]
}