{
	"credit": "Created by mullak99",
	"ambientocclusion": false,
	"textures": {
		"particle": "block/bamboo_trapdoor",
		"top": "block/bamboo_trapdoor",
		"front": "m99-ctm:block/trapdoors/bamboo/front",
		"side": "m99-ctm:block/trapdoors/bamboo/side"
	},
	"elements": [
		{
			"name": "north",
			"from": [0, 0, 0],
			"to": [16, 3, 3],
			"rotation": {"angle": 0, "axis": "x", "origin": [8, 1.5, 8]},
			"faces": {
				"north": {"uv": [0, 0, 16, 3], "texture": "#front", "cullface": "north"},
				"east": {"uv": [13, 0, 16, 3], "texture": "#side", "cullface": "east"},
				"south": {"uv": [0, 0, 16, 3], "texture": "#front"},
				"west": {"uv": [16, 0, 13, 3], "texture": "#side", "cullface": "west"},
				"up": {"uv": [0, 16, 16, 13], "texture": "#top"},
				"down": {"uv": [0, 13, 16, 16], "texture": "#top", "cullface": "down"}
			}
		},
		{
			"name": "south",
			"from": [0, 0, 13],
			"to": [16, 3, 16],
			"rotation": {"angle": 0, "axis": "x", "origin": [8, 1.5, 8]},
			"faces": {
				"north": {"uv": [0, 0, 16, 3], "texture": "#front"},
				"east": {"uv": [0, 0, 3, 3], "texture": "#side", "cullface": "east"},
				"south": {"uv": [0, 0, 16, 3], "texture": "#front", "cullface": "south"},
				"west": {"uv": [3, 0, 0, 3], "texture": "#side", "cullface": "west"},
				"up": {"uv": [0, 3, 16, 0], "texture": "#top"},
				"down": {"uv": [0, 0, 16, 3], "texture": "#top", "cullface": "down"}
			}
		},
		{
			"name": "west",
			"from": [0, 0, 3],
			"to": [3, 3, 13],
			"rotation": {"angle": 0, "axis": "x", "origin": [8, 1.5, 8]},
			"faces": {
				"east": {"uv": [3, 0, 13, 3], "texture": "#side"},
				"west": {"uv": [13, 0, 3, 3], "texture": "#side", "cullface": "west"},
				"up": {"uv": [0, 13, 3, 3], "texture": "#top"},
				"down": {"uv": [0, 3, 3, 13], "texture": "#top", "cullface": "down"}
			}
		},
		{
			"name": "east",
			"from": [13, 0, 3],
			"to": [16, 3, 13],
			"rotation": {"angle": 0, "axis": "x", "origin": [8, 1.5, 8]},
			"faces": {
				"east": {"uv": [3, 0, 13, 3], "texture": "#side", "cullface": "east"},
				"west": {"uv": [13, 0, 3, 3], "texture": "#side"},
				"up": {"uv": [13, 13, 16, 3], "texture": "#top"},
				"down": {"uv": [13, 3, 16, 13], "texture": "#top", "cullface": "down"}
			}
		},
		{
			"name": "1",
			"from": [11, 0.5, 3],
			"to": [11.5, 2.5, 13],
			"rotation": {"angle": 0, "axis": "x", "origin": [8, 1.5, 8]},
			"faces": {
				"east": {"uv": [3, 0.5, 13, 2.5], "texture": "#side"},
				"west": {"uv": [13, 0.5, 3, 2.5], "texture": "#side"},
				"up": {"uv": [4.5, 3, 5, 13], "texture": "#top"},
				"down": {"uv": [4.5, 3, 5, 13], "texture": "#top"}
			}
		},
		{
			"name": "2",
			"from": [9, 0.5, 9],
			"to": [9.5, 2.5, 13],
			"rotation": {"angle": 0, "axis": "x", "origin": [8, 1.5, 8]},
			"faces": {
				"north": {"uv": [6.5, 0.5, 7, 2.5], "texture": "#front"},
				"east": {"uv": [3, 0.5, 7, 2.5], "texture": "#side"},
				"west": {"uv": [7, 0.5, 3, 2.5], "texture": "#side"},
				"up": {"uv": [6.5, 3, 7, 7], "texture": "#top"},
				"down": {"uv": [6.5, 3, 7, 7], "texture": "#top"}
			}
		},
		{
			"name": "3",
			"from": [9, 0.5, 3],
			"to": [9.5, 2.5, 7],
			"rotation": {"angle": 0, "axis": "x", "origin": [8, 1.5, 8]},
			"faces": {
				"east": {"uv": [9, 0.5, 13, 2.5], "texture": "#side"},
				"south": {"uv": [9, 0.5, 9.5, 2.5], "texture": "#front"},
				"west": {"uv": [13, 0.5, 9, 2.5], "texture": "#side"},
				"up": {"uv": [6.5, 9, 7, 13], "texture": "#top"},
				"down": {"uv": [6.5, 9, 7, 13], "texture": "#top"}
			}
		},
		{
			"name": "4",
			"from": [6.5, 0.5, 3],
			"to": [7, 2.5, 7],
			"rotation": {"angle": 0, "axis": "x", "origin": [8, 1.5, 8]},
			"faces": {
				"east": {"uv": [9, 0.5, 13, 2.5], "texture": "#side"},
				"south": {"uv": [6.5, 0.5, 7, 2.5], "texture": "#front"},
				"west": {"uv": [13, 0.5, 9, 2.5], "texture": "#side"},
				"up": {"uv": [9, 9, 9.5, 13], "texture": "#top"},
				"down": {"uv": [9, 9, 9.5, 13], "texture": "#top"}
			}
		},
		{
			"name": "5",
			"from": [6.5, 0.5, 9],
			"to": [7, 2.5, 13],
			"rotation": {"angle": 0, "axis": "x", "origin": [8, 1.5, 8]},
			"faces": {
				"north": {"uv": [9, 0.5, 9.5, 2.5], "texture": "#front"},
				"east": {"uv": [3, 0.5, 7, 2.5], "texture": "#side"},
				"west": {"uv": [7, 0.5, 3, 2.5], "texture": "#side"},
				"up": {"uv": [9, 3, 9.5, 7], "texture": "#top"},
				"down": {"uv": [9, 3, 9.5, 7], "texture": "#top"}
			}
		},
		{
			"name": "6",
			"from": [4.5, 0.5, 3],
			"to": [5, 2.5, 13],
			"rotation": {"angle": 0, "axis": "x", "origin": [8, 1.5, 8]},
			"faces": {
				"east": {"uv": [3, 0.5, 13, 2.5], "texture": "#side"},
				"west": {"uv": [13, 0.5, 3, 2.5], "texture": "#side"},
				"up": {"uv": [11, 3, 11.5, 13], "texture": "#top"},
				"down": {"uv": [11, 3, 11.5, 13], "texture": "#top"}
			}
		},
		{
			"name": "1",
			"from": [3, 0.5, 4.5],
			"to": [13, 2.5, 5],
			"rotation": {"angle": 0, "axis": "y", "origin": [8, 1.5, 8]},
			"faces": {
				"north": {"uv": [3, 0.5, 13, 2.5], "texture": "#front"},
				"south": {"uv": [13, 0.5, 3, 2.5], "texture": "#front"},
				"up": {"uv": [3, 11, 13, 11.5], "rotation": 180, "texture": "#top"},
				"down": {"uv": [3, 11, 13, 11.5], "rotation": 180, "texture": "#top"}
			}
		},
		{
			"name": "2",
			"from": [9.5, 0.5, 6.5],
			"to": [13, 2.5, 7],
			"rotation": {"angle": 0, "axis": "y", "origin": [8, 1.5, 8]},
			"faces": {
				"north": {"uv": [3, 0.5, 6.5, 2.5], "texture": "#front"},
				"south": {"uv": [6.5, 0.5, 3, 2.5], "texture": "#front"},
				"west": {"uv": [6.5, 0.5, 7, 2.5], "texture": "#side"},
				"up": {"uv": [3, 9, 6.5, 9.5], "rotation": 180, "texture": "#top"},
				"down": {"uv": [3, 9, 6.5, 9.5], "rotation": 180, "texture": "#top"}
			}
		},
		{
			"name": "3",
			"from": [3, 0.5, 6.5],
			"to": [6.5, 2.5, 7],
			"rotation": {"angle": 0, "axis": "y", "origin": [8, 1.5, 8]},
			"faces": {
				"north": {"uv": [9.5, 0.5, 13, 2.5], "texture": "#front"},
				"east": {"uv": [9, 0.5, 9.5, 2.5], "texture": "#side"},
				"south": {"uv": [13, 0.5, 9.5, 2.5], "texture": "#front"},
				"up": {"uv": [9.5, 9, 13, 9.5], "rotation": 180, "texture": "#top"},
				"down": {"uv": [9.5, 9, 13, 9.5], "rotation": 180, "texture": "#top"}
			}
		},
		{
			"name": "4",
			"from": [3, 0.5, 9],
			"to": [6.5, 2.5, 9.5],
			"rotation": {"angle": 0, "axis": "y", "origin": [8, 1.5, 8]},
			"faces": {
				"north": {"uv": [9.5, 0.5, 13, 2.5], "texture": "#front"},
				"east": {"uv": [6.5, 0.5, 7, 2.5], "texture": "#side"},
				"south": {"uv": [13, 0.5, 9.5, 2.5], "texture": "#front"},
				"up": {"uv": [9.5, 6.5, 13, 7], "rotation": 180, "texture": "#top"},
				"down": {"uv": [9.5, 6.5, 13, 7], "rotation": 180, "texture": "#top"}
			}
		},
		{
			"name": "5",
			"from": [9.5, 0.5, 9],
			"to": [13, 2.5, 9.5],
			"rotation": {"angle": 0, "axis": "y", "origin": [8, 1.5, 8]},
			"faces": {
				"north": {"uv": [3, 0.5, 6.5, 2.5], "texture": "#front"},
				"south": {"uv": [6.5, 0.5, 3, 2.5], "texture": "#front"},
				"west": {"uv": [9, 0.5, 9.5, 2.5], "texture": "#side"},
				"up": {"uv": [3, 6.5, 6.5, 7], "rotation": 180, "texture": "#top"},
				"down": {"uv": [3, 6.5, 6.5, 7], "rotation": 180, "texture": "#top"}
			}
		},
		{
			"name": "6",
			"from": [3, 0.5, 11],
			"to": [13, 2.5, 11.5],
			"rotation": {"angle": 0, "axis": "y", "origin": [8, 1.5, 8]},
			"faces": {
				"north": {"uv": [3, 0.5, 13, 2.5], "texture": "#front"},
				"south": {"uv": [13, 0.5, 3, 2.5], "texture": "#front"},
				"up": {"uv": [3, 4.5, 13, 5], "rotation": 180, "texture": "#top"},
				"down": {"uv": [3, 4.5, 13, 5], "rotation": 180, "texture": "#top"}
			}
		}
	],
	"display": {
		"thirdperson_righthand": {
			"rotation": [75, 45, 0],
			"translation": [0, 2.5, 0],
			"scale": [0.375, 0.375, 0.375]
		},
		"firstperson_righthand": {
			"rotation": [0, 45, 0],
			"scale": [0.4, 0.4, 0.4]
		},
		"firstperson_lefthand": {
			"rotation": [0, 225, 0],
			"scale": [0.4, 0.4, 0.4]
		},
		"ground": {
			"translation": [0, 3, 0],
			"scale": [0.25, 0.25, 0.25]
		},
		"gui": {
			"rotation": [30, 225, 0],
			"scale": [0.625, 0.625, 0.625]
		},
		"fixed": {
			"scale": [0.5, 0.5, 0.5]
		}
	},
	"groups": [
		{
			"name": "group",
			"origin": [8, 8, 8],
			"color": 0,
			"children": [
				0,
				1,
				2,
				3,
				{
					"name": "inside",
					"origin": [8, 8, 8],
					"color": 0,
					"children": [
						{
							"name": "vert",
							"origin": [8, 8, 8],
							"color": 0,
							"children": [4, 5, 6, 7, 8, 9]
						},
						{
							"name": "hor",
							"origin": [8, 8, 8],
							"color": 0,
							"children": [10, 11, 12, 13, 14, 15]
						}
					]
				}
			]
		}
	]
}