{
	"credit": "Created by mullak99",
	"ambientocclusion": false,
	"textures": {
		"particle": "block/acacia_trapdoor",
		"top": "block/acacia_trapdoor",
		"front": "m99-ctm:block/trapdoors/acacia/front",
		"side": "m99-ctm:block/trapdoors/acacia/side"
	},
	"elements": [
		{
			"name": "north",
			"from": [0, 13, 0],
			"to": [16, 16, 3],
			"rotation": {"angle": 0, "axis": "y", "origin": [8, 1.5, 7.75]},
			"faces": {
				"north": {"uv": [0, 0, 16, 3], "texture": "#front", "cullface": "north"},
				"east": {"uv": [13, 0, 16, 3], "texture": "#side", "cullface": "east"},
				"south": {"uv": [0, 0, 16, 3], "texture": "#front"},
				"west": {"uv": [0, 0, 3, 3], "texture": "#side", "cullface": "west"},
				"up": {"uv": [0, 16, 16, 13], "texture": "#top", "cullface": "up"},
				"down": {"uv": [0, 13, 16, 16], "texture": "#top"}
			}
		},
		{
			"name": "south",
			"from": [0, 13, 13],
			"to": [16, 16, 16],
			"rotation": {"angle": 0, "axis": "y", "origin": [8, 1.5, 7.75]},
			"faces": {
				"north": {"uv": [0, 0, 16, 3], "texture": "#front"},
				"east": {"uv": [0, 0, 3, 3], "texture": "#side", "cullface": "east"},
				"south": {"uv": [0, 0, 16, 3], "texture": "#front", "cullface": "south"},
				"west": {"uv": [13, 0, 16, 3], "texture": "#side", "cullface": "west"},
				"up": {"uv": [0, 3, 16, 0], "texture": "#top", "cullface": "up"},
				"down": {"uv": [0, 0, 16, 3], "texture": "#top"}
			}
		},
		{
			"name": "west",
			"from": [0, 13, 3],
			"to": [2, 16, 13],
			"rotation": {"angle": 0, "axis": "y", "origin": [8, 1.5, 7.75]},
			"faces": {
				"east": {"uv": [3, 0, 13, 3], "texture": "#side"},
				"west": {"uv": [3, 0, 13, 3], "texture": "#side", "cullface": "west"},
				"up": {"uv": [0, 13, 2, 3], "texture": "#top", "cullface": "up"},
				"down": {"uv": [0, 3, 2, 13], "texture": "#top"}
			}
		},
		{
			"name": "east",
			"from": [14, 13, 3],
			"to": [16, 16, 13],
			"rotation": {"angle": 0, "axis": "y", "origin": [8, 1.5, 7.75]},
			"faces": {
				"east": {"uv": [3, 0, 13, 3], "texture": "#side", "cullface": "east"},
				"west": {"uv": [3, 0, 13, 3], "texture": "#side"},
				"up": {"uv": [14, 13, 16, 3], "texture": "#top", "cullface": "up"},
				"down": {"uv": [14, 3, 16, 13], "texture": "#top"}
			}
		},
		{
			"name": "vert1",
			"from": [9, 13, 3],
			"to": [12, 16, 13],
			"rotation": {"angle": 0, "axis": "y", "origin": [8, 1.5, 7.75]},
			"faces": {
				"east": {"uv": [3, 0, 13, 3], "texture": "#side"},
				"west": {"uv": [3, 0, 13, 3], "texture": "#side"},
				"up": {"uv": [9, 13, 12, 3], "texture": "#top", "cullface": "up"},
				"down": {"uv": [9, 3, 12, 13], "texture": "#top"}
			}
		},
		{
			"name": "vert2",
			"from": [4, 13, 3],
			"to": [7, 16, 13],
			"rotation": {"angle": 0, "axis": "y", "origin": [8, 1.5, 7.75]},
			"faces": {
				"east": {"uv": [3, 0, 13, 3], "texture": "#side"},
				"west": {"uv": [3, 0, 13, 3], "texture": "#side"},
				"up": {"uv": [4, 13, 7, 3], "texture": "#top", "cullface": "up"},
				"down": {"uv": [4, 3, 7, 13], "texture": "#top"}
			}
		},
		{
			"name": "1",
			"from": [5, 16, 0],
			"to": [11, 16.5, 2],
			"rotation": {"angle": 0, "axis": "y", "origin": [8, 1.5, 7.75]},
			"faces": {
				"north": {"uv": [5, 15.5, 11, 16], "texture": "#top", "cullface": "north"},
				"east": {"uv": [5, 14, 5.5, 16], "rotation": 270, "texture": "#top", "cullface": "up"},
				"south": {"uv": [5, 14, 11, 14.5], "texture": "#top", "cullface": "up"},
				"west": {"uv": [10.5, 14, 11, 16], "rotation": 90, "texture": "#top", "cullface": "up"},
				"up": {"uv": [5, 16, 11, 14], "texture": "#top", "cullface": "up"}
			}
		},
		{
			"name": "2",
			"from": [5, 12.5, 0],
			"to": [11, 13, 2],
			"rotation": {"angle": 0, "axis": "y", "origin": [8, 1.5, 7.75]},
			"faces": {
				"north": {"uv": [5, 15.5, 11, 16], "texture": "#top", "cullface": "north"},
				"east": {"uv": [5, 14, 5.5, 16], "rotation": 270, "texture": "#top"},
				"south": {"uv": [5, 14, 11, 14.5], "texture": "#top"},
				"west": {"uv": [10.5, 14, 11, 16], "rotation": 90, "texture": "#top"},
				"down": {"uv": [5, 14, 11, 16], "texture": "#top"}
			}
		}
	],
	"display": {
		"thirdperson_righthand": {
			"rotation": [75, 45, 0],
			"translation": [0, 2.5, 0],
			"scale": [0.375, 0.375, 0.375]
		},
		"firstperson_righthand": {
			"rotation": [0, 45, 0],
			"scale": [0.4, 0.4, 0.4]
		},
		"firstperson_lefthand": {
			"rotation": [0, 225, 0],
			"scale": [0.4, 0.4, 0.4]
		},
		"ground": {
			"translation": [0, 3, 0],
			"scale": [0.25, 0.25, 0.25]
		},
		"gui": {
			"rotation": [30, 225, 0],
			"scale": [0.625, 0.625, 0.625]
		},
		"fixed": {
			"scale": [0.5, 0.5, 0.5]
		}
	},
	"groups": [
		{
			"name": "group",
			"origin": [8, 8, 8],
			"color": 0,
			"children": [
				0,
				1,
				2,
				3,
				4,
				5,
				{
					"name": "handle",
					"origin": [0, 0, 0],
					"color": 0,
					"children": [6, 7]
				}
			]
		}
	]
}