{
	"credit": "Created by mullak99",
	"ambientocclusion": false,
	"textures": {
		"particle": "block/warped_door_bottom",
		"door": "block/warped_door_bottom",
		"side_bottom_hinge": "m99-ctm:block/doors/warped/side_bottom_hinge",
		"side_bottom": "m99-ctm:block/doors/warped/side_bottom",
		"bottom": "m99-ctm:block/doors/warped/bottom"
	},
	"elements": [
		{
			"name": "1",
			"from": [-0.25, 13.5, 0.5],
			"to": [3.25, 14.5, 1],
			"faces": {
				"north": {"uv": [0.5, 1.5, 1, 2.5], "texture": "#door"},
				"east": {"uv": [1, 1.5, 0.5, 2.5], "texture": "#door"},
				"south": {"uv": [0.5, 1.5, 1, 2.5], "texture": "#door"},
				"west": {"uv": [0.5, 1.5, 1, 2.5], "texture": "#door", "cullface": "west"},
				"up": {"uv": [0.5, 1.5, 1, 2], "rotation": 90, "texture": "#door"},
				"down": {"uv": [0.5, 2, 1, 2.5], "rotation": 90, "texture": "#door"}
			}
		},
		{
			"name": "2",
			"from": [-0.25, 14, 1],
			"to": [3.25, 15, 2],
			"faces": {
				"north": {"uv": [1, 1, 1.5, 2], "texture": "#door"},
				"east": {"uv": [2, 1, 1, 2], "texture": "#door"},
				"south": {"uv": [1.5, 1, 2, 2], "texture": "#door"},
				"west": {"uv": [1, 1, 2, 2], "texture": "#door", "cullface": "west"},
				"up": {"uv": [1, 1, 2, 1.5], "rotation": 90, "texture": "#door"},
				"down": {"uv": [1, 1.5, 2, 2], "rotation": 90, "texture": "#door"}
			}
		},
		{
			"name": "3",
			"from": [-0.25, 14.5, 2],
			"to": [3.25, 15.5, 3],
			"faces": {
				"north": {"uv": [2, 0.5, 2.5, 1.5], "texture": "#door"},
				"east": {"uv": [3, 0.5, 2, 1.5], "texture": "#door"},
				"south": {"uv": [2.5, 0.5, 3, 1.5], "texture": "#door"},
				"west": {"uv": [2, 0.5, 3, 1.5], "texture": "#door", "cullface": "west"},
				"up": {"uv": [2, 0.5, 3, 1], "rotation": 90, "texture": "#door"},
				"down": {"uv": [2, 1, 3, 1.5], "rotation": 90, "texture": "#door"}
			}
		},
		{
			"name": "4",
			"from": [-0.25, 15, 3],
			"to": [3.25, 15.5, 4],
			"faces": {
				"east": {"uv": [4, 0.5, 3, 1], "texture": "#door"},
				"south": {"uv": [3.5, 0.5, 4, 1], "texture": "#door"},
				"west": {"uv": [3, 0.5, 4, 1], "texture": "#door", "cullface": "west"},
				"up": {"uv": [3, 0.5, 4, 1], "rotation": 90, "texture": "#door"},
				"down": {"uv": [3, 0.5, 4, 1], "rotation": 90, "texture": "#door"}
			}
		},
		{
			"name": "5",
			"from": [-0.25, 14.5, 3.5],
			"to": [3.25, 15, 6],
			"faces": {
				"north": {"uv": [3.5, 1, 4, 1.5], "texture": "#door"},
				"east": {"uv": [6, 1, 3.5, 1.5], "texture": "#door"},
				"south": {"uv": [5.5, 1, 6, 1.5], "texture": "#door"},
				"west": {"uv": [3.5, 1, 6, 1.5], "texture": "#door", "cullface": "west"},
				"up": {"uv": [3.5, 1, 6, 1.5], "rotation": 90, "texture": "#door"},
				"down": {"uv": [3.5, 1, 6, 1.5], "rotation": 90, "texture": "#door"}
			}
		},
		{
			"name": "6",
			"from": [-0.25, 14, 4.5],
			"to": [3.25, 14.5, 5.5],
			"faces": {
				"north": {"uv": [4.5, 1.5, 5, 2], "texture": "#door"},
				"east": {"uv": [5.5, 1.5, 4.5, 2], "texture": "#door"},
				"south": {"uv": [5, 1.5, 5.5, 2], "texture": "#door"},
				"west": {"uv": [4.5, 1.5, 5.5, 2], "texture": "#door", "cullface": "west"},
				"down": {"uv": [4.5, 1.5, 5.5, 2], "rotation": 90, "texture": "#door"}
			}
		},
		{
			"name": "7",
			"from": [-0.25, 15, 5.5],
			"to": [3.25, 15.5, 6.5],
			"faces": {
				"north": {"uv": [5.5, 0.5, 6, 1], "texture": "#door"},
				"east": {"uv": [6.5, 0.5, 5.5, 1], "texture": "#door"},
				"south": {"uv": [6, 0.5, 6.5, 1], "texture": "#door"},
				"west": {"uv": [5.5, 0.5, 6.5, 1], "texture": "#door", "cullface": "west"},
				"up": {"uv": [5.5, 0.5, 6.5, 1], "rotation": 90, "texture": "#door"},
				"down": {"uv": [5.5, 0.5, 6.5, 1], "rotation": 90, "texture": "#door"}
			}
		},
		{
			"name": "8",
			"from": [-0.25, 15.5, 6],
			"to": [3.25, 16, 7],
			"faces": {
				"north": {"uv": [6, 0, 6.5, 0.5], "texture": "#door"},
				"east": {"uv": [7, 0, 6, 0.5], "texture": "#door"},
				"south": {"uv": [6.5, 0, 7, 0.5], "texture": "#door"},
				"west": {"uv": [6, 0, 7, 0.5], "texture": "#door", "cullface": "west"},
				"up": {"uv": [6, 0, 7, 0.5], "rotation": 90, "texture": "#door", "cullface": "up"},
				"down": {"uv": [6, 0, 7, 0.5], "rotation": 90, "texture": "#door"}
			}
		},
		{
			"name": "1",
			"from": [-0.25, 6.5, 0],
			"to": [0, 7.5, 1],
			"faces": {
				"north": {"uv": [0, 8.5, 0.5, 9.5], "texture": "#door", "cullface": "west"},
				"south": {"uv": [0.5, 8.5, 1, 9.5], "texture": "#door", "cullface": "west"},
				"west": {"uv": [0, 8.5, 1, 9.5], "texture": "#door", "cullface": "west"},
				"up": {"uv": [0, 8.5, 1, 9], "rotation": 90, "texture": "#door", "cullface": "west"},
				"down": {"uv": [0, 9, 1, 9.5], "rotation": 90, "texture": "#door", "cullface": "west"}
			}
		},
		{
			"name": "2",
			"from": [-0.25, 7, 1],
			"to": [3.25, 8, 2],
			"faces": {
				"north": {"uv": [1, 8, 1.5, 9], "texture": "#door"},
				"east": {"uv": [2, 8, 1, 9], "texture": "#door"},
				"south": {"uv": [1.5, 8, 2, 9], "texture": "#door"},
				"west": {"uv": [1, 8, 2, 9], "texture": "#door", "cullface": "west"},
				"up": {"uv": [1, 8, 2, 8.5], "rotation": 90, "texture": "#door"},
				"down": {"uv": [1, 8.5, 2, 9], "rotation": 90, "texture": "#door"}
			}
		},
		{
			"name": "3",
			"from": [-0.25, 7.5, 2],
			"to": [3.25, 8.5, 2.5],
			"faces": {
				"north": {"uv": [2, 7.5, 2.5, 8.5], "texture": "#door"},
				"east": {"uv": [2.5, 7.5, 2, 8.5], "texture": "#door"},
				"south": {"uv": [2, 7.5, 2.5, 8.5], "texture": "#door"},
				"west": {"uv": [2, 7.5, 2.5, 8.5], "texture": "#door", "cullface": "west"},
				"up": {"uv": [2, 7.5, 2.5, 8], "rotation": 90, "texture": "#door"},
				"down": {"uv": [2, 8, 2.5, 8.5], "rotation": 90, "texture": "#door"}
			}
		},
		{
			"name": "4",
			"from": [-0.25, 8, 2.5],
			"to": [3.25, 9, 3.5],
			"faces": {
				"north": {"uv": [2.5, 7, 3, 8], "texture": "#door"},
				"east": {"uv": [3.5, 7, 2.5, 8], "texture": "#door"},
				"south": {"uv": [3, 7, 3.5, 8], "texture": "#door"},
				"west": {"uv": [2.5, 7, 3.5, 8], "texture": "#door", "cullface": "west"},
				"up": {"uv": [2.5, 7, 3.5, 7.5], "rotation": 90, "texture": "#door"},
				"down": {"uv": [2.5, 7.5, 3.5, 8], "rotation": 90, "texture": "#door"}
			}
		},
		{
			"name": "5",
			"from": [-0.25, 7.5, 3.5],
			"to": [3.25, 8.5, 4],
			"faces": {
				"north": {"uv": [3.5, 7.5, 4, 8.5], "texture": "#door"},
				"east": {"uv": [4, 7.5, 3.5, 8.5], "texture": "#door"},
				"south": {"uv": [3.5, 7.5, 4, 8.5], "texture": "#door"},
				"west": {"uv": [3.5, 7.5, 4, 8.5], "texture": "#door", "cullface": "west"},
				"up": {"uv": [3.5, 7.5, 4, 8], "rotation": 90, "texture": "#door"},
				"down": {"uv": [3.5, 8, 4, 8.5], "rotation": 90, "texture": "#door"}
			}
		},
		{
			"name": "6",
			"from": [-0.25, 7, 4],
			"to": [3.25, 8, 4.5],
			"faces": {
				"north": {"uv": [4, 8, 4.5, 9], "texture": "#door"},
				"east": {"uv": [4.5, 8, 4, 9], "texture": "#door"},
				"south": {"uv": [4, 8, 4.5, 9], "texture": "#door"},
				"west": {"uv": [4, 8, 4.5, 9], "texture": "#door", "cullface": "west"},
				"up": {"uv": [4, 8, 4.5, 8.5], "rotation": 90, "texture": "#door"},
				"down": {"uv": [4, 8.5, 4.5, 9], "rotation": 90, "texture": "#door"}
			}
		},
		{
			"name": "7",
			"from": [-0.25, 6, 4.5],
			"to": [3.25, 7.5, 5],
			"faces": {
				"north": {"uv": [4.5, 8.5, 5, 10], "texture": "#door"},
				"east": {"uv": [5, 8.5, 4.5, 10], "texture": "#door"},
				"south": {"uv": [4.5, 8.5, 5, 10], "texture": "#door"},
				"west": {"uv": [4.5, 8.5, 5, 10], "texture": "#door", "cullface": "west"},
				"up": {"uv": [4.5, 8.5, 5, 9], "rotation": 90, "texture": "#door"},
				"down": {"uv": [4.5, 9.5, 5, 10], "rotation": 90, "texture": "#door"}
			}
		},
		{
			"name": "8",
			"from": [-0.25, 5.5, 5],
			"to": [3.25, 7, 5.5],
			"faces": {
				"north": {"uv": [5, 9, 5.5, 10.5], "texture": "#door"},
				"east": {"uv": [5.5, 9, 5, 10.5], "texture": "#door"},
				"south": {"uv": [5, 9, 5.5, 10.5], "texture": "#door"},
				"west": {"uv": [5, 9, 5.5, 10.5], "texture": "#door", "cullface": "west"},
				"up": {"uv": [5, 9, 5.5, 9.5], "rotation": 90, "texture": "#door"},
				"down": {"uv": [5, 10, 5.5, 10.5], "rotation": 90, "texture": "#door"}
			}
		},
		{
			"name": "6",
			"from": [-0.25, 5, 5.5],
			"to": [3.25, 6, 6.5],
			"faces": {
				"north": {"uv": [5.5, 10, 6, 11], "texture": "#door"},
				"east": {"uv": [6.5, 10, 5.5, 11], "texture": "#door"},
				"south": {"uv": [6, 10, 6.5, 11], "texture": "#door"},
				"west": {"uv": [5.5, 10, 6.5, 11], "texture": "#door", "cullface": "west"},
				"up": {"uv": [5.5, 10, 6.5, 10.5], "rotation": 90, "texture": "#door"},
				"down": {"uv": [5.5, 10.5, 6.5, 11], "rotation": 90, "texture": "#door"}
			}
		},
		{
			"name": "7",
			"from": [-0.25, 4.5, 6.5],
			"to": [3.25, 5.5, 7.5],
			"faces": {
				"north": {"uv": [6.5, 10.5, 7, 11.5], "texture": "#door"},
				"east": {"uv": [7.5, 10.5, 6.5, 11.5], "texture": "#door"},
				"south": {"uv": [7, 10.5, 7.5, 11.5], "texture": "#door"},
				"west": {"uv": [6.5, 10.5, 7.5, 11.5], "texture": "#door", "cullface": "west"},
				"up": {"uv": [6.5, 10.5, 7.5, 11], "rotation": 90, "texture": "#door"},
				"down": {"uv": [6.5, 11, 7.5, 11.5], "rotation": 90, "texture": "#door"}
			}
		},
		{
			"name": "8",
			"from": [-0.25, 4, 7],
			"to": [3.25, 4.5, 7.5],
			"faces": {
				"north": {"uv": [7, 11.5, 7.5, 12], "texture": "#door"},
				"east": {"uv": [7.5, 11.5, 7, 12], "texture": "#door"},
				"west": {"uv": [7, 11.5, 7.5, 12], "texture": "#door", "cullface": "west"},
				"down": {"uv": [7, 11.5, 7.5, 12], "rotation": 90, "texture": "#door"}
			}
		},
		{
			"name": "9",
			"from": [-0.25, 4, 7.5],
			"to": [3.25, 5, 9],
			"faces": {
				"east": {"uv": [9, 11, 7.5, 12], "texture": "#door"},
				"south": {"uv": [8.5, 11, 9, 12], "texture": "#door"},
				"west": {"uv": [7.5, 11, 9, 12], "texture": "#door", "cullface": "west"},
				"up": {"uv": [7.5, 11, 9, 11.5], "rotation": 90, "texture": "#door"},
				"down": {"uv": [7.5, 11, 9, 11.5], "rotation": 90, "texture": "#door"}
			}
		},
		{
			"name": "10",
			"from": [-0.25, 4.5, 9],
			"to": [3.25, 5.5, 9.5],
			"faces": {
				"north": {"uv": [9, 10.5, 9.5, 11.5], "texture": "#door"},
				"east": {"uv": [9.5, 10.5, 9, 11.5], "texture": "#door"},
				"south": {"uv": [9, 10.5, 9.5, 11.5], "texture": "#door"},
				"west": {"uv": [9, 10.5, 9.5, 11.5], "texture": "#door", "cullface": "west"},
				"up": {"uv": [9, 10.5, 9.5, 11], "rotation": 90, "texture": "#door"},
				"down": {"uv": [9, 11, 9.5, 11.5], "rotation": 90, "texture": "#door"}
			}
		},
		{
			"name": "11",
			"from": [-0.25, 5, 9.5],
			"to": [3.25, 7, 10],
			"faces": {
				"north": {"uv": [9.5, 9, 10, 11], "texture": "#door"},
				"east": {"uv": [10, 9, 9.5, 11], "texture": "#door"},
				"south": {"uv": [9.5, 9, 10, 11], "texture": "#door"},
				"west": {"uv": [9.5, 9, 10, 11], "texture": "#door", "cullface": "west"},
				"up": {"uv": [9.5, 9, 10, 9.5], "rotation": 90, "texture": "#door"},
				"down": {"uv": [9.5, 10.5, 10, 11], "rotation": 90, "texture": "#door"}
			}
		},
		{
			"name": "12",
			"from": [-0.25, 6, 10],
			"to": [3.25, 8, 10.5],
			"faces": {
				"north": {"uv": [10, 8, 10.5, 10], "texture": "#door"},
				"east": {"uv": [10.5, 8, 10, 10], "texture": "#door"},
				"south": {"uv": [10, 8, 10.5, 10], "texture": "#door"},
				"west": {"uv": [10, 8, 10.5, 10], "texture": "#door", "cullface": "west"},
				"up": {"uv": [10, 8, 10.5, 8.5], "rotation": 90, "texture": "#door"},
				"down": {"uv": [10, 9.5, 10.5, 10], "rotation": 90, "texture": "#door"}
			}
		},
		{
			"name": "13",
			"from": [-0.25, 7.5, 10.5],
			"to": [3.25, 9, 11],
			"faces": {
				"north": {"uv": [10.5, 7, 11, 8.5], "texture": "#door"},
				"east": {"uv": [11, 7, 10.5, 8.5], "texture": "#door"},
				"south": {"uv": [10.5, 7, 11, 8.5], "texture": "#door"},
				"west": {"uv": [10.5, 7, 11, 8.5], "texture": "#door", "cullface": "west"},
				"up": {"uv": [10.5, 7, 11, 7.5], "rotation": 90, "texture": "#door"},
				"down": {"uv": [10.5, 8, 11, 8.5], "rotation": 90, "texture": "#door"}
			}
		},
		{
			"name": "14",
			"from": [-0.25, 8.5, 11],
			"to": [3.25, 9.5, 11.5],
			"faces": {
				"north": {"uv": [11, 6.5, 11.5, 7.5], "texture": "#door"},
				"east": {"uv": [11.5, 6.5, 11, 7.5], "texture": "#door"},
				"south": {"uv": [11, 6.5, 11.5, 7.5], "texture": "#door"},
				"west": {"uv": [11, 6.5, 11.5, 7.5], "texture": "#door", "cullface": "west"},
				"up": {"uv": [11, 6.5, 11.5, 7], "rotation": 90, "texture": "#door"},
				"down": {"uv": [11, 7, 11.5, 7.5], "rotation": 90, "texture": "#door"}
			}
		},
		{
			"name": "15",
			"from": [-0.25, 9, 11.5],
			"to": [3.25, 10, 12],
			"faces": {
				"north": {"uv": [11.5, 6, 12, 7], "texture": "#door"},
				"east": {"uv": [12, 6, 11.5, 7], "texture": "#door"},
				"south": {"uv": [11.5, 6, 12, 7], "texture": "#door"},
				"west": {"uv": [11.5, 6, 12, 7], "texture": "#door", "cullface": "west"},
				"up": {"uv": [11.5, 6, 12, 6.5], "rotation": 90, "texture": "#door"},
				"down": {"uv": [11.5, 6.5, 12, 7], "rotation": 90, "texture": "#door"}
			}
		},
		{
			"name": "16",
			"from": [-0.25, 9.5, 12],
			"to": [3.25, 10.5, 12.5],
			"faces": {
				"north": {"uv": [11.5, 6, 12, 7], "texture": "#door"},
				"east": {"uv": [12, 6, 11.5, 7], "texture": "#door"},
				"south": {"uv": [11.5, 6, 12, 7], "texture": "#door"},
				"west": {"uv": [11.5, 6, 12, 7], "texture": "#door", "cullface": "west"},
				"up": {"uv": [11.5, 6, 12, 6.5], "rotation": 90, "texture": "#door"},
				"down": {"uv": [11.5, 6.5, 12, 7], "rotation": 90, "texture": "#door"}
			}
		},
		{
			"name": "17",
			"from": [-0.25, 10, 12.5],
			"to": [3.25, 10.5, 13.5],
			"faces": {
				"east": {"uv": [13.5, 5.5, 12.5, 6], "texture": "#door"},
				"west": {"uv": [12.5, 5.5, 13.5, 6], "texture": "#door", "cullface": "west"},
				"up": {"uv": [12.5, 5.5, 13.5, 6], "rotation": 90, "texture": "#door"},
				"down": {"uv": [12.5, 5.5, 13.5, 6], "rotation": 90, "texture": "#door"}
			}
		},
		{
			"name": "18",
			"from": [-0.25, 9.5, 13.5],
			"to": [3.25, 10.5, 14],
			"faces": {
				"north": {"uv": [13.5, 5.5, 14, 6.5], "texture": "#door"},
				"east": {"uv": [14, 5.5, 13.5, 6.5], "texture": "#door"},
				"south": {"uv": [13.5, 5.5, 14, 6.5], "texture": "#door"},
				"west": {"uv": [13.5, 5.5, 14, 6.5], "texture": "#door", "cullface": "west"},
				"up": {"uv": [13.5, 5.5, 14, 6], "rotation": 90, "texture": "#door"},
				"down": {"uv": [13.5, 6, 14, 6.5], "rotation": 90, "texture": "#door"}
			}
		},
		{
			"name": "19",
			"from": [-0.25, 9, 14],
			"to": [3.25, 10, 15],
			"faces": {
				"north": {"uv": [14, 6, 14.5, 7], "texture": "#door"},
				"east": {"uv": [15, 6, 14, 7], "texture": "#door"},
				"south": {"uv": [14.5, 6, 15, 7], "texture": "#door"},
				"west": {"uv": [14, 6, 15, 7], "texture": "#door", "cullface": "west"},
				"up": {"uv": [14, 6, 15, 6.5], "rotation": 90, "texture": "#door"},
				"down": {"uv": [14, 6.5, 15, 7], "rotation": 90, "texture": "#door"}
			}
		},
		{
			"name": "20",
			"from": [-0.25, 9, 15],
			"to": [3.25, 9.5, 15.5],
			"faces": {
				"east": {"uv": [15.5, 6.5, 15, 7], "texture": "#door"},
				"south": {"uv": [15, 6.5, 15.5, 7], "texture": "#door"},
				"west": {"uv": [15, 6.5, 15.5, 7], "texture": "#door", "cullface": "west"},
				"up": {"uv": [15, 6.5, 15.5, 7], "rotation": 90, "texture": "#door"},
				"down": {"uv": [15, 6.5, 15.5, 7], "rotation": 90, "texture": "#door"}
			}
		},
		{
			"name": "21",
			"from": [3, 6.5, 0],
			"to": [3.25, 7.5, 1],
			"faces": {
				"north": {"uv": [0, 8.5, 0.5, 9.5], "texture": "#door", "cullface": "north"},
				"east": {"uv": [1, 8.5, 0, 9.5], "texture": "#door"},
				"south": {"uv": [0.5, 8.5, 1, 9.5], "texture": "#door"},
				"up": {"uv": [0, 8.5, 1, 9], "rotation": 90, "texture": "#door"},
				"down": {"uv": [0, 9, 1, 9.5], "rotation": 90, "texture": "#door"}
			}
		},
		{
			"name": "1",
			"from": [-0.25, 0.5, 9],
			"to": [3.25, 1, 10],
			"faces": {
				"north": {"uv": [9, 15, 9.5, 15.5], "texture": "#door"},
				"east": {"uv": [10, 15, 9, 15.5], "texture": "#door"},
				"south": {"uv": [9.5, 15, 10, 15.5], "texture": "#door"},
				"west": {"uv": [9, 15, 10, 15.5], "texture": "#door", "cullface": "west"},
				"up": {"uv": [9, 15, 10, 15.5], "rotation": 90, "texture": "#door"},
				"down": {"uv": [9, 15, 10, 15.5], "rotation": 90, "texture": "#door"}
			}
		},
		{
			"name": "2",
			"from": [-0.25, 1, 9.5],
			"to": [3.25, 1.5, 11.5],
			"faces": {
				"north": {"uv": [9.5, 14.5, 10, 15], "texture": "#door"},
				"east": {"uv": [11.5, 14.5, 9.5, 15], "texture": "#door"},
				"south": {"uv": [11, 14.5, 11.5, 15], "texture": "#door"},
				"west": {"uv": [9.5, 14.5, 11.5, 15], "texture": "#door", "cullface": "west"},
				"up": {"uv": [9.5, 14.5, 11.5, 15], "rotation": 90, "texture": "#door"},
				"down": {"uv": [9.5, 14.5, 11.5, 15], "rotation": 90, "texture": "#door"}
			}
		},
		{
			"name": "3",
			"from": [-0.25, 1.5, 11],
			"to": [3.25, 2.5, 11.5],
			"faces": {
				"north": {"uv": [11, 13.5, 11.5, 14.5], "texture": "#door"},
				"east": {"uv": [11.5, 13.5, 11, 14.5], "texture": "#door"},
				"south": {"uv": [11, 13.5, 11.5, 14.5], "texture": "#door"},
				"west": {"uv": [11, 13.5, 11.5, 14.5], "texture": "#door", "cullface": "west"},
				"up": {"uv": [11, 13.5, 11.5, 14], "rotation": 90, "texture": "#door"}
			}
		},
		{
			"name": "4",
			"from": [-0.25, 2, 11.5],
			"to": [3.25, 3, 12],
			"faces": {
				"north": {"uv": [11.5, 13, 12, 14], "texture": "#door"},
				"east": {"uv": [12, 13, 11.5, 14], "texture": "#door"},
				"south": {"uv": [11.5, 13, 12, 14], "texture": "#door"},
				"west": {"uv": [11.5, 13, 12, 14], "texture": "#door", "cullface": "west"},
				"up": {"uv": [11.5, 13, 12, 13.5], "rotation": 90, "texture": "#door"},
				"down": {"uv": [11.5, 13.5, 12, 14], "rotation": 90, "texture": "#door"}
			}
		},
		{
			"name": "5",
			"from": [-0.25, 2.5, 12],
			"to": [3.25, 4.5, 12.5],
			"faces": {
				"north": {"uv": [12, 11.5, 12.5, 13.5], "texture": "#door"},
				"east": {"uv": [12.5, 11.5, 12, 13.5], "texture": "#door"},
				"south": {"uv": [12, 11.5, 12.5, 13.5], "texture": "#door"},
				"west": {"uv": [12, 11.5, 12.5, 13.5], "texture": "#door", "cullface": "west"},
				"up": {"uv": [12, 11.5, 12.5, 12], "rotation": 90, "texture": "#door"},
				"down": {"uv": [12, 13, 12.5, 13.5], "rotation": 90, "texture": "#door"}
			}
		},
		{
			"name": "6",
			"from": [-0.25, 4, 12.5],
			"to": [3.25, 5.5, 13],
			"faces": {
				"north": {"uv": [12.5, 10.5, 13, 12], "texture": "#door"},
				"east": {"uv": [13, 10.5, 12.5, 12], "texture": "#door"},
				"south": {"uv": [12.5, 10.5, 13, 12], "texture": "#door"},
				"west": {"uv": [12.5, 10.5, 13, 12], "texture": "#door", "cullface": "west"},
				"up": {"uv": [12.5, 10.5, 13, 11], "rotation": 90, "texture": "#door"},
				"down": {"uv": [12.5, 11.5, 13, 12], "rotation": 90, "texture": "#door"}
			}
		},
		{
			"name": "7",
			"from": [-0.25, 5, 13],
			"to": [3.25, 6, 13.5],
			"faces": {
				"north": {"uv": [13, 10, 13.5, 11], "texture": "#door"},
				"east": {"uv": [13.5, 10, 13, 11], "texture": "#door"},
				"south": {"uv": [13, 10, 13.5, 11], "texture": "#door"},
				"west": {"uv": [13, 10, 13.5, 11], "texture": "#door", "cullface": "west"},
				"up": {"uv": [13, 10, 13.5, 10.5], "rotation": 90, "texture": "#door"},
				"down": {"uv": [13, 10.5, 13.5, 11], "rotation": 90, "texture": "#door"}
			}
		},
		{
			"name": "8",
			"from": [-0.25, 5.5, 13.5],
			"to": [3.25, 6, 14.5],
			"faces": {
				"east": {"uv": [14.5, 10, 13.5, 10.5], "texture": "#door"},
				"west": {"uv": [13.5, 10, 14.5, 10.5], "texture": "#door", "cullface": "west"},
				"up": {"uv": [13.5, 10, 14.5, 10.5], "rotation": 90, "texture": "#door"},
				"down": {"uv": [13.5, 10, 14.5, 10.5], "rotation": 90, "texture": "#door"}
			}
		},
		{
			"name": "9",
			"from": [-0.25, 5, 14.5],
			"to": [3.25, 6, 15],
			"faces": {
				"north": {"uv": [14.5, 10, 15, 11], "texture": "#door"},
				"east": {"uv": [15, 10, 14.5, 11], "texture": "#door"},
				"south": {"uv": [14.5, 10, 15, 11], "texture": "#door"},
				"west": {"uv": [14.5, 10, 15, 11], "texture": "#door", "cullface": "west"},
				"up": {"uv": [14.5, 10, 15, 10.5], "rotation": 90, "texture": "#door"},
				"down": {"uv": [14.5, 10.5, 15, 11], "rotation": 90, "texture": "#door"}
			}
		},
		{
			"name": "10",
			"from": [-0.25, 4.5, 15],
			"to": [3.25, 5.5, 15.5],
			"faces": {
				"north": {"uv": [15, 10.5, 15.5, 11.5], "texture": "#door"},
				"east": {"uv": [15.5, 10.5, 15, 11.5], "texture": "#door"},
				"south": {"uv": [15, 10.5, 15.5, 11.5], "texture": "#door"},
				"west": {"uv": [15, 10.5, 15.5, 11.5], "texture": "#door", "cullface": "west"},
				"up": {"uv": [15, 10.5, 15.5, 11], "rotation": 90, "texture": "#door"},
				"down": {"uv": [15, 11, 15.5, 11.5], "rotation": 90, "texture": "#door"}
			}
		},
		{
			"name": "11",
			"from": [-0.25, 4, 15.5],
			"to": [0, 5, 16],
			"faces": {
				"north": {"uv": [15.5, 11, 16, 12], "texture": "#door", "cullface": "west"},
				"south": {"uv": [15.5, 11, 16, 12], "texture": "#door", "cullface": "west"},
				"west": {"uv": [15.5, 11, 16, 12], "texture": "#door", "cullface": "west"},
				"up": {"uv": [15.5, 11, 16, 11.5], "rotation": 90, "texture": "#door", "cullface": "west"},
				"down": {"uv": [15.5, 11.5, 16, 12], "rotation": 90, "texture": "#door", "cullface": "west"}
			}
		},
		{
			"name": "12",
			"from": [3, 4, 15.5],
			"to": [3.25, 5, 16],
			"faces": {
				"north": {"uv": [15.5, 11, 16, 12], "texture": "#door"},
				"east": {"uv": [16, 11, 15.5, 12], "texture": "#door"},
				"south": {"uv": [15.5, 11, 16, 12], "texture": "#door", "cullface": "south"},
				"up": {"uv": [15.5, 11, 16, 11.5], "rotation": 90, "texture": "#door"},
				"down": {"uv": [15.5, 11.5, 16, 12], "rotation": 90, "texture": "#door"}
			}
		},
		{
			"name": "main",
			"from": [0, 0, 0],
			"to": [3, 16, 16],
			"faces": {
				"north": {"uv": [3, 0, 0, 16], "texture": "#side_bottom_hinge", "cullface": "north"},
				"east": {"uv": [16, 0, 0, 16], "texture": "#door"},
				"south": {"uv": [0, 0, 3, 16], "texture": "#side_bottom", "cullface": "south"},
				"west": {"uv": [0, 0, 16, 16], "texture": "#door", "cullface": "west"},
				"down": {"uv": [0, 0, 16, 3], "rotation": 270, "texture": "#bottom", "cullface": "down"}
			}
		},
		{
			"name": "1",
			"from": [-0.5, 15, 10.5],
			"to": [3.5, 15.5, 13],
			"faces": {
				"north": {"uv": [10.5, 0.5, 11, 1], "texture": "#door"},
				"east": {"uv": [13, 0.5, 10.5, 1], "texture": "#door"},
				"south": {"uv": [12.5, 0.5, 13, 1], "texture": "#door"},
				"west": {"uv": [10.5, 0.5, 13, 1], "texture": "#door", "cullface": "west"},
				"down": {"uv": [10.5, 0.5, 13, 1], "texture": "#door"}
			}
		},
		{
			"name": "2",
			"from": [-0.5, 15.5, 10],
			"to": [3.5, 16, 13.5],
			"faces": {
				"north": {"uv": [10, 0, 10.5, 0.5], "texture": "#door"},
				"east": {"uv": [13.5, 0, 10, 0.5], "texture": "#door"},
				"south": {"uv": [13, 0, 13.5, 0.5], "texture": "#door"},
				"west": {"uv": [10, 0, 13.5, 0.5], "texture": "#door", "cullface": "west"},
				"down": {"uv": [10, 0, 13.5, 0.5], "texture": "#door"}
			}
		}
	],
	"groups": [
		{
			"name": "group",
			"origin": [8, 8, 8],
			"color": 0,
			"children": [
				{
					"name": "detail",
					"origin": [8, 8, 8],
					"color": 0,
					"children": [
						{
							"name": "1",
							"origin": [8, 8, 8],
							"color": 0,
							"children": [0, 1, 2, 3, 4, 5, 6, 7]
						},
						{
							"name": "2",
							"origin": [0, 0, 0],
							"color": 0,
							"children": [8, 9, 10, 11, 12, 13, 14, 15, 16, 17, 18, 19, 20, 21, 22, 23, 24, 25, 26, 27, 28, 29, 30, 31]
						},
						{
							"name": "3",
							"origin": [8, 8, 8],
							"color": 0,
							"children": [32, 33, 34, 35, 36, 37, 38, 39, 40, 41, 42, 43]
						}
					]
				}, 44,
				{
					"name": "handle",
					"origin": [8, 8, 8],
					"color": 0,
					"children": [45, 46]
				}
			]
		}
	]
}