{
	"credit": "Created by mullak99",
	"ambientocclusion": false,
	"textures": {
		"particle": "block/jungle_trapdoor",
		"top": "block/jungle_trapdoor",
		"front": "m99-ctm:block/trapdoors/jungle/front",
		"side": "m99-ctm:block/trapdoors/jungle/side"
	},
	"elements": [
		{
			"name": "handle",
			"from": [5, 12.5, 1],
			"to": [11, 16.5, 2],
			"rotation": {"angle": 0, "axis": "y", "origin": [8, 1.5, 8]},
			"faces": {
				"north": {"uv": [11, 14.5, 5, 15], "texture": "#top"},
				"east": {"uv": [5, 15, 5.5, 14], "rotation": 90, "texture": "#top"},
				"south": {"uv": [5, 14, 11, 14.5], "texture": "#top"},
				"west": {"uv": [10.5, 14, 11, 15], "rotation": 90, "texture": "#top"},
				"up": {"uv": [5, 15, 11, 14], "texture": "#top", "cullface": "up"},
				"down": {"uv": [5, 14, 11, 15], "texture": "#top"}
			}
		},
		{
			"name": "north",
			"from": [3, 13, 0],
			"to": [13, 16, 3.5],
			"rotation": {"angle": 0, "axis": "y", "origin": [8, 1.5, 8]},
			"faces": {
				"north": {"uv": [3, 0, 13, 3], "texture": "#front", "cullface": "north"},
				"south": {"uv": [3, 0, 13, 3], "texture": "#front"},
				"up": {"uv": [3, 16, 13, 12.5], "texture": "#top", "cullface": "up"},
				"down": {"uv": [3, 12.5, 13, 16], "texture": "#top"}
			}
		},
		{
			"name": "east",
			"from": [13, 13, 0],
			"to": [16, 16, 16],
			"rotation": {"angle": 0, "axis": "y", "origin": [8, 1.5, 8]},
			"faces": {
				"north": {"uv": [0, 0, 3, 3], "texture": "#front", "cullface": "north"},
				"east": {"uv": [0, 0, 16, 3], "texture": "#side", "cullface": "east"},
				"south": {"uv": [13, 0, 16, 3], "texture": "#front", "cullface": "south"},
				"west": {"uv": [0, 0, 16, 3], "texture": "#side"},
				"up": {"uv": [13, 16, 16, 0], "texture": "#top", "cullface": "up"},
				"down": {"uv": [13, 0, 16, 16], "texture": "#top"}
			}
		},
		{
			"name": "south",
			"from": [3, 13, 13],
			"to": [13, 16, 16],
			"rotation": {"angle": 0, "axis": "y", "origin": [8, 1.5, 8]},
			"faces": {
				"north": {"uv": [3, 0, 13, 3], "texture": "#front"},
				"south": {"uv": [3, 0, 13, 3], "texture": "#front", "cullface": "south"},
				"up": {"uv": [3, 3, 13, 0], "texture": "#top", "cullface": "up"},
				"down": {"uv": [3, 0, 13, 3], "texture": "#top"}
			}
		},
		{
			"name": "west",
			"from": [0, 13, 0],
			"to": [3, 16, 16],
			"rotation": {"angle": 0, "axis": "y", "origin": [8, 1.5, 8]},
			"faces": {
				"north": {"uv": [13, 0, 16, 3], "texture": "#front", "cullface": "north"},
				"east": {"uv": [0, 0, 16, 3], "texture": "#side"},
				"south": {"uv": [0, 0, 3, 3], "texture": "#front", "cullface": "south"},
				"west": {"uv": [0, 0, 16, 3], "texture": "#side", "cullface": "west"},
				"up": {"uv": [0, 16, 3, 0], "texture": "#top", "cullface": "up"},
				"down": {"uv": [0, 0, 3, 16], "texture": "#top"}
			}
		},
		{
			"name": "hor",
			"from": [3, 13, 7.5],
			"to": [13, 16, 8.5],
			"rotation": {"angle": 0, "axis": "y", "origin": [8, 1.5, 8]},
			"faces": {
				"north": {"uv": [3, 0, 13, 3], "texture": "#front"},
				"south": {"uv": [3, 0, 13, 3], "texture": "#front"},
				"up": {"uv": [3, 8.5, 13, 7.5], "texture": "#top", "cullface": "up"},
				"down": {"uv": [3, 7.5, 13, 8.5], "texture": "#top"}
			}
		},
		{
			"name": "1",
			"from": [6, 13, 4],
			"to": [6.5, 16, 7.5],
			"rotation": {"angle": 0, "axis": "y", "origin": [8, 1.5, 8]},
			"faces": {
				"east": {"uv": [8.5, 0, 12, 3], "texture": "#side"},
				"west": {"uv": [4, 0, 7.5, 3], "texture": "#side"},
				"up": {"uv": [9.5, 12, 10, 8.5], "texture": "#top", "cullface": "up"},
				"down": {"uv": [9.5, 8.5, 10, 12], "texture": "#top"}
			}
		},
		{
			"name": "2",
			"from": [6, 13, 8.5],
			"to": [6.5, 16, 12.5],
			"rotation": {"angle": 0, "axis": "y", "origin": [8, 1.5, 8]},
			"faces": {
				"east": {"uv": [3.5, 0, 7.5, 3], "texture": "#side"},
				"west": {"uv": [8.5, 0, 12.5, 3], "texture": "#side"},
				"up": {"uv": [9.5, 7.5, 10, 3.5], "texture": "#top", "cullface": "up"},
				"down": {"uv": [9.5, 3.5, 10, 7.5], "texture": "#top"}
			}
		},
		{
			"name": "1",
			"from": [9.5, 13, 4],
			"to": [10, 16, 7.5],
			"rotation": {"angle": 0, "axis": "y", "origin": [8, 1.5, 8]},
			"faces": {
				"east": {"uv": [8.5, 0, 12, 3], "texture": "#side"},
				"west": {"uv": [4, 0, 7.5, 3], "texture": "#side"},
				"up": {"uv": [6, 12, 6.5, 8.5], "texture": "#top", "cullface": "up"},
				"down": {"uv": [6, 8.5, 6.5, 12], "texture": "#top"}
			}
		},
		{
			"name": "2",
			"from": [9.5, 13, 8.5],
			"to": [10, 16, 12.5],
			"rotation": {"angle": 0, "axis": "y", "origin": [8, 1.5, 8]},
			"faces": {
				"east": {"uv": [3.5, 0, 7.5, 3], "texture": "#side"},
				"west": {"uv": [8.5, 0, 12.5, 3], "texture": "#side"},
				"up": {"uv": [6, 7.5, 6.5, 3.5], "texture": "#top", "cullface": "up"},
				"down": {"uv": [6, 3.5, 6.5, 7.5], "texture": "#top"}
			}
		},
		{
			"name": "1",
			"from": [12.5, 13, 3.5],
			"to": [13, 16, 7.5],
			"rotation": {"angle": 0, "axis": "y", "origin": [8, 1.5, 8]},
			"faces": {
				"west": {"uv": [3.5, 0, 7.5, 3], "texture": "#side"},
				"up": {"uv": [12.5, 12.5, 13, 8.5], "texture": "#top", "cullface": "up"},
				"down": {"uv": [12.5, 8.5, 13, 12.5], "texture": "#top"}
			}
		},
		{
			"name": "2",
			"from": [12, 13, 3.5],
			"to": [12.5, 16, 6],
			"rotation": {"angle": 0, "axis": "y", "origin": [8, 1.5, 8]},
			"faces": {
				"south": {"uv": [12, 0, 12.5, 3], "texture": "#front"},
				"west": {"uv": [3.5, 0, 6, 3], "texture": "#side"},
				"up": {"uv": [12, 12.5, 12.5, 10], "texture": "#top", "cullface": "up"},
				"down": {"uv": [12, 10, 12.5, 12.5], "texture": "#top"}
			}
		},
		{
			"name": "3",
			"from": [11.5, 13, 3.5],
			"to": [12, 16, 5],
			"rotation": {"angle": 0, "axis": "y", "origin": [8, 1.5, 8]},
			"faces": {
				"south": {"uv": [11.5, 0, 12, 3], "texture": "#front"},
				"west": {"uv": [3.5, 0, 5, 3], "texture": "#side"},
				"up": {"uv": [11.5, 12.5, 12, 11], "texture": "#top", "cullface": "up"},
				"down": {"uv": [11.5, 11, 12, 12.5], "texture": "#top"}
			}
		},
		{
			"name": "4",
			"from": [11, 13, 3.5],
			"to": [11.5, 16, 4.5],
			"rotation": {"angle": 0, "axis": "y", "origin": [8, 1.5, 8]},
			"faces": {
				"south": {"uv": [11, 0, 11.5, 3], "texture": "#front"},
				"west": {"uv": [3.5, 0, 4.5, 3], "texture": "#side"},
				"up": {"uv": [11, 12.5, 11.5, 11.5], "texture": "#top", "cullface": "up"},
				"down": {"uv": [11, 11.5, 11.5, 12.5], "texture": "#top"}
			}
		},
		{
			"name": "5",
			"from": [9.5, 13, 3.5],
			"to": [11, 16, 4],
			"rotation": {"angle": 0, "axis": "y", "origin": [8, 1.5, 8]},
			"faces": {
				"south": {"uv": [9.5, 0, 11, 3], "texture": "#front"},
				"west": {"uv": [3.5, 0, 4, 3], "texture": "#side"},
				"up": {"uv": [9.5, 12.5, 11, 12], "texture": "#top", "cullface": "up"},
				"down": {"uv": [9.5, 12, 11, 12.5], "texture": "#top"}
			}
		},
		{
			"name": "1",
			"from": [3, 13, 3.5],
			"to": [3.5, 16, 7.5],
			"rotation": {"angle": 0, "axis": "y", "origin": [8, 1.5, 8]},
			"faces": {
				"east": {"uv": [8.5, 0, 12.5, 3], "texture": "#side"},
				"up": {"uv": [3, 12.5, 3.5, 8.5], "texture": "#top", "cullface": "up"},
				"down": {"uv": [3, 8.5, 3.5, 12.5], "texture": "#top"}
			}
		},
		{
			"name": "2",
			"from": [3.5, 13, 3.5],
			"to": [4, 16, 6],
			"rotation": {"angle": 0, "axis": "y", "origin": [8, 1.5, 8]},
			"faces": {
				"east": {"uv": [10, 0, 12.5, 3], "texture": "#side"},
				"south": {"uv": [3.5, 0, 4, 3], "texture": "#front"},
				"up": {"uv": [3.5, 12.5, 4, 10], "texture": "#top", "cullface": "up"},
				"down": {"uv": [3.5, 10, 4, 12.5], "texture": "#top"}
			}
		},
		{
			"name": "3",
			"from": [4, 13, 3.5],
			"to": [4.5, 16, 5],
			"rotation": {"angle": 0, "axis": "y", "origin": [8, 1.5, 8]},
			"faces": {
				"east": {"uv": [11, 0, 12.5, 3], "texture": "#side"},
				"south": {"uv": [4, 0, 4.5, 3], "texture": "#front"},
				"up": {"uv": [4, 12.5, 4.5, 11], "texture": "#top", "cullface": "up"},
				"down": {"uv": [4, 11, 4.5, 12.5], "texture": "#top"}
			}
		},
		{
			"name": "4",
			"from": [4.5, 13, 3.5],
			"to": [5, 16, 4.5],
			"rotation": {"angle": 0, "axis": "y", "origin": [8, 1.5, 8]},
			"faces": {
				"east": {"uv": [11.5, 0, 12.5, 3], "texture": "#side"},
				"south": {"uv": [4.5, 0, 5, 3], "texture": "#front"},
				"up": {"uv": [4.5, 12.5, 5, 11.5], "texture": "#top", "cullface": "up"},
				"down": {"uv": [4.5, 11.5, 5, 12.5], "texture": "#top"}
			}
		},
		{
			"name": "5",
			"from": [5, 13, 3.5],
			"to": [6.5, 16, 4],
			"rotation": {"angle": 0, "axis": "y", "origin": [8, 1.5, 8]},
			"faces": {
				"east": {"uv": [12, 0, 12.5, 3], "texture": "#side"},
				"south": {"uv": [5, 0, 6.5, 3], "texture": "#front"},
				"up": {"uv": [5, 12.5, 6.5, 12], "texture": "#top", "cullface": "up"},
				"down": {"uv": [5, 12, 6.5, 12.5], "texture": "#top"}
			}
		},
		{
			"name": "1",
			"from": [12.5, 13, 10],
			"to": [13, 16, 13],
			"rotation": {"angle": 0, "axis": "y", "origin": [8, 1.5, 8]},
			"faces": {
				"north": {"uv": [3.5, 0, 4, 3], "texture": "#front"},
				"west": {"uv": [10, 0, 13, 3], "texture": "#side"},
				"up": {"uv": [12.5, 6, 13, 3], "texture": "#top", "cullface": "up"},
				"down": {"uv": [12.5, 3, 13, 6], "texture": "#top"}
			}
		},
		{
			"name": "2",
			"from": [12, 13, 11],
			"to": [12.5, 16, 13],
			"rotation": {"angle": 0, "axis": "y", "origin": [8, 1.5, 8]},
			"faces": {
				"north": {"uv": [4, 0, 4.5, 3], "texture": "#front"},
				"west": {"uv": [11, 0, 13, 3], "texture": "#side"},
				"up": {"uv": [12, 5, 12.5, 3], "texture": "#top", "cullface": "up"},
				"down": {"uv": [12, 3, 12.5, 5], "texture": "#top"}
			}
		},
		{
			"name": "3",
			"from": [11.5, 13, 11.5],
			"to": [12, 16, 13],
			"rotation": {"angle": 0, "axis": "y", "origin": [8, 1.5, 8]},
			"faces": {
				"north": {"uv": [4.5, 0, 5, 3], "texture": "#front"},
				"west": {"uv": [11.5, 0, 13, 3], "texture": "#side"},
				"up": {"uv": [11.5, 4.5, 12, 3], "texture": "#top", "cullface": "up"},
				"down": {"uv": [11.5, 3, 12, 4.5], "texture": "#top"}
			}
		},
		{
			"name": "4",
			"from": [11, 13, 12],
			"to": [11.5, 16, 13],
			"rotation": {"angle": 0, "axis": "y", "origin": [8, 1.5, 8]},
			"faces": {
				"north": {"uv": [5, 0, 5.5, 3], "texture": "#front"},
				"west": {"uv": [12, 0, 13, 3], "texture": "#side"},
				"up": {"uv": [11, 4, 11.5, 3], "texture": "#top", "cullface": "up"},
				"down": {"uv": [11, 3, 11.5, 4], "texture": "#top"}
			}
		},
		{
			"name": "5",
			"from": [9.5, 13, 12.5],
			"to": [11, 16, 13],
			"rotation": {"angle": 0, "axis": "y", "origin": [8, 1.5, 8]},
			"faces": {
				"north": {"uv": [5.5, 0, 7, 3], "texture": "#front"},
				"west": {"uv": [12.5, 0, 13, 3], "texture": "#side"},
				"up": {"uv": [9.5, 3.5, 11, 3], "texture": "#top", "cullface": "up"},
				"down": {"uv": [9.5, 3, 11, 3.5], "texture": "#top"}
			}
		},
		{
			"name": "1",
			"from": [3, 13, 10],
			"to": [3.5, 16, 13],
			"rotation": {"angle": 0, "axis": "y", "origin": [8, 1.5, 8]},
			"faces": {
				"north": {"uv": [12.5, 0, 13, 3], "texture": "#front"},
				"east": {"uv": [3, 0, 6, 3], "texture": "#side"},
				"up": {"uv": [3, 6, 3.5, 3], "texture": "#top", "cullface": "up"},
				"down": {"uv": [3, 3, 3.5, 6], "texture": "#top"}
			}
		},
		{
			"name": "2",
			"from": [3.5, 13, 11],
			"to": [4, 16, 13],
			"rotation": {"angle": 0, "axis": "y", "origin": [8, 1.5, 8]},
			"faces": {
				"north": {"uv": [12, 0, 12.5, 3], "texture": "#front"},
				"east": {"uv": [3, 0, 5, 3], "texture": "#side"},
				"up": {"uv": [3.5, 5, 4, 3], "texture": "#top", "cullface": "up"},
				"down": {"uv": [3.5, 3, 4, 5], "texture": "#top"}
			}
		},
		{
			"name": "3",
			"from": [4, 13, 11.5],
			"to": [4.5, 16, 13],
			"rotation": {"angle": 0, "axis": "y", "origin": [8, 1.5, 8]},
			"faces": {
				"north": {"uv": [11.5, 0, 12, 3], "texture": "#front"},
				"east": {"uv": [3, 0, 4.5, 3], "texture": "#side"},
				"up": {"uv": [4, 4.5, 4.5, 3], "texture": "#top", "cullface": "up"},
				"down": {"uv": [4, 3, 4.5, 4.5], "texture": "#top"}
			}
		},
		{
			"name": "4",
			"from": [4.5, 13, 12],
			"to": [5, 16, 13],
			"rotation": {"angle": 0, "axis": "y", "origin": [8, 1.5, 8]},
			"faces": {
				"north": {"uv": [11, 0, 11.5, 3], "texture": "#front"},
				"east": {"uv": [3, 0, 4, 3], "texture": "#side"},
				"up": {"uv": [4.5, 4, 5, 3], "texture": "#top", "cullface": "up"},
				"down": {"uv": [4.5, 3, 5, 4], "texture": "#top"}
			}
		},
		{
			"name": "5",
			"from": [5, 13, 12.5],
			"to": [6.5, 16, 13],
			"rotation": {"angle": 0, "axis": "y", "origin": [8, 1.5, 8]},
			"faces": {
				"north": {"uv": [9.5, 0, 11, 3], "texture": "#front"},
				"east": {"uv": [3, 0, 3.5, 3], "texture": "#side"},
				"up": {"uv": [5, 3.5, 6.5, 3], "texture": "#top", "cullface": "up"},
				"down": {"uv": [5, 3, 6.5, 3.5], "texture": "#top"}
			}
		}
	],
	"display": {
		"thirdperson_righthand": {
			"rotation": [75, 45, 0],
			"translation": [0, 2.5, 0],
			"scale": [0.375, 0.375, 0.375]
		},
		"firstperson_righthand": {
			"rotation": [0, 45, 0],
			"scale": [0.4, 0.4, 0.4]
		},
		"firstperson_lefthand": {
			"rotation": [0, 225, 0],
			"scale": [0.4, 0.4, 0.4]
		},
		"ground": {
			"translation": [0, 3, 0],
			"scale": [0.25, 0.25, 0.25]
		},
		"gui": {
			"rotation": [30, 225, 0],
			"scale": [0.625, 0.625, 0.625]
		},
		"fixed": {
			"scale": [0.5, 0.5, 0.5]
		}
	},
	"groups": [
		{
			"name": "group",
			"origin": [0, 0, 0],
			"color": 0,
			"children": [
				0,
				1,
				2,
				3,
				4,
				{
					"name": "inside",
					"origin": [0, 0, 0],
					"color": 0,
					"children": [
						5,
						{
							"name": "vert1",
							"origin": [0, 0, 0],
							"color": 0,
							"children": [6, 7]
						},
						{
							"name": "vert2",
							"origin": [0, 0, 0],
							"color": 0,
							"children": [8, 9]
						},
						{
							"name": "curves",
							"origin": [0, 0, 0],
							"color": 0,
							"children": [
								{
									"name": "ne",
									"origin": [0, 0, 0],
									"color": 0,
									"children": [10, 11, 12, 13, 14]
								},
								{
									"name": "nw",
									"origin": [0, 0, 0],
									"color": 0,
									"children": [15, 16, 17, 18, 19]
								},
								{
									"name": "se",
									"origin": [8, 8, 8],
									"color": 0,
									"children": [20, 21, 22, 23, 24]
								},
								{
									"name": "sw",
									"origin": [8, 8, 8],
									"color": 0,
									"children": [25, 26, 27, 28, 29]
								}
							]
						}
					]
				}
			]
		}
	]
}