{
	"credit": "Created by mullak99",
	"ambientocclusion": false,
	"textures": {
		"door": "block/dark_oak_door_top",
		"particle": "block/dark_oak_door_top",
		"side_top": "m99-ctm:block/doors/dark_oak/side_top",
		"side_top_hinge": "m99-ctm:block/doors/dark_oak/side_top_hinge",
		"top": "m99-ctm:block/doors/dark_oak/top"
	},
	"elements": [
		{
			"name": "left",
			"from": [0, 0, 13.5],
			"to": [3, 16, 16],
			"faces": {
				"north": {"uv": [0, 0, 3, 16], "texture": "#side_top"},
				"east": {"uv": [0, 0, 2.5, 16], "texture": "#door"},
				"south": {"uv": [3, 0, 0, 16], "texture": "#side_top_hinge", "cullface": "south"},
				"west": {"uv": [2.5, 0, 0, 16], "texture": "#door", "cullface": "west"},
				"up": {"uv": [0, 3, 2.5, 0], "rotation": 270, "texture": "#top", "cullface": "up"}
			}
		},
		{
			"name": "middle",
			"from": [0, 1.5, 6.5],
			"to": [3, 13.5, 9.5],
			"faces": {
				"north": {"uv": [0, 2.5, 3, 14.5], "texture": "#side_top"},
				"east": {"uv": [6.5, 2.5, 9.5, 14.5], "texture": "#door"},
				"south": {"uv": [3, 2.5, 0, 14.5], "texture": "#side_top"},
				"west": {"uv": [9.5, 2.5, 6.5, 14.5], "texture": "#door", "cullface": "west"}
			}
		},
		{
			"name": "right",
			"from": [0, 0, 0],
			"to": [3, 16, 2.5],
			"faces": {
				"north": {"uv": [0, 0, 3, 16], "texture": "#side_top", "cullface": "north"},
				"east": {"uv": [13.5, 0, 16, 16], "texture": "#door"},
				"south": {"uv": [3, 0, 0, 16], "texture": "#side_top"},
				"west": {"uv": [16, 0, 13.5, 16], "texture": "#door", "cullface": "west"},
				"up": {"uv": [13.5, 3, 16, 0], "rotation": 270, "texture": "#top", "cullface": "up"}
			}
		},
		{
			"name": "internal",
			"from": [1, 1.5, 2.5],
			"to": [2, 13.5, 13.5],
			"faces": {
				"east": {"uv": [2.5, 2.5, 13.5, 14.5], "texture": "#door"},
				"west": {"uv": [13.5, 2.5, 2.5, 14.5], "texture": "#door"}
			}
		},
		{
			"name": "1",
			"from": [-0.5, 0, 1.5],
			"to": [3.5, 1, 4.5],
			"faces": {
				"north": {"uv": [14, 15, 14.5, 16], "texture": "#door"},
				"east": {"uv": [11.5, 15, 14.5, 16], "texture": "#door"},
				"south": {"uv": [11.5, 15, 12, 15.5], "texture": "#door"},
				"west": {"uv": [14.5, 15, 11.5, 16], "texture": "#door", "cullface": "west"},
				"up": {"uv": [11.5, 15, 14.5, 15.5], "rotation": 270, "texture": "#door"},
				"down": {"uv": [11.5, 15.5, 14.5, 16], "rotation": 90, "texture": "#door", "cullface": "down"}
			}
		},
		{
			"name": "2",
			"from": [-0.5, 0, 4.5],
			"to": [3.5, 0.5, 5],
			"faces": {
				"east": {"uv": [11, 15.5, 11.5, 16], "texture": "#door"},
				"south": {"uv": [11, 15.5, 11.5, 16], "texture": "#door"},
				"west": {"uv": [11.5, 15.5, 11, 16], "texture": "#door", "cullface": "west"},
				"up": {"uv": [11, 15.5, 11.5, 16], "rotation": 180, "texture": "#door"},
				"down": {"uv": [11, 15.5, 11.5, 16], "rotation": 180, "texture": "#door", "cullface": "down"}
			}
		},
		{
			"name": "1",
			"from": [0, 0, 2.5],
			"to": [3, 1.5, 13.5],
			"faces": {
				"east": {"uv": [2.5, 14.5, 13.5, 16], "texture": "#door"},
				"west": {"uv": [13.5, 14.5, 2.5, 16], "texture": "#door", "cullface": "west"},
				"up": {"uv": [2.5, 3, 13.5, 0], "rotation": 270, "texture": "#top"}
			}
		},
		{
			"name": "2",
			"from": [0, 13.5, 2.5],
			"to": [3, 16, 13.5],
			"faces": {
				"east": {"uv": [2.5, 0, 13.5, 2.5], "texture": "#door"},
				"west": {"uv": [13.5, 0, 2.5, 2.5], "texture": "#door", "cullface": "west"},
				"up": {"uv": [2.5, 3, 13.5, 0], "rotation": 270, "texture": "#top", "cullface": "up"},
				"down": {"uv": [2.5, 0, 13.5, 3], "rotation": 90, "texture": "#top"}
			}
		}
	],
	"groups": [
		{
			"name": "group",
			"children": [0, 1, 2, 3,
				{
					"name": "handle",
					"children": [4, 5]
				},
				{
					"name": "vert",
					"children": [6, 7]
				}
			]
		}
	]
}