{
	"credit": "Created by mullak99",
	"ambientocclusion": false,
	"textures": {
		"particle": "block/crimson_door_top",
		"door": "block/crimson_door_top",
		"side_top_hinge": "m99-ctm:block/doors/crimson/side_top_hinge",
		"side_top": "m99-ctm:block/doors/crimson/side_top",
		"top": "m99-ctm:block/doors/crimson/top"
	},
	"elements": [
		{
			"name": "west",
			"from": [3, 5.5, 0],
			"to": [3.5, 12, 16],
			"faces": {
				"north": {"uv": [15.5, 4, 16, 10.5], "texture": "#door", "cullface": "north"},
				"east": {"uv": [0, 4, 16, 10.5], "texture": "#door"},
				"south": {"uv": [0, 4, 0.5, 10.5], "texture": "#door", "cullface": "south"},
				"up": {"uv": [0, 4, 16, 4.5], "rotation": 270, "texture": "#door"},
				"down": {"uv": [16, 10, 0, 10.5], "rotation": 270, "texture": "#door"}
			}
		},
		{
			"name": "main",
			"from": [0, 0, 0],
			"to": [3, 16, 16],
			"faces": {
				"north": {"uv": [0, 0, 3, 16], "texture": "#side_top", "cullface": "north"},
				"east": {"uv": [0, 0, 16, 16], "texture": "#door"},
				"south": {"uv": [3, 0, 0, 16], "texture": "#side_top_hinge", "cullface": "south"},
				"west": {"uv": [16, 0, 0, 16], "texture": "#door", "cullface": "west"},
				"up": {"uv": [0, 0, 16, 3], "rotation": 90, "texture": "#top", "cullface": "up"}
			}
		},
		{
			"name": "east",
			"from": [-0.5, 5.5, 0],
			"to": [0, 12, 16],
			"faces": {
				"north": {"uv": [15.5, 4, 16, 10.5], "texture": "#door", "cullface": "west"},
				"south": {"uv": [0, 4, 0.5, 10.5], "texture": "#door", "cullface": "west"},
				"west": {"uv": [16, 4, 0, 10.5], "texture": "#door", "cullface": "west"},
				"up": {"uv": [16, 4, 0, 4.5], "rotation": 90, "texture": "#door", "cullface": "west"},
				"down": {"uv": [0, 10, 16, 10.5], "rotation": 90, "texture": "#door", "cullface": "west"}
			}
		},
		{
			"name": "1",
			"from": [-0.5, 0, 1],
			"to": [3.5, 2, 5.5],
			"faces": {
				"north": {"uv": [14.5, 14, 15, 16], "texture": "#door"},
				"east": {"uv": [10.5, 14, 15, 16], "texture": "#door"},
				"south": {"uv": [10.5, 14, 11, 16], "texture": "#door"},
				"west": {"uv": [15, 14, 10.5, 16], "texture": "#door", "cullface": "west"},
				"up": {"uv": [10.5, 14, 15, 14.5], "rotation": 270, "texture": "#door"}
			}
		}
	],
	"groups": [
		{
			"name": "group",
			"origin": [8, 8, 8],
			"color": 0,
			"children": [0, 1, 2,
				{
					"name": "handle",
					"origin": [8, 8, 8],
					"color": 0,
					"children": [3]
				}
			]
		}
	]
}