{
	"credit": "Created by mullak99",
	"textures": {
		"bar": "block/dark_oak_planks",
		"post": "block/stone",
		"bell": "entity/bell/bell_body",
		"particle": "entity/bell/bell_body"
	},
	"elements": [
		{
			"name": "wood",
			"from": [2, 13, 7],
			"to": [14, 15, 9],
			"faces": {
				"north": {"uv": [2, 2, 14, 4], "texture": "#bar"},
				"south": {"uv": [2, 3, 14, 5], "texture": "#bar"},
				"up": {"uv": [2, 3, 14, 5], "texture": "#bar"},
				"down": {"uv": [2, 3, 14, 5], "texture": "#bar"}
			}
		},
		{
			"name": "1",
			"from": [5, 6, 5],
			"to": [11, 13, 11],
			"faces": {
				"north": {"uv": [6, 3, 9, 6.5], "rotation": 180, "texture": "#bell"},
				"east": {"uv": [3, 3, 6, 6.5], "rotation": 180, "texture": "#bell"},
				"south": {"uv": [0, 3, 3, 6.5], "rotation": 180, "texture": "#bell"},
				"west": {"uv": [9, 3, 12, 6.5], "rotation": 180, "texture": "#bell"},
				"up": {"uv": [6, 0, 9, 3], "texture": "#bell"}
			}
		},
		{
			"name": "2",
			"from": [4, 4, 4],
			"to": [12, 6, 12],
			"faces": {
				"north": {"uv": [8, 10.5, 12, 11.5], "rotation": 180, "texture": "#bell"},
				"east": {"uv": [4, 10.5, 8, 11.5], "rotation": 180, "texture": "#bell"},
				"south": {"uv": [0, 10.5, 4, 11.5], "rotation": 180, "texture": "#bell"},
				"west": {"uv": [12, 10.5, 16, 11.5], "rotation": 180, "texture": "#bell"},
				"up": {"uv": [8, 10.5, 12, 6.5], "texture": "#bell"},
				"down": {"uv": [4, 6.5, 8, 10.5], "texture": "#bell"}
			}
		},
		{
			"name": "east",
			"from": [14, 0, 6],
			"to": [16, 16, 10],
			"faces": {
				"north": {"uv": [0, 1, 2, 16], "texture": "#post"},
				"east": {"uv": [0, 1, 4, 16], "texture": "#post", "cullface": "east"},
				"south": {"uv": [0, 1, 2, 16], "texture": "#post"},
				"west": {"uv": [0, 1, 4, 16], "texture": "#post"},
				"up": {"uv": [0, 0, 2, 4], "texture": "#post", "cullface": "up"},
				"down": {"uv": [0, 0, 2, 4], "texture": "#post", "cullface": "down"}
			}
		},
		{
			"name": "west",
			"from": [0, 0, 6],
			"to": [2, 16, 10],
			"faces": {
				"north": {"uv": [0, 1, 2, 16], "texture": "#post"},
				"east": {"uv": [0, 1, 4, 16], "texture": "#post"},
				"south": {"uv": [0, 1, 2, 16], "texture": "#post"},
				"west": {"uv": [0, 1, 4, 16], "texture": "#post", "cullface": "west"},
				"up": {"uv": [0, 0, 2, 4], "texture": "#post", "cullface": "up"},
				"down": {"uv": [0, 0, 2, 4], "texture": "#post", "cullface": "down"}
			}
		}
	],
	"display": {
		"thirdperson_righthand": {
			"rotation": [70, 0, 0],
			"translation": [0, -2.5, -2],
			"scale": [0.375, 0.375, 0.375]
		},
		"thirdperson_lefthand": {
			"rotation": [70, 0, 0],
			"translation": [0, -2.5, -2],
			"scale": [0.375, 0.375, 0.375]
		},
		"firstperson_righthand": {
			"rotation": [0, -75, 0],
			"scale": [0.4, 0.4, 0.4]
		},
		"firstperson_lefthand": {
			"rotation": [0, -75, 0],
			"scale": [0.4, 0.4, 0.4]
		},
		"ground": {
			"translation": [0, 3, 0],
			"scale": [0.3, 0.3, 0.3]
		},
		"gui": {
			"rotation": [15, 45, 0],
			"scale": [0.75, 0.75, 0.75]
		},
		"head": {
			"translation": [0, 12.75, 0]
		},
		"fixed": {
			"scale": [0.65, 0.65, 0.65]
		}
	},
	"groups": [0,
		{
			"name": "bell",
			"origin": [8, 8, 8],
			"children": [1, 2]
		},
		{
			"name": "stone",
			"origin": [8, 8, 8],
			"children": [3, 4]
		}
	]
}