{
	"credit": "Created by mullak99",
	"parent": "item/template_door",
	"ambientocclusion": false,
	"textures": {
		"door_bottom": "block/cherry_door_bottom",
		"bottom": "m99-ctm:block/doors/cherry/bottom",
		"side_bottom": "m99-ctm:block/doors/cherry/side_bottom",
		"side_bottom_hinge": "m99-ctm:block/doors/cherry/side_bottom_hinge",
		"front_nohandle": "m99-ctm:block/doors/cherry/front_bottom_nohandle",
		"particle": "block/cherry_door_top",
		"door_top": "block/cherry_door_top",
		"side_top": "m99-ctm:block/doors/cherry/side_top",
		"side_top_hinge": "m99-ctm:block/doors/cherry/side_top_hinge",
		"top": "m99-ctm:block/doors/cherry/top"
	},
	"elements": [
		{
			"name": "north",
			"from": [0, 16, 0],
			"to": [3, 32, 4],
			"faces": {
				"north": {"uv": [0, 0, 3, 16], "texture": "#side_top_hinge", "cullface": "north"},
				"east": {"uv": [4, 0, 0, 16], "texture": "#door_top"},
				"south": {"uv": [0, 0, 3, 16], "texture": "#side_top"},
				"west": {"uv": [0, 0, 4, 16], "texture": "#door_top", "cullface": "west"},
				"up": {"uv": [0, 0, 4, 3], "rotation": 90, "texture": "#top", "cullface": "up"}
			}
		},
		{
			"name": "south",
			"from": [0, 16, 12],
			"to": [3, 32, 16],
			"faces": {
				"north": {"uv": [0, 0, 3, 16], "texture": "#side_top"},
				"east": {"uv": [16, 0, 12, 16], "texture": "#door_top"},
				"south": {"uv": [0, 0, 3, 16], "texture": "#side_top", "cullface": "south"},
				"west": {"uv": [12, 0, 16, 16], "texture": "#door_top", "cullface": "west"},
				"up": {"uv": [12, 0, 16, 3], "rotation": 90, "texture": "#top", "cullface": "up"}
			}
		},
		{
			"name": "top",
			"from": [0, 28, 4],
			"to": [3, 32, 12],
			"faces": {
				"east": {"uv": [12, 0, 4, 4], "texture": "#door_top"},
				"west": {"uv": [4, 0, 12, 4], "texture": "#door_top", "cullface": "west"},
				"up": {"uv": [4, 0, 12, 3], "rotation": 90, "texture": "#top", "cullface": "up"},
				"down": {"uv": [0, 6, 3, 14], "texture": "#side_top"}
			}
		},
		{
			"name": "1",
			"from": [0.5, 27.5, 4],
			"to": [2.5, 28, 5],
			"faces": {
				"east": {"uv": [5, 4, 4, 4.5], "texture": "#door_top"},
				"south": {"uv": [0.5, 4, 2.5, 4.5], "texture": "#side_top"},
				"west": {"uv": [4, 4, 5, 4.5], "texture": "#door_top"},
				"down": {"uv": [0.5, 13, 2.5, 14], "texture": "#side_top"}
			}
		},
		{
			"name": "2",
			"from": [0.5, 27, 4],
			"to": [2.5, 27.5, 4.5],
			"faces": {
				"east": {"uv": [4.5, 4.5, 4, 5], "texture": "#door_top"},
				"south": {"uv": [0.5, 4.5, 2.5, 5], "texture": "#side_top"},
				"west": {"uv": [4, 4.5, 4.5, 5], "texture": "#door_top"},
				"down": {"uv": [0.5, 13.5, 2.5, 14], "texture": "#side_top"}
			}
		},
		{
			"name": "3",
			"from": [0.5, 27.5, 6],
			"to": [2.5, 28, 10],
			"faces": {
				"north": {"uv": [0.5, 4, 2.5, 4.5], "texture": "#side_top"},
				"east": {"uv": [10, 4, 6, 4.5], "texture": "#door_top"},
				"south": {"uv": [0.5, 4, 2.5, 4.5], "texture": "#side_top"},
				"west": {"uv": [6, 4, 10, 4.5], "texture": "#door_top"},
				"down": {"uv": [0.5, 8, 2.5, 12], "texture": "#side_top"}
			}
		},
		{
			"name": "4",
			"from": [0.5, 27, 6.5],
			"to": [2.5, 27.5, 9.5],
			"faces": {
				"north": {"uv": [0.5, 4.5, 2.5, 5], "texture": "#side_top"},
				"east": {"uv": [9.5, 4.5, 6.5, 5], "texture": "#door_top"},
				"south": {"uv": [0.5, 4.5, 2.5, 5], "texture": "#side_top"},
				"west": {"uv": [6.5, 4.5, 9.5, 5], "texture": "#door_top"},
				"down": {"uv": [0.5, 8.5, 2.5, 11.5], "texture": "#side_top"}
			}
		},
		{
			"name": "5",
			"from": [0.5, 27.5, 11],
			"to": [2.5, 28, 12],
			"faces": {
				"north": {"uv": [0.5, 4, 2.5, 4.5], "texture": "#side_top"},
				"east": {"uv": [12, 4, 11, 4.5], "texture": "#door_top"},
				"west": {"uv": [11, 4, 12, 4.5], "texture": "#door_top"},
				"down": {"uv": [0.5, 6, 2.5, 7], "texture": "#side_top"}
			}
		},
		{
			"name": "6",
			"from": [0.5, 27, 11.5],
			"to": [2.5, 27.5, 12],
			"faces": {
				"north": {"uv": [0.5, 4.5, 2.5, 5], "texture": "#side_top"},
				"east": {"uv": [12, 4.5, 11.5, 5], "texture": "#door_top"},
				"west": {"uv": [11.5, 4.5, 12, 5], "texture": "#door_top"},
				"down": {"uv": [0.5, 6, 2.5, 6.5], "texture": "#side_top"}
			}
		},
		{
			"name": "7",
			"from": [0.5, 26, 7],
			"to": [2.5, 27, 9],
			"faces": {
				"north": {"uv": [0.5, 5, 2.5, 6], "texture": "#side_top"},
				"east": {"uv": [9, 5, 7, 6], "texture": "#door_top"},
				"south": {"uv": [0.5, 5, 2.5, 6], "texture": "#side_top"},
				"west": {"uv": [7, 5, 9, 6], "texture": "#door_top"},
				"down": {"uv": [0.5, 9, 2.5, 11], "texture": "#side_top"}
			}
		},
		{
			"name": "8",
			"from": [0.5, 25.5, 4],
			"to": [2.5, 26, 4.5],
			"faces": {
				"east": {"uv": [4.5, 6, 4, 6.5], "texture": "#door_top"},
				"south": {"uv": [0.5, 6, 2.5, 6.5], "texture": "#side_top"},
				"west": {"uv": [4, 6, 4.5, 6.5], "texture": "#door_top"},
				"up": {"uv": [0.5, 13, 2.5, 13.5], "texture": "#side_top"}
			}
		},
		{
			"name": "9",
			"from": [0.5, 25, 4],
			"to": [2.5, 25.5, 5],
			"faces": {
				"east": {"uv": [5, 6.5, 4, 7], "texture": "#door_top"},
				"south": {"uv": [0.5, 6.5, 2.5, 7], "texture": "#side_top"},
				"west": {"uv": [4, 6.5, 5, 7], "texture": "#door_top"},
				"up": {"uv": [0.5, 13, 2.5, 14], "texture": "#side_top"},
				"down": {"uv": [0.5, 13, 2.5, 14], "texture": "#side_top"}
			}
		},
		{
			"name": "10",
			"from": [0.5, 25.5, 6.5],
			"to": [2.5, 26, 9.5],
			"faces": {
				"north": {"uv": [0.5, 6, 2.5, 6.5], "texture": "#side_top"},
				"east": {"uv": [9.5, 6, 6.5, 6.5], "texture": "#door_top"},
				"south": {"uv": [0.5, 6, 2.5, 6.5], "texture": "#side_top"},
				"west": {"uv": [6.5, 6, 9.5, 6.5], "texture": "#door_top"},
				"up": {"uv": [0.5, 8.5, 2.5, 11.5], "texture": "#side_top"},
				"down": {"uv": [0.5, 8.5, 2.5, 11.5], "texture": "#side_top"}
			}
		},
		{
			"name": "11",
			"from": [0.5, 25, 6],
			"to": [2.5, 25.5, 10],
			"faces": {
				"north": {"uv": [0.5, 6.5, 2.5, 7], "texture": "#side_top"},
				"east": {"uv": [10, 6.5, 6, 7], "texture": "#door_top"},
				"south": {"uv": [0.5, 6.5, 2.5, 7], "texture": "#side_top"},
				"west": {"uv": [6, 6.5, 10, 7], "texture": "#door_top"},
				"up": {"uv": [0.5, 8, 2.5, 12], "texture": "#side_top"},
				"down": {"uv": [0.5, 8, 2.5, 12], "texture": "#side_top"}
			}
		},
		{
			"name": "12",
			"from": [0.5, 25.5, 11.5],
			"to": [2.5, 26, 12],
			"faces": {
				"north": {"uv": [0.5, 6, 2.5, 6.5], "texture": "#side_top"},
				"east": {"uv": [12, 6, 11.5, 6.5], "texture": "#door_top"},
				"west": {"uv": [11.5, 6, 12, 6.5], "texture": "#door_top"},
				"up": {"uv": [0.5, 6.5, 2.5, 7], "texture": "#side_top"}
			}
		},
		{
			"name": "13",
			"from": [0.5, 25, 11],
			"to": [2.5, 25.5, 12],
			"faces": {
				"north": {"uv": [0.5, 6.5, 2.5, 7], "texture": "#side_top"},
				"east": {"uv": [12, 6.5, 11, 7], "texture": "#door_top"},
				"west": {"uv": [11, 6.5, 12, 7], "texture": "#door_top"},
				"up": {"uv": [0.5, 6, 2.5, 7], "texture": "#side_top"},
				"down": {"uv": [0.5, 6, 2.5, 7], "texture": "#side_top"}
			}
		},
		{
			"name": "1",
			"from": [0.5, 23, 4],
			"to": [2.5, 25, 7],
			"faces": {
				"east": {"uv": [7, 7, 4, 9], "texture": "#door_top"},
				"south": {"uv": [0.5, 7, 2.5, 9], "texture": "#side_top"},
				"west": {"uv": [4, 7, 7, 9], "texture": "#door_top"},
				"up": {"uv": [0.5, 11, 2.5, 14], "texture": "#side_top"},
				"down": {"uv": [0.5, 11, 2.5, 14], "texture": "#side_top"}
			}
		},
		{
			"name": "2",
			"from": [0.5, 24.5, 7],
			"to": [2.5, 25, 7.5],
			"faces": {
				"east": {"uv": [7.5, 7, 7, 7.5], "texture": "#door_top"},
				"south": {"uv": [0.5, 7, 2.5, 7.5], "texture": "#side_top"},
				"west": {"uv": [7, 7, 7.5, 7.5], "texture": "#door_top"},
				"down": {"uv": [0.5, 10.5, 2.5, 11], "texture": "#side_top"}
			}
		},
		{
			"name": "3",
			"from": [0.5, 23, 7],
			"to": [2.5, 23.5, 7.5],
			"faces": {
				"east": {"uv": [7.5, 8.5, 7, 9], "texture": "#door_top"},
				"south": {"uv": [0.5, 8.5, 2.5, 9], "texture": "#side_top"},
				"west": {"uv": [7, 8.5, 7.5, 9], "texture": "#door_top"},
				"up": {"uv": [0.5, 10.5, 2.5, 11], "texture": "#side_top"}
			}
		},
		{
			"name": "4",
			"from": [0.5, 23, 8.5],
			"to": [2.5, 23.5, 9],
			"faces": {
				"north": {"uv": [0.5, 8.5, 2.5, 9], "texture": "#side_top"},
				"east": {"uv": [9, 8.5, 8.5, 9], "texture": "#door_top"},
				"west": {"uv": [8.5, 8.5, 9, 9], "texture": "#door_top"},
				"up": {"uv": [0.5, 9, 2.5, 9.5], "texture": "#side_top"}
			}
		},
		{
			"name": "5",
			"from": [0.5, 24.5, 8.5],
			"to": [2.5, 25, 9],
			"faces": {
				"north": {"uv": [0.5, 7, 2.5, 7.5], "texture": "#side_top"},
				"east": {"uv": [9, 7, 8.5, 7.5], "texture": "#door_top"},
				"south": {"uv": [0.5, 7, 2.5, 7.5], "texture": "#side_top"},
				"west": {"uv": [8.5, 7, 9, 7.5], "texture": "#door_top"},
				"down": {"uv": [0.5, 9, 2.5, 9.5], "texture": "#side_top"}
			}
		},
		{
			"name": "6",
			"from": [0.5, 23, 9],
			"to": [2.5, 25, 12],
			"faces": {
				"north": {"uv": [0.5, 7, 2.5, 9], "texture": "#side_top"},
				"east": {"uv": [12, 7, 9, 9], "texture": "#door_top"},
				"west": {"uv": [9, 7, 12, 9], "texture": "#door_top"},
				"up": {"uv": [0.5, 6, 2.5, 9], "texture": "#side_top"},
				"down": {"uv": [0.5, 6, 2.5, 9], "texture": "#side_top"}
			}
		},
		{
			"name": "1",
			"from": [0.5, 22.5, 4],
			"to": [2.5, 23, 5],
			"faces": {
				"east": {"uv": [5, 9, 4, 9.5], "texture": "#door_top"},
				"south": {"uv": [0.5, 9, 2.5, 9.5], "texture": "#side_top"},
				"west": {"uv": [4, 9, 5, 9.5], "texture": "#door_top"},
				"down": {"uv": [0.5, 13, 2.5, 14], "texture": "#side_top"}
			}
		},
		{
			"name": "2",
			"from": [0.5, 22, 4],
			"to": [2.5, 22.5, 4.5],
			"faces": {
				"east": {"uv": [4.5, 9.5, 4, 10], "texture": "#door_top"},
				"south": {"uv": [0.5, 9.5, 2.5, 10], "texture": "#side_top"},
				"west": {"uv": [4, 9.5, 4.5, 10], "texture": "#door_top"},
				"down": {"uv": [0.5, 13.5, 2.5, 14], "texture": "#side_top"}
			}
		},
		{
			"name": "3",
			"from": [0.5, 22.5, 6],
			"to": [2.5, 23, 10],
			"faces": {
				"north": {"uv": [0.5, 9, 2.5, 9.5], "texture": "#side_top"},
				"east": {"uv": [10, 9, 6, 9.5], "texture": "#door_top"},
				"south": {"uv": [0.5, 9, 2.5, 9.5], "texture": "#side_top"},
				"west": {"uv": [6, 9, 10, 9.5], "texture": "#door_top"},
				"up": {"uv": [0.5, 8, 2.5, 12], "texture": "#side_top"},
				"down": {"uv": [0.5, 8, 2.5, 12], "texture": "#side_top"}
			}
		},
		{
			"name": "4",
			"from": [0.5, 22, 6.5],
			"to": [2.5, 22.5, 9.5],
			"faces": {
				"north": {"uv": [0.5, 9.5, 2.5, 10], "texture": "#side_top"},
				"east": {"uv": [9.5, 9.5, 6.5, 10], "texture": "#door_top"},
				"south": {"uv": [0.5, 9.5, 2.5, 10], "texture": "#side_top"},
				"west": {"uv": [6.5, 9.5, 9.5, 10], "texture": "#door_top"},
				"down": {"uv": [0.5, 8.5, 2.5, 11.5], "texture": "#side_top"}
			}
		},
		{
			"name": "5",
			"from": [0.5, 22.5, 11],
			"to": [2.5, 23, 12],
			"faces": {
				"north": {"uv": [0.5, 9, 2.5, 9.5], "texture": "#side_top"},
				"east": {"uv": [12, 9, 11, 9.5], "texture": "#door_top"},
				"west": {"uv": [11, 9, 12, 9.5], "texture": "#door_top"},
				"down": {"uv": [0.5, 6, 2.5, 7], "texture": "#side_top"}
			}
		},
		{
			"name": "6",
			"from": [0.5, 22, 11.5],
			"to": [2.5, 22.5, 12],
			"faces": {
				"north": {"uv": [0.5, 9.5, 2.5, 10], "texture": "#side_top"},
				"east": {"uv": [12, 9.5, 11.5, 10], "texture": "#door_top"},
				"west": {"uv": [11.5, 9.5, 12, 10], "texture": "#door_top"},
				"down": {"uv": [0.5, 6, 2.5, 6.5], "texture": "#side_top"}
			}
		},
		{
			"name": "7",
			"from": [0.5, 21, 7],
			"to": [2.5, 22, 9],
			"faces": {
				"north": {"uv": [0.5, 10, 2.5, 11], "texture": "#side_top"},
				"east": {"uv": [9, 10, 7, 11], "texture": "#door_top"},
				"south": {"uv": [0.5, 10, 2.5, 11], "texture": "#side_top"},
				"west": {"uv": [7, 10, 9, 11], "texture": "#door_top"},
				"down": {"uv": [0.5, 9, 2.5, 11], "texture": "#side_top"}
			}
		},
		{
			"name": "8",
			"from": [0.5, 20.5, 4],
			"to": [2.5, 21, 4.5],
			"faces": {
				"east": {"uv": [4.5, 11, 4, 11.5], "texture": "#door_top"},
				"south": {"uv": [0.5, 11, 2.5, 11.5], "texture": "#side_top"},
				"west": {"uv": [4, 11, 4.5, 11.5], "texture": "#door_top"},
				"up": {"uv": [0.5, 13, 2.5, 13.5], "texture": "#side_top"}
			}
		},
		{
			"name": "9",
			"from": [0.5, 20, 4],
			"to": [2.5, 20.5, 5],
			"faces": {
				"east": {"uv": [5, 11.5, 4, 12], "texture": "#door_top"},
				"south": {"uv": [0.5, 11.5, 2.5, 12], "texture": "#side_top"},
				"west": {"uv": [4, 11.5, 5, 12], "texture": "#door_top"},
				"up": {"uv": [0.5, 13, 2.5, 14], "texture": "#side_top"},
				"down": {"uv": [0.5, 13, 2.5, 14], "texture": "#side_top"}
			}
		},
		{
			"name": "10",
			"from": [0.5, 20.5, 6.5],
			"to": [2.5, 21, 9.5],
			"faces": {
				"north": {"uv": [0.5, 11, 2.5, 11.5], "texture": "#side_top"},
				"east": {"uv": [9.5, 11, 6.5, 11.5], "texture": "#door_top"},
				"south": {"uv": [0.5, 11, 2.5, 11.5], "texture": "#side_top"},
				"west": {"uv": [6.5, 11, 9.5, 11.5], "texture": "#door_top"},
				"up": {"uv": [0.5, 8.5, 2.5, 11.5], "texture": "#side_top"},
				"down": {"uv": [0.5, 8.5, 2.5, 11.5], "texture": "#side_top"}
			}
		},
		{
			"name": "11",
			"from": [0.5, 20, 6],
			"to": [2.5, 20.5, 10],
			"faces": {
				"north": {"uv": [0.5, 11.5, 2.5, 12], "texture": "#side_top"},
				"east": {"uv": [10, 11.5, 6, 12], "texture": "#door_top"},
				"south": {"uv": [0.5, 11.5, 2.5, 12], "texture": "#side_top"},
				"west": {"uv": [6, 11.5, 10, 12], "texture": "#door_top"},
				"up": {"uv": [0.5, 8, 2.5, 12], "texture": "#side_top"},
				"down": {"uv": [0.5, 8, 2.5, 12], "texture": "#side_top"}
			}
		},
		{
			"name": "12",
			"from": [0.5, 20.5, 11.5],
			"to": [2.5, 21, 12],
			"faces": {
				"north": {"uv": [0.5, 11, 2.5, 11.5], "texture": "#side_top"},
				"east": {"uv": [12, 11, 11.5, 11.5], "texture": "#door_top"},
				"west": {"uv": [11.5, 11, 12, 11.5], "texture": "#door_top"},
				"up": {"uv": [0.5, 6.5, 2.5, 7], "texture": "#side_top"}
			}
		},
		{
			"name": "13",
			"from": [0.5, 20, 11],
			"to": [2.5, 20.5, 12],
			"faces": {
				"north": {"uv": [0.5, 11.5, 2.5, 12], "texture": "#side_top"},
				"east": {"uv": [12, 11.5, 11, 12], "texture": "#door_top"},
				"west": {"uv": [11, 11.5, 12, 12], "texture": "#door_top"},
				"up": {"uv": [0.5, 6, 2.5, 7], "texture": "#side_top"},
				"down": {"uv": [0.5, 6, 2.5, 7], "texture": "#side_top"}
			}
		},
		{
			"name": "1",
			"from": [0.5, 18, 4],
			"to": [2.5, 20, 7],
			"faces": {
				"east": {"uv": [7, 12, 4, 14], "texture": "#door_top"},
				"south": {"uv": [0.5, 12, 2.5, 14], "texture": "#side_top"},
				"west": {"uv": [4, 12, 7, 14], "texture": "#door_top"},
				"up": {"uv": [0.5, 11, 2.5, 14], "texture": "#side_top"},
				"down": {"uv": [0.5, 11, 2.5, 14], "texture": "#side_top"}
			}
		},
		{
			"name": "2",
			"from": [0.5, 19.5, 7],
			"to": [2.5, 20, 7.5],
			"faces": {
				"east": {"uv": [7.5, 12, 7, 12.5], "texture": "#door_top"},
				"south": {"uv": [0.5, 12, 2.5, 12.5], "texture": "#side_top"},
				"west": {"uv": [7, 12, 7.5, 12.5], "texture": "#door_top"},
				"down": {"uv": [0.5, 10.5, 2.5, 11], "texture": "#side_top"}
			}
		},
		{
			"name": "3",
			"from": [0.5, 18, 7],
			"to": [2.5, 18.5, 7.5],
			"faces": {
				"east": {"uv": [7.5, 13.5, 7, 14], "texture": "#door_top"},
				"south": {"uv": [0.5, 13.5, 2.5, 14], "texture": "#side_top"},
				"west": {"uv": [7, 13.5, 7.5, 14], "texture": "#door_top"},
				"up": {"uv": [0.5, 10.5, 2.5, 11], "texture": "#side_top"}
			}
		},
		{
			"name": "4",
			"from": [0.5, 18, 8.5],
			"to": [2.5, 18.5, 9],
			"faces": {
				"north": {"uv": [0.5, 13.5, 2.5, 14], "texture": "#side_top"},
				"east": {"uv": [9, 13.5, 8.5, 14], "texture": "#door_top"},
				"west": {"uv": [8.5, 13.5, 9, 14], "texture": "#door_top"},
				"up": {"uv": [0.5, 9, 2.5, 9.5], "texture": "#side_top"}
			}
		},
		{
			"name": "5",
			"from": [0.5, 19.5, 8.5],
			"to": [2.5, 20, 9],
			"faces": {
				"north": {"uv": [0.5, 12, 2.5, 12.5], "texture": "#side_top"},
				"east": {"uv": [9, 12, 8.5, 12.5], "texture": "#door_top"},
				"south": {"uv": [0.5, 7, 2.5, 7.5], "texture": "#side_top"},
				"west": {"uv": [8.5, 12, 9, 12.5], "texture": "#door_top"},
				"down": {"uv": [0.5, 9, 2.5, 9.5], "texture": "#side_top"}
			}
		},
		{
			"name": "6",
			"from": [0.5, 18, 9],
			"to": [2.5, 20, 12],
			"faces": {
				"north": {"uv": [0.5, 12, 2.5, 14], "texture": "#side_top"},
				"east": {"uv": [12, 12, 9, 14], "texture": "#door_top"},
				"west": {"uv": [9, 12, 12, 14], "texture": "#door_top"},
				"up": {"uv": [0.5, 6, 2.5, 9], "texture": "#side_top"},
				"down": {"uv": [0.5, 6, 2.5, 9], "texture": "#side_top"}
			}
		},
		{
			"name": "1",
			"from": [0.5, 17.5, 4],
			"to": [2.5, 18, 5],
			"faces": {
				"east": {"uv": [5, 9, 4, 9.5], "texture": "#door_top"},
				"south": {"uv": [0.5, 14, 2.5, 14.5], "texture": "#side_top"},
				"west": {"uv": [4, 9, 5, 9.5], "texture": "#door_top"},
				"down": {"uv": [0.5, 13, 2.5, 14], "texture": "#side_top"}
			}
		},
		{
			"name": "2",
			"from": [0.5, 17, 4],
			"to": [2.5, 17.5, 4.5],
			"faces": {
				"east": {"uv": [4.5, 9.5, 4, 10], "texture": "#door_top"},
				"south": {"uv": [0.5, 14.5, 2.5, 15], "texture": "#side_top"},
				"west": {"uv": [4, 9.5, 4.5, 10], "texture": "#door_top"},
				"down": {"uv": [0.5, 13.5, 2.5, 14], "texture": "#side_top"}
			}
		},
		{
			"name": "3",
			"from": [0.5, 17.5, 6],
			"to": [2.5, 18, 10],
			"faces": {
				"north": {"uv": [0.5, 13, 2.5, 13.5], "texture": "#side_top"},
				"east": {"uv": [10, 9, 6, 9.5], "texture": "#door_top"},
				"south": {"uv": [0.5, 14, 2.5, 14.5], "texture": "#side_top"},
				"west": {"uv": [6, 9, 10, 9.5], "texture": "#door_top"},
				"up": {"uv": [0.5, 8, 2.5, 12], "texture": "#side_top"},
				"down": {"uv": [0.5, 8, 2.5, 12], "texture": "#side_top"}
			}
		},
		{
			"name": "4",
			"from": [0.5, 17, 6.5],
			"to": [2.5, 17.5, 9.5],
			"faces": {
				"north": {"uv": [0.5, 13.5, 2.5, 14], "texture": "#side_top"},
				"east": {"uv": [9.5, 9.5, 6.5, 10], "texture": "#door_top"},
				"south": {"uv": [0.5, 14.5, 2.5, 15], "texture": "#side_top"},
				"west": {"uv": [6.5, 9.5, 9.5, 10], "texture": "#door_top"},
				"down": {"uv": [0.5, 8.5, 2.5, 11.5], "texture": "#side_top"}
			}
		},
		{
			"name": "5",
			"from": [0.5, 17.5, 11],
			"to": [2.5, 18, 12],
			"faces": {
				"north": {"uv": [0.5, 13, 2.5, 13.5], "texture": "#side_top"},
				"east": {"uv": [12, 9, 11, 9.5], "texture": "#door_top"},
				"west": {"uv": [11, 9, 12, 9.5], "texture": "#door_top"},
				"down": {"uv": [0.5, 6, 2.5, 7], "texture": "#side_top"}
			}
		},
		{
			"name": "6",
			"from": [0.5, 17, 11.5],
			"to": [2.5, 17.5, 12],
			"faces": {
				"north": {"uv": [0.5, 13.5, 2.5, 14], "texture": "#side_top"},
				"east": {"uv": [12, 9.5, 11.5, 10], "texture": "#door_top"},
				"west": {"uv": [11.5, 9.5, 12, 10], "texture": "#door_top"},
				"down": {"uv": [0.5, 6, 2.5, 6.5], "texture": "#side_top"}
			}
		},
		{
			"name": "7",
			"from": [0.5, 16, 7],
			"to": [2.5, 17, 9],
			"faces": {
				"north": {"uv": [0.5, 14, 2.5, 15], "texture": "#side_top"},
				"east": {"uv": [9, 10, 7, 11], "texture": "#door_top"},
				"south": {"uv": [0.5, 14, 2.5, 15], "texture": "#side_top"},
				"west": {"uv": [7, 10, 9, 11], "texture": "#door_top"}
			}
		},
		{
			"name": "1",
			"from": [0.5, 15, 4],
			"to": [2.5, 16, 4.5],
			"faces": {
				"east": {"uv": [4.5, 0, 4, 1], "texture": "#door_bottom", "cullface": "west"},
				"south": {"uv": [0.5, 0, 2.5, 1], "texture": "#side_bottom"},
				"west": {"uv": [4, 0, 4.5, 1], "texture": "#door_bottom"},
				"up": {"uv": [4, 0.5, 4.5, 2.5], "rotation": 90, "texture": "#bottom"}
			}
		},
		{
			"name": "2",
			"from": [0.5, 15, 4.5],
			"to": [2.5, 15.5, 5],
			"faces": {
				"east": {"uv": [5, 0.5, 4.5, 1], "texture": "#door_bottom", "cullface": "west"},
				"south": {"uv": [0.5, 0.5, 2.5, 1], "texture": "#side_bottom"},
				"west": {"uv": [4.5, 0.5, 5, 1], "texture": "#door_bottom"},
				"up": {"uv": [4.5, 0.5, 5, 2.5], "rotation": 90, "texture": "#bottom"}
			}
		},
		{
			"name": "3",
			"from": [0.5, 15, 6],
			"to": [2.5, 15.5, 6.5],
			"faces": {
				"north": {"uv": [0.5, 0.5, 2.5, 1], "texture": "#side_bottom"},
				"east": {"uv": [6.5, 0.5, 6, 1], "texture": "#door_bottom", "cullface": "west"},
				"west": {"uv": [6, 0.5, 6.5, 1], "texture": "#door_bottom"},
				"up": {"uv": [6, 0.5, 6.5, 2.5], "rotation": 90, "texture": "#bottom"}
			}
		},
		{
			"name": "4",
			"from": [0.5, 15, 6.5],
			"to": [2.5, 16, 9.5],
			"faces": {
				"north": {"uv": [2.5, 0, 0.5, 1], "texture": "#side_bottom"},
				"east": {"uv": [9.5, 0, 6.5, 1], "texture": "#door_bottom", "cullface": "west"},
				"south": {"uv": [0.5, 0, 2.5, 1], "texture": "#side_bottom"},
				"west": {"uv": [6.5, 0, 9.5, 1], "texture": "#door_bottom"},
				"up": {"uv": [0.5, 6, 2.5, 9], "texture": "#side_bottom"}
			}
		},
		{
			"name": "5",
			"from": [0.5, 15, 9.5],
			"to": [2.5, 15.5, 10],
			"faces": {
				"east": {"uv": [10, 0.5, 9.5, 1], "texture": "#door_bottom", "cullface": "west"},
				"south": {"uv": [0.5, 0.5, 2.5, 1], "texture": "#side_bottom"},
				"west": {"uv": [9.5, 0.5, 10, 1], "texture": "#door_bottom"},
				"up": {"uv": [9.5, 0.5, 10, 2.5], "rotation": 90, "texture": "#bottom"}
			}
		},
		{
			"name": "6",
			"from": [0.5, 15, 11],
			"to": [2.5, 15.5, 11.5],
			"faces": {
				"north": {"uv": [0.5, 0.5, 2.5, 1], "texture": "#side_bottom"},
				"east": {"uv": [11.5, 0.5, 11, 1], "texture": "#door_bottom", "cullface": "west"},
				"west": {"uv": [11, 0.5, 11.5, 1], "texture": "#door_bottom"},
				"up": {"uv": [11, 0.5, 11.5, 2.5], "rotation": 90, "texture": "#bottom"}
			}
		},
		{
			"name": "7",
			"from": [0.5, 15, 11.5],
			"to": [2.5, 16, 12],
			"faces": {
				"north": {"uv": [0.5, 0, 2.5, 1], "texture": "#side_bottom"},
				"east": {"uv": [12, 0, 11.5, 1], "texture": "#door_bottom", "cullface": "west"},
				"west": {"uv": [11.5, 0, 12, 1], "texture": "#door_bottom"},
				"up": {"uv": [11.5, 0.5, 12, 2.5], "rotation": 90, "texture": "#bottom"}
			}
		},
		{
			"name": "1",
			"from": [0, 15, 0],
			"to": [3, 16, 4],
			"faces": {
				"north": {"uv": [3, 0, 0, 1], "texture": "#side_bottom_hinge", "cullface": "north"},
				"east": {"uv": [4, 0, 0, 1], "texture": "#door_bottom"},
				"south": {"uv": [0, 0, 3, 1], "texture": "#side_bottom"},
				"west": {"uv": [0, 0, 4, 1], "texture": "#door_bottom", "cullface": "west"}
			}
		},
		{
			"name": "2",
			"from": [0, 15, 12],
			"to": [3, 16, 16],
			"faces": {
				"north": {"uv": [3, 0, 0, 1], "texture": "#side_bottom"},
				"east": {"uv": [16, 0, 12, 1], "texture": "#door_bottom"},
				"south": {"uv": [0, 0, 3, 1], "texture": "#side_bottom", "cullface": "south"},
				"west": {"uv": [12, 0, 16, 1], "texture": "#door_bottom", "cullface": "west"}
			}
		},
		{
			"name": "bottom",
			"from": [0, 0, 0],
			"to": [3, 15, 16],
			"faces": {
				"north": {"uv": [3, 1, 0, 16], "texture": "#side_bottom_hinge", "cullface": "north"},
				"east": {"uv": [16, 1, 0, 16], "texture": "#front_nohandle"},
				"south": {"uv": [0, 1, 3, 16], "texture": "#side_bottom", "cullface": "south"},
				"west": {"uv": [0, 1, 16, 16], "texture": "#front_nohandle", "cullface": "west"},
				"up": {"uv": [0, 0, 16, 3], "rotation": 90, "texture": "#bottom"},
				"down": {"uv": [0, 0, 16, 3], "rotation": 270, "texture": "#bottom", "cullface": "down"}
			}
		},
		{
			"name": "1",
			"from": [-0.25, 12.5, 7],
			"to": [3.25, 13, 9],
			"faces": {
				"north": {"uv": [7, 3, 7.5, 3.5], "texture": "#door_bottom"},
				"south": {"uv": [8.5, 3, 9, 3.5], "texture": "#door_bottom"},
				"up": {"uv": [7, 3, 9, 3.5], "texture": "#door_bottom"},
				"down": {"uv": [7, 3, 9, 3.5], "texture": "#door_bottom"}
			}
		},
		{
			"name": "1",
			"from": [-0.5, 12, 7],
			"to": [-0.25, 13, 9],
			"faces": {
				"north": {"uv": [7, 3, 7.5, 3.5], "texture": "#door_bottom", "cullface": "west"},
				"east": {"uv": [9, 3, 7, 4], "texture": "#door_bottom", "cullface": "west"},
				"south": {"uv": [8.5, 3, 9, 3.5], "texture": "#door_bottom", "cullface": "west"},
				"west": {"uv": [7, 3, 9, 4], "texture": "#door_bottom", "cullface": "west"},
				"up": {"uv": [7, 3, 9, 3.5], "rotation": 90, "texture": "#door_bottom", "cullface": "west"},
				"down": {"uv": [7.5, 3.5, 8.5, 4], "rotation": 270, "texture": "#door_bottom", "cullface": "west"}
			}
		},
		{
			"name": "2",
			"from": [-0.5, 9, 7],
			"to": [-0.25, 10, 9],
			"faces": {
				"north": {"uv": [7, 6.5, 7.5, 7], "texture": "#door_bottom", "cullface": "west"},
				"east": {"uv": [9, 6, 7, 7], "texture": "#door_bottom", "cullface": "west"},
				"south": {"uv": [8.5, 6.5, 9, 7], "texture": "#door_bottom", "cullface": "west"},
				"west": {"uv": [7, 6, 9, 7], "texture": "#door_bottom", "cullface": "west"},
				"up": {"uv": [7.5, 6, 8.5, 6.5], "rotation": 270, "texture": "#door_bottom", "cullface": "west"},
				"down": {"uv": [7, 6.5, 9, 7], "rotation": 270, "texture": "#door_bottom", "cullface": "west"}
			}
		},
		{
			"name": "3",
			"from": [-0.5, 10, 6],
			"to": [-0.25, 12, 7],
			"faces": {
				"north": {"uv": [6, 4, 6.5, 6], "texture": "#door_bottom", "cullface": "west"},
				"east": {"uv": [7, 4, 6, 6], "texture": "#door_bottom", "cullface": "west"},
				"south": {"uv": [6.5, 4.5, 7, 5.5], "texture": "#door_bottom", "cullface": "west"},
				"west": {"uv": [6, 4, 7, 6], "texture": "#door_bottom", "cullface": "west"},
				"up": {"uv": [6, 4, 6.5, 4.5], "texture": "#door_bottom", "cullface": "west"},
				"down": {"uv": [6, 5.5, 6.5, 6], "texture": "#door_bottom", "cullface": "west"}
			}
		},
		{
			"name": "4",
			"from": [-0.5, 10, 9],
			"to": [-0.25, 12, 10],
			"faces": {
				"north": {"uv": [9, 4.5, 9.5, 5.5], "texture": "#door_bottom", "cullface": "west"},
				"east": {"uv": [10, 4, 9, 6], "texture": "#door_bottom", "cullface": "west"},
				"south": {"uv": [9.5, 4, 10, 6], "texture": "#door_bottom", "cullface": "west"},
				"west": {"uv": [9, 4, 10, 6], "texture": "#door_bottom", "cullface": "west"},
				"up": {"uv": [9.5, 4, 10, 4.5], "texture": "#door_bottom", "cullface": "west"},
				"down": {"uv": [9.5, 5.5, 10, 6], "texture": "#door_bottom", "cullface": "west"}
			}
		},
		{
			"name": "5",
			"from": [-0.5, 11.5, 8.5],
			"to": [-0.25, 12.5, 9.5],
			"faces": {
				"north": {"uv": [8.5, 4, 9, 4.5], "texture": "#door_bottom", "cullface": "west"},
				"east": {"uv": [9.5, 3.5, 8.5, 4.5], "texture": "#door_bottom", "cullface": "west"},
				"south": {"uv": [9, 3.5, 9.5, 4], "texture": "#door_bottom", "cullface": "west"},
				"west": {"uv": [8.5, 3.5, 9.5, 4.5], "texture": "#door_bottom", "cullface": "west"},
				"up": {"uv": [9, 3.5, 9.5, 4], "texture": "#door_bottom", "cullface": "west"},
				"down": {"uv": [8.5, 4, 9, 4.5], "texture": "#door_bottom", "cullface": "west"}
			}
		},
		{
			"name": "6",
			"from": [-0.5, 11.5, 6.5],
			"to": [-0.25, 12.5, 7.5],
			"faces": {
				"north": {"uv": [6.5, 3.5, 7, 4], "texture": "#door_bottom", "cullface": "west"},
				"east": {"uv": [7.5, 3.5, 6.5, 4.5], "texture": "#door_bottom", "cullface": "west"},
				"south": {"uv": [7, 4, 7.5, 4.5], "texture": "#door_bottom", "cullface": "west"},
				"west": {"uv": [6.5, 3.5, 7.5, 4.5], "texture": "#door_bottom", "cullface": "west"},
				"up": {"uv": [6.5, 3.5, 7, 4], "texture": "#door_bottom", "cullface": "west"},
				"down": {"uv": [7, 4, 7.5, 4.5], "texture": "#door_bottom", "cullface": "west"}
			}
		},
		{
			"name": "7",
			"from": [-0.5, 9.5, 6.5],
			"to": [-0.25, 10.5, 7.5],
			"faces": {
				"north": {"uv": [6.5, 6, 7, 6.5], "texture": "#door_bottom", "cullface": "west"},
				"east": {"uv": [7.5, 5.5, 6.5, 6.5], "texture": "#door_bottom", "cullface": "west"},
				"south": {"uv": [7, 5.5, 7.5, 6], "texture": "#door_bottom", "cullface": "west"},
				"west": {"uv": [6.5, 5.5, 7.5, 6.5], "texture": "#door_bottom", "cullface": "west"},
				"up": {"uv": [7, 5.5, 7.5, 6], "texture": "#door_bottom", "cullface": "west"},
				"down": {"uv": [6.5, 6, 7, 6.5], "texture": "#door_bottom", "cullface": "west"}
			}
		},
		{
			"name": "8",
			"from": [-0.5, 9.5, 8.5],
			"to": [-0.25, 10.5, 9.5],
			"faces": {
				"north": {"uv": [8.5, 5.5, 9, 6], "texture": "#door_bottom", "cullface": "west"},
				"east": {"uv": [9.5, 5.5, 8.5, 6.5], "texture": "#door_bottom", "cullface": "west"},
				"south": {"uv": [9, 6, 9.5, 6.5], "texture": "#door_bottom", "cullface": "west"},
				"west": {"uv": [8.5, 5.5, 9.5, 6.5], "texture": "#door_bottom", "cullface": "west"},
				"up": {"uv": [8.5, 5.5, 9, 6], "texture": "#door_bottom", "cullface": "west"},
				"down": {"uv": [9, 6, 9.5, 6.5], "texture": "#door_bottom", "cullface": "west"}
			}
		},
		{
			"name": "1",
			"from": [3.25, 12, 7],
			"to": [3.5, 13, 9],
			"faces": {
				"north": {"uv": [7, 3, 7.5, 3.5], "texture": "#door_bottom"},
				"east": {"uv": [9, 3, 7, 4], "texture": "#door_bottom"},
				"south": {"uv": [8.5, 3, 9, 3.5], "texture": "#door_bottom"},
				"west": {"uv": [7, 3, 9, 4], "texture": "#door_bottom"},
				"up": {"uv": [7, 3, 9, 3.5], "rotation": 90, "texture": "#door_bottom"},
				"down": {"uv": [7.5, 3.5, 8.5, 4], "rotation": 270, "texture": "#door_bottom"}
			}
		},
		{
			"name": "2",
			"from": [3.25, 9, 7],
			"to": [3.5, 10, 9],
			"faces": {
				"north": {"uv": [7, 6.5, 7.5, 7], "texture": "#door_bottom"},
				"east": {"uv": [9, 6, 7, 7], "texture": "#door_bottom"},
				"south": {"uv": [8.5, 6.5, 9, 7], "texture": "#door_bottom"},
				"west": {"uv": [7, 6, 9, 7], "texture": "#door_bottom"},
				"up": {"uv": [7.5, 6, 8.5, 6.5], "rotation": 270, "texture": "#door_bottom"},
				"down": {"uv": [7, 6.5, 9, 7], "rotation": 270, "texture": "#door_bottom"}
			}
		},
		{
			"name": "3",
			"from": [3.25, 10, 6],
			"to": [3.5, 12, 7],
			"faces": {
				"north": {"uv": [6, 4, 6.5, 6], "texture": "#door_bottom"},
				"east": {"uv": [7, 4, 6, 6], "texture": "#door_bottom"},
				"south": {"uv": [6.5, 4.5, 7, 5.5], "texture": "#door_bottom"},
				"west": {"uv": [6, 4, 7, 6], "texture": "#door_bottom"},
				"up": {"uv": [6, 4, 6.5, 4.5], "texture": "#door_bottom"},
				"down": {"uv": [6, 5.5, 6.5, 6], "texture": "#door_bottom"}
			}
		},
		{
			"name": "4",
			"from": [3.25, 10, 9],
			"to": [3.5, 12, 10],
			"faces": {
				"north": {"uv": [9, 4.5, 9.5, 5.5], "texture": "#door_bottom"},
				"east": {"uv": [10, 4, 9, 6], "texture": "#door_bottom"},
				"south": {"uv": [9.5, 4, 10, 6], "texture": "#door_bottom"},
				"west": {"uv": [9, 4, 10, 6], "texture": "#door_bottom"},
				"up": {"uv": [9.5, 4, 10, 4.5], "texture": "#door_bottom"},
				"down": {"uv": [9.5, 5.5, 10, 6], "texture": "#door_bottom"}
			}
		},
		{
			"name": "4",
			"from": [3.25, 11.5, 8.5],
			"to": [3.5, 12.5, 9.5],
			"faces": {
				"north": {"uv": [8.5, 4, 9, 4.5], "texture": "#door_bottom"},
				"east": {"uv": [9.5, 3.5, 8.5, 4.5], "texture": "#door_bottom"},
				"south": {"uv": [9, 3.5, 9.5, 4], "texture": "#door_bottom"},
				"west": {"uv": [8.5, 3.5, 9.5, 4.5], "texture": "#door_bottom"},
				"up": {"uv": [9, 3.5, 9.5, 4], "texture": "#door_bottom"},
				"down": {"uv": [8.5, 4, 9, 4.5], "texture": "#door_bottom"}
			}
		},
		{
			"name": "5",
			"from": [3.25, 11.5, 6.5],
			"to": [3.5, 12.5, 7.5],
			"faces": {
				"north": {"uv": [6.5, 3.5, 7, 4], "texture": "#door_bottom"},
				"east": {"uv": [7.5, 3.5, 6.5, 4.5], "texture": "#door_bottom"},
				"south": {"uv": [7, 4, 7.5, 4.5], "texture": "#door_bottom"},
				"west": {"uv": [6.5, 3.5, 7.5, 4.5], "texture": "#door_bottom"},
				"up": {"uv": [6.5, 3.5, 7, 4], "texture": "#door_bottom"},
				"down": {"uv": [7, 4, 7.5, 4.5], "texture": "#door_bottom"}
			}
		},
		{
			"name": "6",
			"from": [3.25, 9.5, 6.5],
			"to": [3.5, 10.5, 7.5],
			"faces": {
				"north": {"uv": [6.5, 6, 7, 6.5], "texture": "#door_bottom"},
				"east": {"uv": [7.5, 5.5, 6.5, 6.5], "texture": "#door_bottom"},
				"south": {"uv": [7, 5.5, 7.5, 6], "texture": "#door_bottom"},
				"west": {"uv": [6.5, 5.5, 7.5, 6.5], "texture": "#door_bottom"},
				"up": {"uv": [7, 5.5, 7.5, 6], "texture": "#door_bottom"},
				"down": {"uv": [6.5, 6, 7, 6.5], "texture": "#door_bottom"}
			}
		},
		{
			"name": "7",
			"from": [3.25, 9.5, 8.5],
			"to": [3.5, 10.5, 9.5],
			"faces": {
				"north": {"uv": [8.5, 5.5, 9, 6], "texture": "#door_bottom"},
				"east": {"uv": [9.5, 5.5, 8.5, 6.5], "texture": "#door_bottom"},
				"south": {"uv": [9, 6, 9.5, 6.5], "texture": "#door_bottom"},
				"west": {"uv": [8.5, 5.5, 9.5, 6.5], "texture": "#door_bottom"},
				"up": {"uv": [8.5, 5.5, 9, 6], "texture": "#door_bottom"},
				"down": {"uv": [9, 6, 9.5, 6.5], "texture": "#door_bottom"}
			}
		}
	],
	"groups": [
		{
			"name": "cherry_door_top",
			"origin": [8, 8, 8],
			"color": 0,
			"children": [
				{
					"name": "group",
					"origin": [8, 8, 8],
					"color": 0,
					"children": [
						0,
						1,
						2,
						{
							"name": "inside",
							"origin": [8, 8, 8],
							"color": 0,
							"children": [
								{
									"name": "1",
									"origin": [0, 0, 0],
									"color": 0,
									"children": [3, 4, 5, 6, 7, 8, 9, 10, 11, 12, 13, 14, 15]
								},
								{
									"name": "2",
									"origin": [8, 8, 8],
									"color": 0,
									"children": [16, 17, 18, 19, 20, 21]
								},
								{
									"name": "3",
									"origin": [0, 0, 0],
									"color": 0,
									"children": [22, 23, 24, 25, 26, 27, 28, 29, 30, 31, 32, 33, 34]
								},
								{
									"name": "4",
									"origin": [8, 8, 8],
									"color": 0,
									"children": [35, 36, 37, 38, 39, 40]
								},
								{
									"name": "5",
									"origin": [0, 0, 0],
									"color": 0,
									"children": [41, 42, 43, 44, 45, 46, 47]
								}
							]
						}
					]
				}
			]
		},
		{
			"name": "cherry_door_bottom",
			"origin": [8, 8, 8],
			"color": 0,
			"children": [
				{
					"name": "inside",
					"origin": [0, 0, 0],
					"color": 0,
					"children": [48, 49, 50, 51, 52, 53, 54]
				},
				{
					"name": "top",
					"origin": [0, 0, 0],
					"color": 0,
					"children": [55, 56]
				},
				57,
				{
					"name": "handle",
					"origin": [8, 8, 8],
					"color": 0,
					"children": [
						58,
						{
							"name": "handle1",
							"origin": [8, 8, 8],
							"color": 0,
							"children": [59, 60, 61, 62, 63, 64, 65, 66]
						},
						{
							"name": "handle2",
							"origin": [8, 8, 8],
							"color": 0,
							"children": [67, 68, 69, 70, 71, 72, 73, 74]
						}
					]
				}
			]
		}
	]
}