{
	"credit": "Created by mullak99",
	"textures": {
		"dripstone_block": "block/dripstone_block",
		"particle": "block/pointed_dripstone_down_base",
		"pointed_dripstone": "block/pointed_dripstone_down_base"
	},
	"elements": [
		{
			"name": "top",
			"from": [5, 11, 5],
			"to": [11, 16, 11],
			"faces": {
				"north": {"uv": [5, 0, 11, 5], "texture": "#pointed_dripstone"},
				"east": {"uv": [5, 0, 11, 5], "texture": "#pointed_dripstone"},
				"south": {"uv": [5, 0, 11, 5], "texture": "#pointed_dripstone"},
				"west": {"uv": [5, 0, 11, 5], "texture": "#pointed_dripstone"},
				"up": {"uv": [5, 5, 11, 11], "texture": "#dripstone_block"},
				"down": {"uv": [5, 5, 11, 11], "texture": "#dripstone_block"}
			}
		},
		{
			"name": "middle",
			"from": [6, 7, 6],
			"to": [10, 11, 10],
			"rotation": {"angle": 0, "axis": "y", "origin": [6, 0, 6]},
			"faces": {
				"north": {"uv": [6, 5, 10, 9], "texture": "#pointed_dripstone"},
				"east": {"uv": [6, 5, 10, 9], "texture": "#pointed_dripstone"},
				"south": {"uv": [6, 5, 10, 9], "texture": "#pointed_dripstone"},
				"west": {"uv": [6, 5, 10, 9], "texture": "#pointed_dripstone"},
				"down": {"uv": [6, 6, 10, 10], "texture": "#dripstone_block"}
			}
		},
		{
			"name": "bottom",
			"from": [7, 2, 7],
			"to": [9, 7, 9],
			"rotation": {"angle": 0, "axis": "y", "origin": [0, 0, 6]},
			"faces": {
				"north": {"uv": [7, 9, 9, 14], "texture": "#pointed_dripstone"},
				"east": {"uv": [7, 9, 9, 14], "texture": "#pointed_dripstone"},
				"south": {"uv": [7, 9, 9, 14], "texture": "#pointed_dripstone"},
				"west": {"uv": [7, 9, 9, 14], "texture": "#pointed_dripstone"},
				"down": {"uv": [7, 6, 9, 8], "texture": "#dripstone_block"}
			}
		}
	],
	"display": {
		"thirdperson_righthand": {
			"rotation": [75, 315, 0],
			"translation": [0, 0.75, -0.5],
			"scale": [0.45, 0.45, 0.45]
		},
		"firstperson_righthand": {
			"rotation": [0, 315, 0],
			"translation": [0, 1, 0],
			"scale": [0.4, 0.4, 0.4]
		},
		"ground": {
			"translation": [0, 2, 0],
			"scale": [0.35, 0.35, 0.35]
		},
		"gui": {
			"rotation": [30, 45, 0],
			"translation": [0, -1, 0],
			"scale": [0.9, 0.9, 0.9]
		},
		"head": {
			"rotation": [0, 180, 0]
		},
		"fixed": {
			"rotation": [0, 180, 0],
			"scale": [0.75, 0.75, 0.75]
		}
	},
	"groups": [
		{
			"name": "pointed_dripstone",
			"origin": [6, 0, 6],
			"children": [0, 1, 2]
		}
	]
}