{
	"credit": "Created by mullak99",
	"ambientocclusion": false,
	"textures": {
		"side_bottom": "m99-ctm:block/doors/acacia/side_bottom",
		"door": "block/acacia_door_bottom",
		"particle": "block/acacia_door_bottom",
		"side_bottom_hinge": "m99-ctm:block/doors/acacia/side_bottom_hinge",
		"bottom": "m99-ctm:block/doors/acacia/bottom"
	},
	"elements": [
		{
			"name": "left",
			"from": [0, 0, 13],
			"to": [3, 16, 16],
			"faces": {
				"north": {"uv": [0, 0, 3, 16], "texture": "#side_bottom"},
				"east": {"uv": [0, 0, 3, 16], "texture": "#door"},
				"south": {"uv": [3, 0, 0, 16], "texture": "#side_bottom_hinge", "cullface": "south"},
				"west": {"uv": [3, 0, 0, 16], "texture": "#door", "cullface": "west"},
				"down": {"uv": [0, 3, 3, 0], "rotation": 90, "texture": "#bottom", "cullface": "down"}
			}
		},
		{
			"name": "right",
			"from": [0, 0, 0],
			"to": [3, 16, 3],
			"faces": {
				"north": {"uv": [0, 0, 3, 16], "texture": "#side_bottom", "cullface": "north"},
				"east": {"uv": [13, 0, 16, 16], "texture": "#door"},
				"south": {"uv": [3, 0, 0, 16], "texture": "#side_bottom"},
				"west": {"uv": [16, 0, 13, 16], "texture": "#door", "cullface": "west"},
				"down": {"uv": [13, 3, 16, 0], "rotation": 90, "texture": "#bottom", "cullface": "down"}
			}
		},
		{
			"name": "1",
			"from": [0, 3, 9],
			"to": [3, 15, 11],
			"faces": {
				"north": {"uv": [0, 1, 3, 13], "texture": "#side_bottom"},
				"east": {"uv": [5, 0.5, 7, 13], "texture": "#door"},
				"south": {"uv": [3, 13, 0, 1], "texture": "#side_bottom"},
				"west": {"uv": [7, 1, 5, 13], "texture": "#door", "cullface": "west"}
			}
		},
		{
			"name": "2",
			"from": [0, 3, 5],
			"to": [3, 15, 7],
			"faces": {
				"north": {"uv": [0, 1, 3, 13], "texture": "#side_bottom"},
				"east": {"uv": [9, 1, 11, 13], "texture": "#door"},
				"south": {"uv": [3, 1, 0, 13], "texture": "#side_bottom"},
				"west": {"uv": [11, 1, 9, 13], "texture": "#door", "cullface": "west"}
			}
		},
		{
			"name": "bottom",
			"from": [0, 0, 3],
			"to": [3, 3, 13],
			"faces": {
				"east": {"uv": [3, 13, 13, 16], "texture": "#door"},
				"west": {"uv": [13, 13, 3, 16], "texture": "#door", "cullface": "west"},
				"up": {"uv": [13, 3, 3, 0], "rotation": 90, "texture": "#bottom"},
				"down": {"uv": [3, 3, 13, 0], "rotation": 90, "texture": "#bottom", "cullface": "down"}
			}
		},
		{
			"name": "top",
			"from": [0, 15, 3],
			"to": [3, 16, 13],
			"faces": {
				"east": {"uv": [3, 0, 13, 1], "texture": "#door"},
				"west": {"uv": [13, 0, 3, 1], "texture": "#door", "cullface": "west"},
				"down": {"uv": [13, 0, 3, 3], "rotation": 270, "texture": "#bottom"}
			}
		},
		{
			"name": "1",
			"from": [-0.5, 15, 1],
			"to": [3.5, 16, 2],
			"faces": {
				"north": {"uv": [14.5, 0, 15, 1], "texture": "#door"},
				"east": {"uv": [14, 0, 15, 1], "texture": "#door"},
				"south": {"uv": [14, 0, 14.5, 1], "texture": "#door"},
				"west": {"uv": [15, 0, 14, 1], "texture": "#door", "cullface": "west"},
				"up": {"uv": [14, 0, 15, 0.5], "rotation": 270, "texture": "#door", "cullface": "up"},
				"down": {"uv": [14, 0.5, 15, 1], "rotation": 90, "texture": "#door"}
			}
		},
		{
			"name": "2",
			"from": [-0.5, 15.5, 2],
			"to": [3.5, 16, 2.5],
			"faces": {
				"east": {"uv": [13.5, 0, 14, 0.5], "texture": "#door"},
				"south": {"uv": [13.5, 0, 14, 0.5], "texture": "#door"},
				"west": {"uv": [14, 0, 13.5, 0.5], "texture": "#door", "cullface": "west"},
				"up": {"uv": [13.5, 0, 14, 0.5], "rotation": 270, "texture": "#door", "cullface": "up"},
				"down": {"uv": [13.5, 0, 14, 0.5], "rotation": 180, "texture": "#door"}
			}
		}
	],
	"groups": [
		{
			"name": "group",
			"children": [0, 1,
				{
					"name": "hor",
					"children": [2, 3]
				},
				{
					"name": "vert",
					"children": [4, 5]
				},
				{
					"name": "handle",
					"children": [6, 7]
				}
			]
		}
	]
}