{
	"credit": "Created by mullak99",
	"ambientocclusion": false,
	"textures": {
		"texture": "block/lily_pad",
		"particle": "block/lily_pad"
	},
	"elements": [
		{
			"name": "1",
			"from": [1.5, -0.5, 5.5],
			"to": [14, 0.5, 9.5],
			"faces": {
				"north": {"uv": [2, 5.5, 14.5, 6], "texture": "#texture", "tintindex": 0},
				"east": {"uv": [14, 5, 14.5, 9.5], "rotation": 90, "texture": "#texture", "tintindex": 0},
				"south": {"uv": [2, 9, 14.5, 9.5], "texture": "#texture", "tintindex": 0},
				"west": {"uv": [2, 5, 2.5, 9.5], "rotation": 270, "texture": "#texture", "tintindex": 0},
				"up": {"uv": [2, 5.5, 14.5, 9.5], "texture": "#texture", "tintindex": 0},
				"down": {"uv": [14.5, 9.5, 2, 5.5], "texture": "#texture", "cullface": "down", "tintindex": 0}
			}
		},
		{
			"name": "2",
			"from": [2, -0.5, 9.5],
			"to": [13.5, 0.5, 11],
			"faces": {
				"east": {"uv": [13.5, 9.5, 14, 11], "rotation": 90, "texture": "#texture", "tintindex": 0},
				"south": {"uv": [2.5, 10.5, 14, 11], "texture": "#texture", "tintindex": 0},
				"west": {"uv": [2.5, 9.5, 3, 11], "rotation": 270, "texture": "#texture", "tintindex": 0},
				"up": {"uv": [2.5, 9.5, 14, 11], "texture": "#texture", "tintindex": 0},
				"down": {"uv": [14, 11, 2.5, 9.5], "texture": "#texture", "cullface": "down", "tintindex": 0}
			}
		},
		{
			"name": "3",
			"from": [2.5, -0.5, 11],
			"to": [13, 0.5, 12],
			"faces": {
				"east": {"uv": [13, 11, 13.5, 12], "rotation": 90, "texture": "#texture", "tintindex": 0},
				"south": {"uv": [3, 11.5, 13.5, 12], "texture": "#texture", "tintindex": 0},
				"west": {"uv": [3, 11, 3.5, 12], "rotation": 270, "texture": "#texture", "tintindex": 0},
				"up": {"uv": [3, 11, 13.5, 12], "texture": "#texture", "tintindex": 0},
				"down": {"uv": [13.5, 12, 3, 11], "texture": "#texture", "cullface": "down", "tintindex": 0}
			}
		},
		{
			"name": "4",
			"from": [3, -0.5, 12],
			"to": [12.5, 0.5, 12.5],
			"faces": {
				"east": {"uv": [12.5, 12, 13, 12.5], "rotation": 90, "texture": "#texture", "tintindex": 0},
				"south": {"uv": [3.5, 12, 13, 12.5], "texture": "#texture", "tintindex": 0},
				"west": {"uv": [3.5, 12, 4, 12.5], "rotation": 270, "texture": "#texture", "tintindex": 0},
				"up": {"uv": [3.5, 12, 13, 12.5], "texture": "#texture", "tintindex": 0},
				"down": {"uv": [13, 12.5, 3.5, 12], "texture": "#texture", "cullface": "down", "tintindex": 0}
			}
		},
		{
			"name": "5",
			"from": [3.5, -0.5, 12.5],
			"to": [12, 0.5, 13],
			"faces": {
				"east": {"uv": [12, 12.5, 12.5, 13], "rotation": 90, "texture": "#texture", "tintindex": 0},
				"south": {"uv": [4, 12.5, 12.5, 13], "texture": "#texture", "tintindex": 0},
				"west": {"uv": [4, 12.5, 4.5, 13], "rotation": 270, "texture": "#texture", "tintindex": 0},
				"up": {"uv": [4, 12.5, 12.5, 13], "texture": "#texture", "tintindex": 0},
				"down": {"uv": [12.5, 13, 4, 12.5], "texture": "#texture", "cullface": "down", "tintindex": 0}
			}
		},
		{
			"name": "6",
			"from": [4, -0.5, 13],
			"to": [11.5, 0.5, 13.5],
			"faces": {
				"east": {"uv": [11.5, 13, 12, 13.5], "rotation": 90, "texture": "#texture", "tintindex": 0},
				"south": {"uv": [4.5, 13, 12, 13.5], "texture": "#texture", "tintindex": 0},
				"west": {"uv": [4.5, 13, 5, 13.5], "rotation": 270, "texture": "#texture", "tintindex": 0},
				"up": {"uv": [4.5, 13, 12, 13.5], "texture": "#texture", "tintindex": 0},
				"down": {"uv": [12, 13.5, 4.5, 13], "texture": "#texture", "cullface": "down", "tintindex": 0}
			}
		},
		{
			"name": "7",
			"from": [5, -0.5, 13.5],
			"to": [10.5, 0.5, 14],
			"faces": {
				"east": {"uv": [10.5, 13.5, 11, 14], "rotation": 90, "texture": "#texture", "tintindex": 0},
				"south": {"uv": [5.5, 13.5, 11, 14], "texture": "#texture", "tintindex": 0},
				"west": {"uv": [5.5, 13.5, 6, 14], "rotation": 270, "texture": "#texture", "tintindex": 0},
				"up": {"uv": [5.5, 13.5, 11, 14], "texture": "#texture", "tintindex": 0},
				"down": {"uv": [11, 14, 5.5, 13.5], "texture": "#texture", "cullface": "down", "tintindex": 0}
			}
		},
		{
			"name": "8",
			"from": [6.5, -0.5, 14],
			"to": [9, 0.5, 14.5],
			"faces": {
				"east": {"uv": [9, 14, 9.5, 14.5], "rotation": 90, "texture": "#texture", "tintindex": 0},
				"south": {"uv": [7, 14, 9.5, 14.5], "texture": "#texture", "tintindex": 0},
				"west": {"uv": [7, 14, 7.5, 14.5], "rotation": 270, "texture": "#texture", "tintindex": 0},
				"up": {"uv": [7, 14, 9.5, 14.5], "texture": "#texture", "tintindex": 0},
				"down": {"uv": [9.5, 14.5, 7, 14], "texture": "#texture", "cullface": "down", "tintindex": 0}
			}
		},
		{
			"name": "1",
			"from": [1.5, -0.5, 5],
			"to": [7.5, 0.5, 5.5],
			"faces": {
				"north": {"uv": [2, 5, 8, 5.5], "texture": "#texture", "tintindex": 0},
				"east": {"uv": [7.5, 5, 8, 5.5], "rotation": 90, "texture": "#texture", "tintindex": 0},
				"west": {"uv": [2, 5, 2.5, 5.5], "rotation": 270, "texture": "#texture", "tintindex": 0},
				"up": {"uv": [2, 5, 8, 5.5], "texture": "#texture", "tintindex": 0},
				"down": {"uv": [14.5, 5.5, 8.5, 5], "texture": "#texture", "cullface": "down", "tintindex": 0}
			}
		},
		{
			"name": "2",
			"from": [2, -0.5, 4],
			"to": [7.5, 0.5, 5],
			"faces": {
				"north": {"uv": [2.5, 4, 8, 4.5], "texture": "#texture", "tintindex": 0},
				"east": {"uv": [7.5, 4, 8, 5], "rotation": 90, "texture": "#texture", "tintindex": 0},
				"west": {"uv": [2.5, 4, 3, 5], "rotation": 270, "texture": "#texture", "tintindex": 0},
				"up": {"uv": [2.5, 4, 8, 5], "texture": "#texture", "tintindex": 0},
				"down": {"uv": [14, 5, 8.5, 4], "texture": "#texture", "cullface": "down", "tintindex": 0}
			}
		},
		{
			"name": "3",
			"from": [2, -0.5, 3.5],
			"to": [7, 0.5, 4],
			"faces": {
				"north": {"uv": [2.5, 3.5, 7.5, 4], "texture": "#texture", "tintindex": 0},
				"east": {"uv": [7, 3.5, 7.5, 4], "texture": "#texture", "tintindex": 0},
				"west": {"uv": [2.5, 3.5, 3, 4], "rotation": 270, "texture": "#texture", "tintindex": 0},
				"up": {"uv": [2.5, 3.5, 7.5, 4], "texture": "#texture", "tintindex": 0},
				"down": {"uv": [14, 4, 9, 3.5], "texture": "#texture", "cullface": "down", "tintindex": 0}
			}
		},
		{
			"name": "4",
			"from": [2.5, -0.5, 3],
			"to": [7, 0.5, 3.5],
			"faces": {
				"north": {"uv": [3, 3, 7.5, 3.5], "texture": "#texture", "tintindex": 0},
				"east": {"uv": [7, 3, 7.5, 3.5], "rotation": 90, "texture": "#texture", "tintindex": 0},
				"west": {"uv": [3, 3, 3.5, 3.5], "rotation": 270, "texture": "#texture", "tintindex": 0},
				"up": {"uv": [3, 3, 7.5, 3.5], "texture": "#texture", "tintindex": 0},
				"down": {"uv": [13.5, 3.5, 9, 3], "texture": "#texture", "cullface": "down", "tintindex": 0}
			}
		},
		{
			"name": "5",
			"from": [2.5, -0.5, 2.5],
			"to": [6.5, 0.5, 3],
			"faces": {
				"north": {"uv": [3, 2.5, 7, 3], "texture": "#texture", "tintindex": 0},
				"east": {"uv": [6.5, 2.5, 7, 3], "rotation": 90, "texture": "#texture", "tintindex": 0},
				"west": {"uv": [3, 2.5, 3.5, 3], "rotation": 270, "texture": "#texture", "tintindex": 0},
				"up": {"uv": [3, 2.5, 7, 3], "texture": "#texture", "tintindex": 0},
				"down": {"uv": [13.5, 3, 9.5, 2.5], "texture": "#texture", "cullface": "down", "tintindex": 0}
			}
		},
		{
			"name": "6",
			"from": [3, -0.5, 2],
			"to": [6.5, 0.5, 2.5],
			"faces": {
				"north": {"uv": [3.5, 2, 7, 2.5], "texture": "#texture", "tintindex": 0},
				"east": {"uv": [6.5, 2, 7, 2.5], "rotation": 90, "texture": "#texture", "tintindex": 0},
				"west": {"uv": [3.5, 2, 4, 2.5], "rotation": 270, "texture": "#texture", "tintindex": 0},
				"up": {"uv": [3.5, 2, 7, 2.5], "texture": "#texture", "tintindex": 0},
				"down": {"uv": [13, 2.5, 9.5, 2], "texture": "#texture", "cullface": "down", "tintindex": 0}
			}
		},
		{
			"name": "7",
			"from": [3.5, -0.5, 1.5],
			"to": [6, 0.5, 2],
			"faces": {
				"north": {"uv": [4, 1.5, 6.5, 2], "texture": "#texture", "tintindex": 0},
				"east": {"uv": [6, 1.5, 6.5, 2], "rotation": 90, "texture": "#texture", "tintindex": 0},
				"west": {"uv": [4, 1.5, 4.5, 2], "rotation": 270, "texture": "#texture", "tintindex": 0},
				"up": {"uv": [4, 1.5, 6.5, 2], "texture": "#texture", "tintindex": 0},
				"down": {"uv": [12.5, 2, 10, 1.5], "texture": "#texture", "cullface": "down", "tintindex": 0}
			}
		},
		{
			"name": "8",
			"from": [4, -0.5, 1],
			"to": [5.5, 0.5, 1.5],
			"faces": {
				"north": {"uv": [4.5, 1, 6, 1.5], "texture": "#texture", "tintindex": 0},
				"east": {"uv": [5.5, 1, 6, 1.5], "texture": "#texture", "tintindex": 0},
				"west": {"uv": [4.5, 1, 5, 1.5], "rotation": 270, "texture": "#texture", "tintindex": 0},
				"up": {"uv": [4.5, 1, 6, 1.5], "texture": "#texture", "tintindex": 0},
				"down": {"uv": [12, 1.5, 10.5, 1], "texture": "#texture", "cullface": "down", "tintindex": 0}
			}
		},
		{
			"name": "1",
			"from": [8, -0.5, 5],
			"to": [14, 0.5, 5.5],
			"faces": {
				"north": {"uv": [8.5, 5, 14.5, 5.5], "texture": "#texture", "tintindex": 0},
				"east": {"uv": [14, 5, 14.5, 5.5], "rotation": 90, "texture": "#texture", "tintindex": 0},
				"west": {"uv": [8.5, 5, 9, 5.5], "rotation": 270, "texture": "#texture", "tintindex": 0},
				"up": {"uv": [8.5, 5, 14.5, 5.5], "texture": "#texture", "tintindex": 0},
				"down": {"uv": [8, 5.5, 2, 5], "texture": "#texture", "cullface": "down", "tintindex": 0}
			}
		},
		{
			"name": "2",
			"from": [8, -0.5, 4],
			"to": [13.5, 0.5, 5],
			"faces": {
				"north": {"uv": [8.5, 4, 14, 4.5], "texture": "#texture", "tintindex": 0},
				"east": {"uv": [13.5, 4, 14, 5], "rotation": 90, "texture": "#texture", "tintindex": 0},
				"west": {"uv": [7.5, 4, 8, 5], "rotation": 270, "texture": "#texture", "tintindex": 0},
				"up": {"uv": [8.5, 4, 14, 5], "texture": "#texture", "tintindex": 0},
				"down": {"uv": [8, 5, 2.5, 4], "texture": "#texture", "cullface": "down", "tintindex": 0}
			}
		},
		{
			"name": "3",
			"from": [8.5, -0.5, 3.5],
			"to": [13.5, 0.5, 4],
			"faces": {
				"north": {"uv": [9, 3.5, 14, 4], "texture": "#texture", "tintindex": 0},
				"east": {"uv": [13.5, 3.5, 14, 4], "rotation": 90, "texture": "#texture", "tintindex": 0},
				"west": {"uv": [9, 3.5, 9.5, 4], "rotation": 270, "texture": "#texture", "tintindex": 0},
				"up": {"uv": [9, 3.5, 14, 4], "texture": "#texture", "tintindex": 0},
				"down": {"uv": [7.5, 4, 2.5, 3.5], "texture": "#texture", "cullface": "down", "tintindex": 0}
			}
		},
		{
			"name": "4",
			"from": [8.5, -0.5, 3],
			"to": [13, 0.5, 3.5],
			"faces": {
				"north": {"uv": [9, 3, 13.5, 3.5], "texture": "#texture", "tintindex": 0},
				"east": {"uv": [13, 3, 13.5, 3.5], "rotation": 90, "texture": "#texture", "tintindex": 0},
				"west": {"uv": [9, 3, 9.5, 3.5], "rotation": 270, "texture": "#texture", "tintindex": 0},
				"up": {"uv": [9, 3, 13.5, 3.5], "texture": "#texture", "tintindex": 0},
				"down": {"uv": [7.5, 3.5, 3, 3], "texture": "#texture", "cullface": "down", "tintindex": 0}
			}
		},
		{
			"name": "5",
			"from": [9, -0.5, 2.5],
			"to": [13, 0.5, 3],
			"faces": {
				"north": {"uv": [9.5, 2.5, 13.5, 3], "texture": "#texture", "tintindex": 0},
				"east": {"uv": [13, 2.5, 13.5, 3], "rotation": 90, "texture": "#texture", "tintindex": 0},
				"west": {"uv": [9.5, 2.5, 10, 3], "rotation": 270, "texture": "#texture", "tintindex": 0},
				"up": {"uv": [9.5, 2.5, 13.5, 3], "texture": "#texture", "tintindex": 0},
				"down": {"uv": [7, 3, 3, 2.5], "texture": "#texture", "cullface": "down", "tintindex": 0}
			}
		},
		{
			"name": "6",
			"from": [9, -0.5, 2],
			"to": [12.5, 0.5, 2.5],
			"faces": {
				"north": {"uv": [9.5, 2, 13, 2.5], "texture": "#texture", "tintindex": 0},
				"east": {"uv": [12.5, 2, 13, 2.5], "rotation": 90, "texture": "#texture", "tintindex": 0},
				"west": {"uv": [9.5, 2, 10, 2.5], "rotation": 270, "texture": "#texture", "tintindex": 0},
				"up": {"uv": [9.5, 2, 13, 2.5], "texture": "#texture", "tintindex": 0},
				"down": {"uv": [7, 2.5, 3.5, 2], "texture": "#texture", "cullface": "down", "tintindex": 0}
			}
		},
		{
			"name": "7",
			"from": [9.5, -0.5, 1.5],
			"to": [12, 0.5, 2],
			"faces": {
				"north": {"uv": [10, 1.5, 12.5, 2], "texture": "#texture", "tintindex": 0},
				"east": {"uv": [12.5, 2, 13, 2.5], "rotation": 90, "texture": "#texture", "tintindex": 0},
				"west": {"uv": [10, 1.5, 10.5, 2], "rotation": 270, "texture": "#texture", "tintindex": 0},
				"up": {"uv": [10, 1.5, 12.5, 2], "texture": "#texture", "tintindex": 0},
				"down": {"uv": [6.5, 2, 4, 1.5], "texture": "#texture", "cullface": "down", "tintindex": 0}
			}
		},
		{
			"name": "8",
			"from": [10, -0.5, 1],
			"to": [11.5, 0.5, 1.5],
			"faces": {
				"north": {"uv": [10.5, 1, 12, 1.5], "texture": "#texture", "tintindex": 0},
				"east": {"uv": [11.5, 1, 12, 1.5], "rotation": 90, "texture": "#texture", "tintindex": 0},
				"west": {"uv": [10.5, 1, 11, 1.5], "rotation": 270, "texture": "#texture", "tintindex": 0},
				"up": {"uv": [10.5, 1, 12, 1.5], "texture": "#texture", "tintindex": 0},
				"down": {"uv": [6, 1.5, 4.5, 1], "texture": "#texture", "cullface": "down", "tintindex": 0}
			}
		}
	],
	"groups": [
		{
			"name": "group",
			"children": [
				{
					"name": "main",
					"children": [0, 1, 2, 3, 4, 5, 6, 7]
				},
				{
					"name": "west",
					"children": [8, 9, 10, 11, 12, 13, 14, 15]
				},
				{
					"name": "east",
					"children": [16, 17, 18, 19, 20, 21, 22, 23]
				}
			]
		}
	]
}