{
	"credit": "Created by mullak99",
	"ambientocclusion": false,
	"textures": {
		"texture": "m99-ctm:block/lily_pad_alt",
		"particle": "m99-ctm:block/lily_pad_alt"
	},
	"elements": [
		{
			"name": "1",
			"from": [1.5, -0.5, 7],
			"to": [15, 0.5, 7.5],
			"faces": {
				"north": {"uv": [1.5, 7, 15, 7.5], "rotation": 180, "texture": "#texture", "tintindex": 0},
				"east": {"uv": [14.5, 7, 15, 7.5], "rotation": 90, "texture": "#texture", "tintindex": 0},
				"west": {"uv": [1.5, 7, 2, 7.5], "rotation": 270, "texture": "#texture", "tintindex": 0},
				"up": {"uv": [1.5, 7, 15, 7.5], "texture": "#texture", "tintindex": 0},
				"down": {"uv": [15, 7, 1.5, 7.5], "rotation": 180, "texture": "#texture", "cullface": "down", "tintindex": 0}
			}
		},
		{
			"name": "2",
			"from": [1, -0.5, 7.5],
			"to": [15, 0.5, 8.5],
			"faces": {
				"north": {"uv": [1, 7.5, 15, 8], "rotation": 180, "texture": "#texture", "tintindex": 0},
				"east": {"uv": [14.5, 7.5, 15, 8.5], "rotation": 90, "texture": "#texture", "tintindex": 0},
				"south": {"uv": [1, 8, 15, 8.5], "texture": "#texture", "tintindex": 0},
				"west": {"uv": [1, 7.5, 1.5, 8.5], "rotation": 270, "texture": "#texture", "tintindex": 0},
				"up": {"uv": [1, 7.5, 15, 8.5], "texture": "#texture", "tintindex": 0},
				"down": {"uv": [15, 7.5, 1, 8.5], "rotation": 180, "texture": "#texture", "cullface": "down", "tintindex": 0}
			}
		},
		{
			"name": "3",
			"from": [1, -0.5, 8.5],
			"to": [14.5, 0.5, 10],
			"faces": {
				"east": {"uv": [14, 8.5, 14.5, 10], "rotation": 90, "texture": "#texture", "tintindex": 0},
				"south": {"uv": [1, 9.5, 14.5, 10], "texture": "#texture", "tintindex": 0},
				"west": {"uv": [1, 8.5, 1.5, 10], "rotation": 270, "texture": "#texture", "tintindex": 0},
				"up": {"uv": [1, 8.5, 14.5, 10], "texture": "#texture", "tintindex": 0},
				"down": {"uv": [14.5, 8.5, 1, 10], "rotation": 180, "texture": "#texture", "cullface": "down", "tintindex": 0}
			}
		},
		{
			"name": "4",
			"from": [1, -0.5, 10],
			"to": [14, 0.5, 10.5],
			"faces": {
				"east": {"uv": [13.5, 10, 14, 10.5], "rotation": 90, "texture": "#texture", "tintindex": 0},
				"south": {"uv": [1, 10, 14, 10.5], "texture": "#texture", "tintindex": 0},
				"west": {"uv": [1, 10, 1.5, 10.5], "rotation": 270, "texture": "#texture", "tintindex": 0},
				"up": {"uv": [1, 10, 14, 10.5], "texture": "#texture", "tintindex": 0},
				"down": {"uv": [14, 10, 1, 10.5], "rotation": 180, "texture": "#texture", "cullface": "down", "tintindex": 0}
			}
		},
		{
			"name": "5",
			"from": [1.5, -0.5, 10.5],
			"to": [14, 0.5, 11],
			"faces": {
				"east": {"uv": [13.5, 10.5, 14, 11], "rotation": 90, "texture": "#texture", "tintindex": 0},
				"south": {"uv": [1.5, 10.5, 14, 11], "texture": "#texture", "tintindex": 0},
				"west": {"uv": [1.5, 10.5, 2, 11], "rotation": 270, "texture": "#texture", "tintindex": 0},
				"up": {"uv": [1.5, 10.5, 14, 11], "texture": "#texture", "tintindex": 0},
				"down": {"uv": [14, 10.5, 1.5, 11], "rotation": 180, "texture": "#texture", "cullface": "down", "tintindex": 0}
			}
		},
		{
			"name": "6",
			"from": [1.5, -0.5, 11],
			"to": [13.5, 0.5, 11.5],
			"faces": {
				"east": {"uv": [13, 11, 13.5, 11.5], "rotation": 90, "texture": "#texture", "tintindex": 0},
				"south": {"uv": [1.5, 11, 13.5, 11.5], "texture": "#texture", "tintindex": 0},
				"west": {"uv": [1.5, 11, 2, 11.5], "rotation": 270, "texture": "#texture", "tintindex": 0},
				"up": {"uv": [1.5, 11, 13.5, 11.5], "texture": "#texture", "tintindex": 0},
				"down": {"uv": [13.5, 11, 1.5, 11.5], "rotation": 180, "texture": "#texture", "cullface": "down", "tintindex": 0}
			}
		},
		{
			"name": "7",
			"from": [1.5, -0.5, 11.5],
			"to": [13, 0.5, 12],
			"faces": {
				"east": {"uv": [12.5, 11.5, 13, 12], "rotation": 90, "texture": "#texture", "tintindex": 0},
				"south": {"uv": [1.5, 11.5, 13, 12], "texture": "#texture", "tintindex": 0},
				"west": {"uv": [1.5, 11.5, 2, 12], "rotation": 270, "texture": "#texture", "tintindex": 0},
				"up": {"uv": [1.5, 11.5, 13, 12], "texture": "#texture", "tintindex": 0},
				"down": {"uv": [13, 11.5, 1.5, 12], "rotation": 180, "texture": "#texture", "cullface": "down", "tintindex": 0}
			}
		},
		{
			"name": "8",
			"from": [2, -0.5, 12],
			"to": [12.5, 0.5, 12.5],
			"faces": {
				"east": {"uv": [12, 12, 12.5, 12.5], "rotation": 90, "texture": "#texture", "tintindex": 0},
				"south": {"uv": [2, 12, 12.5, 12.5], "texture": "#texture", "tintindex": 0},
				"west": {"uv": [2, 12, 2.5, 12.5], "rotation": 270, "texture": "#texture", "tintindex": 0},
				"up": {"uv": [2, 12, 12.5, 12.5], "texture": "#texture", "tintindex": 0},
				"down": {"uv": [12.5, 12, 2, 12.5], "rotation": 180, "texture": "#texture", "cullface": "down", "tintindex": 0}
			}
		},
		{
			"name": "9",
			"from": [2, -0.5, 12.5],
			"to": [12, 0.5, 13],
			"faces": {
				"east": {"uv": [11.5, 12.5, 12, 13], "rotation": 90, "texture": "#texture", "tintindex": 0},
				"south": {"uv": [2, 12.5, 12, 13], "texture": "#texture", "tintindex": 0},
				"west": {"uv": [2, 12.5, 2.5, 13], "rotation": 270, "texture": "#texture", "tintindex": 0},
				"up": {"uv": [2, 12.5, 12, 13], "texture": "#texture", "tintindex": 0},
				"down": {"uv": [12, 12.5, 2, 13], "rotation": 180, "texture": "#texture", "cullface": "down", "tintindex": 0}
			}
		},
		{
			"name": "10",
			"from": [2.5, -0.5, 13],
			"to": [11.5, 0.5, 13.5],
			"faces": {
				"east": {"uv": [11, 13, 11.5, 13.5], "rotation": 90, "texture": "#texture", "tintindex": 0},
				"south": {"uv": [2.5, 13, 11.5, 13.5], "texture": "#texture", "tintindex": 0},
				"west": {"uv": [2.5, 13, 3, 13.5], "rotation": 270, "texture": "#texture", "tintindex": 0},
				"up": {"uv": [2.5, 13, 11.5, 13.5], "texture": "#texture", "tintindex": 0},
				"down": {"uv": [11.5, 13, 2.5, 13.5], "rotation": 180, "texture": "#texture", "cullface": "down", "tintindex": 0}
			}
		},
		{
			"name": "11",
			"from": [3, -0.5, 13.5],
			"to": [11, 0.5, 14],
			"faces": {
				"east": {"uv": [10.5, 13.5, 11, 14], "rotation": 90, "texture": "#texture", "tintindex": 0},
				"south": {"uv": [3, 13.5, 11, 14], "texture": "#texture", "tintindex": 0},
				"west": {"uv": [3, 13.5, 3.5, 14], "rotation": 270, "texture": "#texture", "tintindex": 0},
				"up": {"uv": [3, 13.5, 11, 14], "texture": "#texture", "tintindex": 0},
				"down": {"uv": [11, 13.5, 3, 14], "rotation": 180, "texture": "#texture", "cullface": "down", "tintindex": 0}
			}
		},
		{
			"name": "12",
			"from": [4, -0.5, 14],
			"to": [10, 0.5, 14.5],
			"faces": {
				"east": {"uv": [9.5, 14, 10, 14.5], "rotation": 90, "texture": "#texture", "tintindex": 0},
				"south": {"uv": [4, 14, 10, 14.5], "texture": "#texture", "tintindex": 0},
				"west": {"uv": [4, 14, 4.5, 14.5], "rotation": 270, "texture": "#texture", "tintindex": 0},
				"up": {"uv": [4, 14, 10, 14.5], "texture": "#texture", "tintindex": 0},
				"down": {"uv": [10, 14, 4, 14.5], "rotation": 180, "texture": "#texture", "cullface": "down", "tintindex": 0}
			}
		},
		{
			"name": "13",
			"from": [5.5, -0.5, 14.5],
			"to": [8.5, 0.5, 15],
			"faces": {
				"east": {"uv": [8, 14.5, 8.5, 15], "rotation": 90, "texture": "#texture", "tintindex": 0},
				"south": {"uv": [5.5, 14.5, 8.5, 15], "texture": "#texture", "tintindex": 0},
				"west": {"uv": [5.5, 14.5, 6, 15], "rotation": 270, "texture": "#texture", "tintindex": 0},
				"up": {"uv": [5.5, 14.5, 8.5, 15], "texture": "#texture", "tintindex": 0},
				"down": {"uv": [8.5, 14.5, 5.5, 15], "rotation": 180, "texture": "#texture", "cullface": "down", "tintindex": 0}
			}
		},
		{
			"name": "1",
			"from": [9.5, -0.5, 6.5],
			"to": [15, 0.5, 7],
			"faces": {
				"north": {"uv": [9.5, 6.5, 15, 7], "rotation": 180, "texture": "#texture", "tintindex": 0},
				"east": {"uv": [14.5, 6.5, 15, 7], "rotation": 90, "texture": "#texture", "tintindex": 0},
				"west": {"uv": [9.5, 6.5, 10, 7], "rotation": 270, "texture": "#texture", "tintindex": 0},
				"up": {"uv": [9.5, 6.5, 15, 7], "texture": "#texture", "tintindex": 0},
				"down": {"uv": [15, 6.5, 9.5, 7], "rotation": 180, "texture": "#texture", "cullface": "down", "tintindex": 0}
			}
		},
		{
			"name": "2",
			"from": [10, -0.5, 6],
			"to": [15, 0.5, 6.5],
			"faces": {
				"north": {"uv": [10, 6, 15, 6.5], "rotation": 180, "texture": "#texture", "tintindex": 0},
				"east": {"uv": [14.5, 6, 15, 6.5], "rotation": 90, "texture": "#texture", "tintindex": 0},
				"west": {"uv": [10, 6, 10.5, 6.5], "rotation": 270, "texture": "#texture", "tintindex": 0},
				"up": {"uv": [10, 6, 15, 6.5], "texture": "#texture", "tintindex": 0},
				"down": {"uv": [15, 6, 10, 6.5], "rotation": 180, "texture": "#texture", "cullface": "down", "tintindex": 0}
			}
		},
		{
			"name": "3",
			"from": [11, -0.5, 5.5],
			"to": [14.5, 0.5, 6],
			"faces": {
				"north": {"uv": [11, 5.5, 14.5, 6], "rotation": 180, "texture": "#texture", "tintindex": 0},
				"east": {"uv": [14, 5.5, 14.5, 6], "rotation": 90, "texture": "#texture", "tintindex": 0},
				"west": {"uv": [11, 5.5, 11.5, 6], "rotation": 270, "texture": "#texture", "tintindex": 0},
				"up": {"uv": [11, 5.5, 14.5, 6], "texture": "#texture", "tintindex": 0},
				"down": {"uv": [14.5, 5.5, 11, 6], "rotation": 180, "texture": "#texture", "cullface": "down", "tintindex": 0}
			}
		},
		{
			"name": "4",
			"from": [12, -0.5, 5],
			"to": [14, 0.5, 5.5],
			"faces": {
				"north": {"uv": [12, 5, 14, 5.5], "rotation": 180, "texture": "#texture", "tintindex": 0},
				"east": {"uv": [13.5, 5, 14, 5.5], "rotation": 90, "texture": "#texture", "tintindex": 0},
				"west": {"uv": [12, 5, 12.5, 5.5], "rotation": 270, "texture": "#texture", "tintindex": 0},
				"up": {"uv": [12, 5, 14, 5.5], "texture": "#texture", "tintindex": 0},
				"down": {"uv": [14, 5, 12, 5.5], "rotation": 180, "texture": "#texture", "cullface": "down", "tintindex": 0}
			}
		},
		{
			"name": "1",
			"from": [1.5, -0.5, 6.5],
			"to": [9, 0.5, 7],
			"faces": {
				"east": {"uv": [8.5, 6.5, 9, 7], "rotation": 90, "texture": "#texture", "tintindex": 0},
				"west": {"uv": [1.5, 6.5, 2, 7], "rotation": 270, "texture": "#texture", "tintindex": 0},
				"up": {"uv": [1.5, 6.5, 9, 7], "texture": "#texture", "tintindex": 0},
				"down": {"uv": [9, 6.5, 1.5, 7], "rotation": 180, "texture": "#texture", "cullface": "down", "tintindex": 0}
			}
		},
		{
			"name": "2",
			"from": [1.5, -0.5, 6],
			"to": [9.5, 0.5, 6.5],
			"faces": {
				"north": {"uv": [1.5, 6, 9.5, 6.5], "rotation": 180, "texture": "#texture", "tintindex": 0},
				"east": {"uv": [9, 6, 9.5, 6.5], "rotation": 90, "texture": "#texture", "tintindex": 0},
				"south": {"uv": [1.5, 6, 9.5, 6.5], "rotation": 180, "texture": "#texture", "tintindex": 0},
				"west": {"uv": [1.5, 6, 2, 6.5], "rotation": 270, "texture": "#texture", "tintindex": 0},
				"up": {"uv": [2, 5.5, 10, 6], "texture": "#texture", "tintindex": 0},
				"down": {"uv": [9.5, 6, 1.5, 6.5], "rotation": 180, "texture": "#texture", "cullface": "down", "tintindex": 0}
			}
		},
		{
			"name": "3",
			"from": [2, -0.5, 5],
			"to": [10, 0.5, 6],
			"faces": {
				"north": {"uv": [1.5, 6, 9.5, 6.5], "rotation": 180, "texture": "#texture", "tintindex": 0},
				"east": {"uv": [9.5, 5, 10, 6], "rotation": 90, "texture": "#texture", "tintindex": 0},
				"south": {"uv": [2, 5.5, 10, 6], "rotation": 180, "texture": "#texture", "tintindex": 0},
				"west": {"uv": [2, 5, 2.5, 6], "rotation": 270, "texture": "#texture", "tintindex": 0},
				"up": {"uv": [2, 5, 10, 6], "texture": "#texture", "tintindex": 0},
				"down": {"uv": [10, 5, 2, 6], "rotation": 180, "texture": "#texture", "cullface": "down", "tintindex": 0}
			}
		},
		{
			"name": "4",
			"from": [2.5, -0.5, 4.5],
			"to": [10.5, 0.5, 5],
			"faces": {
				"north": {"uv": [1.5, 6, 9.5, 6.5], "rotation": 180, "texture": "#texture", "tintindex": 0},
				"east": {"uv": [10, 4.5, 10.5, 5], "rotation": 90, "texture": "#texture", "tintindex": 0},
				"south": {"uv": [2.5, 4.5, 10.5, 5], "rotation": 180, "texture": "#texture", "tintindex": 0},
				"west": {"uv": [2.5, 4.5, 3, 5], "rotation": 270, "texture": "#texture", "tintindex": 0},
				"up": {"uv": [2.5, 4.5, 10.5, 5], "texture": "#texture", "tintindex": 0},
				"down": {"uv": [10.5, 4.5, 2.5, 5], "rotation": 180, "texture": "#texture", "cullface": "down", "tintindex": 0}
			}
		},
		{
			"name": "5",
			"from": [3, -0.5, 4],
			"to": [10.5, 0.5, 4.5],
			"faces": {
				"north": {"uv": [3, 4, 10.5, 4.5], "rotation": 180, "texture": "#texture", "tintindex": 0},
				"east": {"uv": [10, 4, 10.5, 4.5], "rotation": 90, "texture": "#texture", "tintindex": 0},
				"west": {"uv": [3, 4, 3.5, 4.5], "rotation": 270, "texture": "#texture", "tintindex": 0},
				"up": {"uv": [3, 4, 10.5, 4.5], "texture": "#texture", "tintindex": 0},
				"down": {"uv": [10.5, 4, 3, 4.5], "rotation": 180, "texture": "#texture", "cullface": "down", "tintindex": 0}
			}
		},
		{
			"name": "6",
			"from": [3.5, -0.5, 3.5],
			"to": [11, 0.5, 4],
			"faces": {
				"north": {"uv": [3.5, 3.5, 11, 4], "rotation": 180, "texture": "#texture", "tintindex": 0},
				"east": {"uv": [10.5, 3.5, 11, 4], "rotation": 90, "texture": "#texture", "tintindex": 0},
				"south": {"uv": [3.5, 3.5, 11, 4], "rotation": 180, "texture": "#texture", "tintindex": 0},
				"west": {"uv": [3.5, 3.5, 4, 4], "rotation": 270, "texture": "#texture", "tintindex": 0},
				"up": {"uv": [3.5, 3.5, 11, 4], "texture": "#texture", "tintindex": 0},
				"down": {"uv": [11, 3.5, 3.5, 4], "rotation": 180, "texture": "#texture", "cullface": "down", "tintindex": 0}
			}
		},
		{
			"name": "7",
			"from": [4, -0.5, 3],
			"to": [11, 0.5, 3.5],
			"faces": {
				"north": {"uv": [4, 3, 11, 3.5], "rotation": 180, "texture": "#texture", "tintindex": 0},
				"east": {"uv": [10.5, 3, 11, 3.5], "rotation": 90, "texture": "#texture", "tintindex": 0},
				"west": {"uv": [4, 3, 4.5, 3.5], "rotation": 270, "texture": "#texture", "tintindex": 0},
				"up": {"uv": [4, 3, 11, 3.5], "texture": "#texture", "tintindex": 0},
				"down": {"uv": [11, 3, 4, 3.5], "rotation": 180, "texture": "#texture", "cullface": "down", "tintindex": 0}
			}
		},
		{
			"name": "8",
			"from": [4.5, -0.5, 2.5],
			"to": [11, 0.5, 3],
			"faces": {
				"north": {"uv": [4.5, 2.5, 11, 3], "rotation": 180, "texture": "#texture", "tintindex": 0},
				"east": {"uv": [10.5, 2.5, 11, 3], "rotation": 90, "texture": "#texture", "tintindex": 0},
				"west": {"uv": [4.5, 2.5, 5, 3], "rotation": 270, "texture": "#texture", "tintindex": 0},
				"up": {"uv": [4.5, 2.5, 11, 3], "texture": "#texture", "tintindex": 0},
				"down": {"uv": [11, 2.5, 4.5, 3], "rotation": 180, "texture": "#texture", "cullface": "down", "tintindex": 0}
			}
		},
		{
			"name": "9",
			"from": [5, -0.5, 2],
			"to": [11, 0.5, 2.5],
			"faces": {
				"north": {"uv": [5, 2, 11, 2.5], "rotation": 180, "texture": "#texture", "tintindex": 0},
				"east": {"uv": [10.5, 2, 11, 2.5], "rotation": 90, "texture": "#texture", "tintindex": 0},
				"west": {"uv": [5, 2, 5.5, 2.5], "rotation": 270, "texture": "#texture", "tintindex": 0},
				"up": {"uv": [5, 2, 11, 2.5], "texture": "#texture", "tintindex": 0},
				"down": {"uv": [11, 2, 5, 2.5], "rotation": 180, "texture": "#texture", "cullface": "down", "tintindex": 0}
			}
		},
		{
			"name": "10",
			"from": [6, -0.5, 1.5],
			"to": [10.5, 0.5, 2],
			"faces": {
				"north": {"uv": [6, 1.5, 10.5, 2], "rotation": 180, "texture": "#texture", "tintindex": 0},
				"east": {"uv": [10, 1.5, 10.5, 2], "rotation": 90, "texture": "#texture", "tintindex": 0},
				"west": {"uv": [6, 1.5, 6.5, 2], "rotation": 270, "texture": "#texture", "tintindex": 0},
				"up": {"uv": [6, 1.5, 10.5, 2], "texture": "#texture", "tintindex": 0},
				"down": {"uv": [10.5, 1.5, 6, 2], "rotation": 180, "texture": "#texture", "cullface": "down", "tintindex": 0}
			}
		},
		{
			"name": "11",
			"from": [7.5, -0.5, 1],
			"to": [10, 0.5, 1.5],
			"faces": {
				"north": {"uv": [7.5, 1, 10, 1.5], "rotation": 180, "texture": "#texture", "tintindex": 0},
				"east": {"uv": [9.5, 1, 10, 1.5], "rotation": 90, "texture": "#texture", "tintindex": 0},
				"west": {"uv": [7.5, 1, 8, 1.5], "rotation": 270, "texture": "#texture", "tintindex": 0},
				"up": {"uv": [7.5, 1, 10, 1.5], "texture": "#texture", "tintindex": 0},
				"down": {"uv": [10, 1, 7.5, 1.5], "rotation": 180, "texture": "#texture", "cullface": "down", "tintindex": 0}
			}
		}
	],
	"groups": [
		{
			"name": "group",
			"children": [
				{
					"name": "main",
					"children": [0, 1, 2, 3, 4, 5, 6, 7, 8, 9, 10, 11, 12]
				},
				{
					"name": "west",
					"children": [13, 14, 15, 16]
				},
				{
					"name": "east",
					"children": [17, 18, 19, 20, 21, 22, 23, 24, 25, 26, 27]
				}
			]
		}
	]
}