{"variants":{"":[{"model":"minecraft:block/rooted_dirt"},{"model":"minecraft:block/rooted_dirt","x":90},{"model":"minecraft:block/rooted_dirt","x":180},{"model":"minecraft:block/rooted_dirt","x":270},{"model":"minecraft:block/rooted_dirt","y":90},{"model":"minecraft:block/rooted_dirt","y":90,"x":90},{"model":"minecraft:block/rooted_dirt","y":90,"x":180},{"model":"minecraft:block/rooted_dirt","y":90,"x":270},{"model":"minecraft:block/rooted_dirt","y":180},{"model":"minecraft:block/rooted_dirt","y":180,"x":90},{"model":"minecraft:block/rooted_dirt","y":180,"x":180},{"model":"minecraft:block/rooted_dirt","y":180,"x":270},{"model":"minecraft:block/rooted_dirt","y":270},{"model":"minecraft:block/rooted_dirt","y":270,"x":90},{"model":"minecraft:block/rooted_dirt","y":270,"x":180},{"model":"minecraft:block/rooted_dirt","y":270,"x":270}]}}