{
	"credit": "Created by mullak99",
	"ambientocclusion": false,
	"textures": {
		"particle": "block/cherry_trapdoor",
		"top": "block/cherry_trapdoor",
		"front": "m99-ctm:block/trapdoors/cherry/front",
		"side": "m99-ctm:block/trapdoors/cherry/side"
	},
	"elements": [
		{
			"name": "north",
			"from": [0, 0, 0],
			"to": [16, 3, 4],
			"rotation": {"angle": 0, "axis": "y", "origin": [8, 1.5, 8]},
			"faces": {
				"north": {"uv": [0, 0, 16, 3], "texture": "#front", "cullface": "north"},
				"east": {"uv": [12, 0, 16, 3], "texture": "#side", "cullface": "east"},
				"south": {"uv": [0, 0, 16, 3], "texture": "#front"},
				"west": {"uv": [0, 0, 4, 3], "texture": "#side", "cullface": "west"},
				"up": {"uv": [0, 16, 16, 12], "texture": "#top"},
				"down": {"uv": [0, 12, 16, 16], "texture": "#top", "cullface": "down"}
			}
		},
		{
			"name": "south",
			"from": [0, 0, 12.5],
			"to": [16, 3, 16],
			"rotation": {"angle": 0, "axis": "y", "origin": [8, 1.5, 8]},
			"faces": {
				"north": {"uv": [0, 0, 16, 3], "texture": "#front"},
				"east": {"uv": [0, 0, 3.5, 3], "texture": "#side", "cullface": "east"},
				"south": {"uv": [0, 0, 16, 3], "texture": "#front", "cullface": "south"},
				"west": {"uv": [12.5, 0, 16, 3], "texture": "#side", "cullface": "west"},
				"up": {"uv": [0, 3.5, 16, 0], "texture": "#top"},
				"down": {"uv": [0, 0, 16, 3.5], "texture": "#top", "cullface": "down"}
			}
		},
		{
			"name": "west",
			"from": [0, 0, 4],
			"to": [3.5, 3, 12.5],
			"rotation": {"angle": 0, "axis": "y", "origin": [8, 1.5, 8]},
			"faces": {
				"east": {"uv": [4, 0, 12.5, 3], "texture": "#side"},
				"west": {"uv": [4, 0, 12.5, 3], "texture": "#side", "cullface": "west"},
				"up": {"uv": [0, 12, 3.5, 3.5], "texture": "#top"},
				"down": {"uv": [0, 3.5, 3.5, 12], "texture": "#top", "cullface": "down"}
			}
		},
		{
			"name": "east",
			"from": [12, 0, 4],
			"to": [16, 3, 12.5],
			"rotation": {"angle": 0, "axis": "y", "origin": [8, 1.5, 8]},
			"faces": {
				"east": {"uv": [3.5, 0, 12, 3], "texture": "#side", "cullface": "east"},
				"west": {"uv": [3.5, 0, 12, 3], "texture": "#side"},
				"up": {"uv": [12, 12, 16, 3.5], "texture": "#top"},
				"down": {"uv": [12, 3.5, 16, 12], "texture": "#top", "cullface": "down"}
			}
		},
		{
			"name": "1",
			"from": [3.5, 0.5, 6.5],
			"to": [12, 2.5, 7],
			"faces": {
				"north": {"uv": [4, 0.5, 12.5, 2.5], "texture": "#front"},
				"south": {"uv": [3.5, 0.5, 12, 2.5], "texture": "#front"},
				"up": {"uv": [3.5, 9.5, 12, 9], "texture": "#top"},
				"down": {"uv": [3.5, 9, 12, 9.5], "texture": "#top"}
			}
		},
		{
			"name": "2",
			"from": [3.5, 0.5, 9.5],
			"to": [12, 2.5, 10],
			"faces": {
				"north": {"uv": [4, 0.5, 12.5, 2.5], "texture": "#front"},
				"south": {"uv": [3.5, 0.5, 12, 2.5], "texture": "#front"},
				"up": {"uv": [3.5, 6.5, 12, 6], "texture": "#top"},
				"down": {"uv": [3.5, 6, 12, 6.5], "texture": "#top"}
			}
		},
		{
			"name": "1",
			"from": [6, 0.5, 3.5],
			"to": [6.5, 2.5, 12.5],
			"faces": {
				"east": {"uv": [4, 0.5, 12.5, 2.5], "texture": "#side"},
				"west": {"uv": [3.5, 0.5, 12, 2.5], "texture": "#side"},
				"up": {"uv": [6, 12.5, 6.5, 3.5], "texture": "#top"},
				"down": {"uv": [6, 3.5, 6.5, 12.5], "texture": "#top"}
			}
		},
		{
			"name": "2",
			"from": [9, 0.5, 3.5],
			"to": [9.5, 2.5, 12.5],
			"faces": {
				"east": {"uv": [4, 0.5, 12.5, 2.5], "texture": "#side"},
				"west": {"uv": [3.5, 0.5, 12, 2.5], "texture": "#side"},
				"up": {"uv": [9, 12, 9.5, 3.5], "texture": "#top"},
				"down": {"uv": [6, 3.5, 6.5, 12], "texture": "#top"}
			}
		}
	],
	"display": {
		"thirdperson_righthand": {
			"rotation": [75, 45, 0],
			"translation": [0, 2.5, 0],
			"scale": [0.375, 0.375, 0.375]
		},
		"firstperson_righthand": {
			"rotation": [0, 45, 0],
			"scale": [0.4, 0.4, 0.4]
		},
		"firstperson_lefthand": {
			"rotation": [0, 225, 0],
			"scale": [0.4, 0.4, 0.4]
		},
		"ground": {
			"translation": [0, 3, 0],
			"scale": [0.25, 0.25, 0.25]
		},
		"gui": {
			"rotation": [30, 225, 0],
			"scale": [0.625, 0.625, 0.625]
		},
		"fixed": {
			"scale": [0.5, 0.5, 0.5]
		}
	},
	"groups": [
		{
			"name": "group",
			"origin": [8, 8, 8],
			"color": 0,
			"children": [
				0,
				1,
				2,
				3,
				{
					"name": "internal",
					"origin": [0, 0, 0],
					"color": 0,
					"children": [
						{
							"name": "hor",
							"origin": [0, 0, 0],
							"color": 0,
							"children": [4, 5]
						},
						{
							"name": "vert",
							"origin": [0, 0, 0],
							"color": 0,
							"children": [6, 7]
						}
					]
				}
			]
		}
	]
}