{
	"credit": "Created by Stridey",
	"textures": {
		"base": "block/brewing_stand_base",
		"particle": "block/brewing_stand",
		"stand": "block/brewing_stand",
		"pole_top": "block/brewing_stand_pole_top"
	},
	"elements": [
		{
			"from": [7, 0, 7],
			"to": [9, 14, 9],
			"faces": {
				"north": {"uv": [7, 2, 9, 16], "texture": "#stand"},
				"east": {"uv": [7, 2, 9, 16], "texture": "#stand"},
				"south": {"uv": [7, 2, 9, 16], "texture": "#stand"},
				"west": {"uv": [7, 2, 9, 16], "texture": "#stand"},
				"up": {"uv": [0, 0, 16, 16], "texture": "#pole_top"},
				"down": {"uv": [0, 0, 16, 16], "texture": "#pole_top", "cullface": "down"}
			}
		},
		{
			"from": [9.75, 2, 5],
			"to": [15.75, 2, 11],
			"faces": {
				"north": {"uv": [9, 14, 15, 16], "texture": "#base"},
				"east": {"uv": [5, 14, 11, 16], "texture": "#base"},
				"south": {"uv": [9, 14, 15, 16], "texture": "#base"},
				"west": {"uv": [5, 14, 11, 16], "texture": "#base"},
				"up": {"uv": [9, 5, 15, 11], "texture": "#base"},
				"down": {"uv": [9, 5, 15, 11], "texture": "#base", "cullface": "down"}
			}
		},
		{
			"from": [1, 2, 1],
			"to": [7, 2, 7],
			"faces": {
				"north": {"uv": [1, 14, 7, 16], "texture": "#base"},
				"east": {"uv": [1, 14, 7, 16], "texture": "#base"},
				"south": {"uv": [1, 14, 7, 16], "texture": "#base"},
				"west": {"uv": [1, 14, 7, 16], "texture": "#base"},
				"up": {"uv": [2.25, 1.125, 8.25, 7.125], "texture": "#base"},
				"down": {"uv": [2.25, 1.125, 8.25, 7.125], "texture": "#base", "cullface": "down"}
			}
		},
		{
			"from": [1, 2, 9],
			"to": [7, 2, 15],
			"faces": {
				"north": {"uv": [1, 14, 7, 16], "texture": "#base"},
				"east": {"uv": [9, 14, 15, 16], "texture": "#base"},
				"south": {"uv": [1, 14, 7, 16], "texture": "#base"},
				"west": {"uv": [9, 14, 15, 16], "texture": "#base"},
				"up": {"uv": [2, 8.75, 8, 14.75], "texture": "#base"},
				"down": {"uv": [2, 8.75, 8, 14.75], "texture": "#base", "cullface": "down"}
			}
		}
	]
}