{
	"credit": "Created by Stridey",
	"ambientocclusion": false,
	"textures": {
		"3": "block/repeater_side_powered",
		"slab": "block/repeater_bottom_powered",
		"particle": "block/comparator_on",
		"top": "block/comparator_on",
		"unlit": "block/repeater_redstone_torch"
	},
	"elements": [
		{
			"from": [0, 0, 0],
			"to": [16, 2, 16],
			"faces": {
				"north": {"uv": [0, 14, 16, 16], "texture": "#3", "cullface": "north"},
				"east": {"uv": [0, 14, 16, 16], "texture": "#3", "cullface": "east"},
				"south": {"uv": [0, 14, 16, 16], "texture": "#3", "cullface": "south"},
				"west": {"uv": [0, 14, 16, 16], "texture": "#3", "cullface": "west"},
				"up": {"uv": [0, 0, 16, 16], "texture": "#top"},
				"down": {"uv": [0, 0, 16, 16], "texture": "#slab", "cullface": "down"}
			}
		},
		{
			"from": [4, 2, 9],
			"to": [6, 8, 15],
			"rotation": {"angle": 0, "axis": "y", "origin": [5, 5, 12]},
			"faces": {
				"east": {"uv": [5, 5, 11, 11], "texture": "#unlit"},
				"west": {"uv": [5, 5, 11, 11], "texture": "#unlit"}
			}
		},
		{
			"from": [10, 2, 9],
			"to": [12, 8, 15],
			"rotation": {"angle": 0, "axis": "y", "origin": [11, 5, 12]},
			"faces": {
				"east": {"uv": [5, 5, 11, 11], "texture": "#unlit"},
				"west": {"uv": [5, 5, 11, 11], "texture": "#unlit"}
			}
		},
		{
			"from": [2, 2, 11],
			"to": [8, 8, 13],
			"rotation": {"angle": 0, "axis": "y", "origin": [5, 5, 12]},
			"faces": {
				"north": {"uv": [5, 5, 11, 11], "texture": "#unlit"},
				"south": {"uv": [5, 5, 11, 11], "texture": "#unlit"}
			}
		},
		{
			"from": [8, 2, 11],
			"to": [14, 8, 13],
			"rotation": {"angle": 0, "axis": "y", "origin": [11, 5, 12]},
			"faces": {
				"north": {"uv": [5, 5, 11, 11], "texture": "#unlit"},
				"south": {"uv": [5, 5, 11, 11], "texture": "#unlit"}
			}
		},
		{
			"from": [10, 2, 11],
			"to": [12, 6, 13],
			"rotation": {"angle": 0, "axis": "y", "origin": [11, 5, 12]},
			"faces": {
				"up": {"uv": [7, 7, 9, 9], "texture": "#unlit"}
			}
		},
		{
			"from": [4, 2, 11],
			"to": [6, 6, 13],
			"rotation": {"angle": 0, "axis": "y", "origin": [5, 5, 12]},
			"faces": {
				"up": {"uv": [7, 7, 9, 9], "texture": "#unlit"}
			}
		},
		{
			"from": [7, 2, 2],
			"to": [9, 5, 4],
			"rotation": {"angle": 0, "axis": "y", "origin": [8, 7, 3]},
			"faces": {
				"up": {"uv": [7, 7, 9, 9], "texture": "#unlit"}
			}
		},
		{
			"from": [7, 2, 0],
			"to": [9, 7, 6],
			"faces": {
				"east": {"uv": [5, 5, 11, 10], "texture": "#unlit"},
				"west": {"uv": [5, 5, 11, 10], "texture": "#unlit"}
			}
		},
		{
			"from": [5, 2, 2],
			"to": [11, 7, 4],
			"rotation": {"angle": 0, "axis": "y", "origin": [8, 3.5, 3]},
			"faces": {
				"north": {"uv": [5, 5, 11, 10], "texture": "#unlit"},
				"south": {"uv": [5, 5, 11, 10], "texture": "#unlit"}
			}
		}
	]
}