{
	"credit": "Created by Stridey",
	"ambientocclusion": false,
	"textures": {
		"particle": "#cross",
		"cross": "#cross"
	},
	"elements": [
		{
			"from": [-7.95, 0, 8.05],
			"to": [24.05, 32, 8.05],
			"shade": false,
			"rotation": {"angle": 45, "axis": "y", "origin": [8, 16, 8]},
			"faces": {
				"north": {"uv": [0, 0, 16, 16], "texture": "#cross"},
				"south": {"uv": [0, 0, 16, 16], "texture": "#cross"}
			}
		},
		{
			"from": [8.05, 0, -7.95],
			"to": [8.05, 32, 24.05],
			"shade": false,
			"rotation": {"angle": 45, "axis": "y", "origin": [8, 16, 8]},
			"faces": {
				"east": {"uv": [0, 0, 16, 16], "texture": "#cross"},
				"west": {"uv": [0, 0, 16, 16], "texture": "#cross"}
			}
		}
	]
}