{
	"credit": "Created by mullak99",
	"ambientocclusion": false,
	"textures": {
		"particle": "block/detector_rail",
		"rail": "block/detector_rail",
		"sleeper_bottom": "m99-ctm:block/rail_sleeper",
		"sleeper_top": "m99-ctm:block/detector_rail_sleeper_top"
	},
	"elements": [
		{
			"name": "detector",
			"from": [5, 9, 5],
			"to": [11, 9.5, 11],
			"rotation": {"angle": -45, "axis": "x", "origin": [8, 9, 8]},
			"faces": {
				"north": {"uv": [5, 5, 11, 5.5], "rotation": 180, "texture": "#rail"},
				"east": {"uv": [10.5, 5, 11, 11], "rotation": 90, "texture": "#rail"},
				"south": {"uv": [5, 10.5, 11, 11], "texture": "#rail"},
				"west": {"uv": [5, 5, 5.5, 11], "rotation": 270, "texture": "#rail"},
				"up": {"uv": [5, 5, 11, 11], "texture": "#rail"},
				"down": {"uv": [5, 11, 11, 5], "texture": "#rail"}
			}
		},
		{
			"name": "east",
			"from": [12, 9, -3.5],
			"to": [14, 9.5, 19.5],
			"rotation": {"angle": -45, "axis": "x", "origin": [8, 9, 8]},
			"faces": {
				"north": {"uv": [12, 0, 14, 0.5], "rotation": 180, "texture": "#rail"},
				"east": {"uv": [13.5, 0, 14, 16], "rotation": 90, "texture": "#rail"},
				"south": {"uv": [12, 15.5, 14, 16], "texture": "#rail"},
				"west": {"uv": [12, 0, 12.5, 16], "rotation": 270, "texture": "#rail"},
				"up": {"uv": [12, 0, 14, 16], "texture": "#rail"},
				"down": {"uv": [12, 0, 14, 16], "texture": "#rail"}
			}
		},
		{
			"name": "west",
			"from": [2, 9, -3.5],
			"to": [4, 9.5, 19.5],
			"rotation": {"angle": -45, "axis": "x", "origin": [8, 9, 8]},
			"faces": {
				"north": {"uv": [2, 0, 4, 0], "rotation": 180, "texture": "#rail"},
				"east": {"uv": [3.5, 0, 4, 16], "rotation": 90, "texture": "#rail"},
				"south": {"uv": [2, 15.5, 4, 16], "texture": "#rail"},
				"west": {"uv": [2, 0, 2.5, 16], "rotation": 270, "texture": "#rail"},
				"up": {"uv": [2, 0, 4, 16], "texture": "#rail"},
				"down": {"uv": [2, 0, 4, 16], "texture": "#rail"}
			}
		},
		{
			"name": "1",
			"from": [1, 8, -1.5],
			"to": [15, 9, 1],
			"rotation": {"angle": -45, "axis": "x", "origin": [8, 9, 8]},
			"faces": {
				"north": {"uv": [1, 2, 15, 1], "texture": "#sleeper_bottom"},
				"east": {"uv": [14, 1, 15, 3], "rotation": 90, "texture": "#rail"},
				"south": {"uv": [1, 2, 15, 3], "texture": "#sleeper_bottom"},
				"west": {"uv": [1, 1, 2, 3], "rotation": 270, "texture": "#rail"},
				"up": {"uv": [1, 1, 15, 3], "texture": "#rail"},
				"down": {"uv": [1, 3, 15, 1], "texture": "#sleeper_bottom"}
			}
		},
		{
			"name": "2",
			"from": [1, 8, 4],
			"to": [15, 9, 6.5],
			"rotation": {"angle": -45, "axis": "x", "origin": [8, 9, 8]},
			"faces": {
				"north": {"uv": [1, 6, 15, 5], "texture": "#sleeper_bottom"},
				"east": {"uv": [14, 5, 15, 7], "rotation": 90, "texture": "#rail"},
				"south": {"uv": [1, 6, 15, 7], "texture": "#sleeper_bottom"},
				"west": {"uv": [1, 5, 2, 7], "rotation": 270, "texture": "#rail"},
				"up": {"uv": [1, 5, 15, 7], "texture": "#sleeper_top"},
				"down": {"uv": [1, 7, 15, 5], "texture": "#sleeper_bottom"}
			}
		},
		{
			"name": "3",
			"from": [1, 8, 9.5],
			"to": [15, 9, 12],
			"rotation": {"angle": -45, "axis": "x", "origin": [8, 9, 8]},
			"faces": {
				"north": {"uv": [1, 10, 15, 9], "texture": "#sleeper_bottom"},
				"east": {"uv": [14, 9, 15, 11], "rotation": 90, "texture": "#rail"},
				"south": {"uv": [1, 10, 15, 11], "texture": "#sleeper_bottom"},
				"west": {"uv": [1, 9, 2, 11], "rotation": 270, "texture": "#rail"},
				"up": {"uv": [1, 9, 15, 11], "texture": "#sleeper_top"},
				"down": {"uv": [1, 11, 15, 9], "texture": "#sleeper_bottom"}
			}
		},
		{
			"name": "4",
			"from": [1, 8, 15],
			"to": [15, 9, 17.5],
			"rotation": {"angle": -45, "axis": "x", "origin": [8, 9, 8]},
			"faces": {
				"north": {"uv": [1, 14, 15, 13], "texture": "#sleeper_bottom"},
				"east": {"uv": [14, 13, 15, 15], "rotation": 90, "texture": "#rail"},
				"south": {"uv": [1, 14, 15, 15], "texture": "#sleeper_bottom"},
				"west": {"uv": [1, 13, 2, 15], "rotation": 270, "texture": "#rail"},
				"up": {"uv": [1, 13, 15, 15], "texture": "#rail"},
				"down": {"uv": [1, 15, 15, 13], "texture": "#sleeper_bottom"}
			}
		}
	],
	"groups": [
		{
			"name": "group",
			"origin": [8, 8, 8],
			"color": 0,
			"children": [0,
				{
					"name": "rail",
					"origin": [8, 8, 8],
					"color": 0,
					"children": [1, 2]
				},
				{
					"name": "sleeper",
					"origin": [8, 8, 8],
					"color": 0,
					"children": [3, 4, 5, 6]
				}
			]
		}
	]
}