{
	"credit": "Created by mullak99",
	"textures": {
		"particle": "block/activator_rail_on",
		"rail": "block/activator_rail_on",
		"sleeper": "m99-ctm:block/rail_sleeper"
	},
	"elements": [
		{
			"name": "east",
			"from": [12, 1, 0],
			"to": [14, 1.5, 16],
			"faces": {
				"north": {"uv": [12, 0, 14, 0.5], "rotation": 180, "texture": "#rail", "cullface": "north"},
				"east": {"uv": [13.5, 0, 14, 16], "rotation": 90, "texture": "#rail"},
				"south": {"uv": [12, 15.5, 14, 16], "texture": "#rail", "cullface": "south"},
				"west": {"uv": [12, 0, 12.5, 16], "rotation": 270, "texture": "#rail"},
				"up": {"uv": [12, 0, 14, 16], "texture": "#rail"},
				"down": {"uv": [12, 0, 14, 16], "texture": "#rail"}
			}
		},
		{
			"name": "west",
			"from": [2, 1, 0],
			"to": [4, 1.5, 16],
			"faces": {
				"north": {"uv": [2, 0, 4, 0.5], "rotation": 180, "texture": "#rail", "cullface": "north"},
				"east": {"uv": [3.5, 0, 4, 16], "rotation": 90, "texture": "#rail"},
				"south": {"uv": [2, 15.5, 4, 16], "texture": "#rail", "cullface": "south"},
				"west": {"uv": [2, 0, 2.5, 16], "rotation": 270, "texture": "#rail"},
				"up": {"uv": [2, 0, 4, 16], "texture": "#rail"},
				"down": {"uv": [2, 0, 4, 16], "texture": "#rail"}
			}
		},
		{
			"name": "1",
			"from": [1, 0, 1],
			"to": [15, 1, 3],
			"faces": {
				"north": {"uv": [1, 2, 15, 1], "texture": "#sleeper"},
				"east": {"uv": [14, 1, 15, 3], "rotation": 90, "texture": "#rail"},
				"south": {"uv": [1, 2, 15, 3], "texture": "#sleeper"},
				"west": {"uv": [1, 1, 2, 3], "rotation": 270, "texture": "#rail"},
				"up": {"uv": [1, 1, 15, 3], "texture": "#rail"},
				"down": {"uv": [1, 3, 15, 1], "texture": "#sleeper", "cullface": "down"}
			}
		},
		{
			"name": "2",
			"from": [1, 0, 5],
			"to": [15, 1, 7],
			"faces": {
				"north": {"uv": [1, 6, 15, 5], "texture": "#sleeper"},
				"east": {"uv": [14, 5, 15, 7], "rotation": 90, "texture": "#rail"},
				"south": {"uv": [1, 6, 15, 7], "texture": "#sleeper"},
				"west": {"uv": [1, 5, 2, 7], "rotation": 270, "texture": "#rail"},
				"up": {"uv": [1, 5, 15, 7], "texture": "#rail"},
				"down": {"uv": [1, 7, 15, 5], "texture": "#sleeper", "cullface": "down"}
			}
		},
		{
			"name": "3",
			"from": [1, 0, 9],
			"to": [15, 1, 11],
			"faces": {
				"north": {"uv": [1, 10, 15, 9], "texture": "#sleeper"},
				"east": {"uv": [14, 9, 15, 11], "rotation": 90, "texture": "#rail"},
				"south": {"uv": [1, 10, 15, 11], "texture": "#sleeper"},
				"west": {"uv": [1, 9, 2, 11], "rotation": 270, "texture": "#rail"},
				"up": {"uv": [1, 9, 15, 11], "texture": "#rail"},
				"down": {"uv": [1, 11, 15, 9], "texture": "#sleeper", "cullface": "down"}
			}
		},
		{
			"name": "4",
			"from": [1, 0, 13],
			"to": [15, 1, 15],
			"faces": {
				"north": {"uv": [1, 14, 15, 13], "texture": "#sleeper"},
				"east": {"uv": [14, 13, 15, 15], "rotation": 90, "texture": "#rail"},
				"south": {"uv": [1, 14, 15, 15], "texture": "#sleeper"},
				"west": {"uv": [1, 13, 2, 15], "rotation": 270, "texture": "#rail"},
				"up": {"uv": [1, 13, 15, 15], "texture": "#rail"},
				"down": {"uv": [1, 15, 15, 13], "texture": "#sleeper", "cullface": "down"}
			}
		},
		{
			"name": "1",
			"from": [7, 0, 3],
			"to": [9, 0.5, 5],
			"rotation": {"angle": 0, "axis": "y", "origin": [8, 7.75, 8]},
			"faces": {
				"east": {"uv": [8.5, 3, 9, 5], "rotation": 90, "texture": "#rail"},
				"west": {"uv": [7, 3, 7.5, 5], "rotation": 270, "texture": "#rail"},
				"up": {"uv": [7, 3, 9, 5], "texture": "#rail"},
				"down": {"uv": [7, 3, 9, 5], "texture": "#rail", "cullface": "down"}
			}
		},
		{
			"name": "2",
			"from": [7, 0, 7],
			"to": [9, 0.5, 9],
			"rotation": {"angle": 0, "axis": "y", "origin": [8, 7.75, 12]},
			"faces": {
				"east": {"uv": [8.5, 7, 9, 9], "rotation": 90, "texture": "#rail"},
				"west": {"uv": [7, 7, 7.5, 9], "rotation": 270, "texture": "#rail"},
				"up": {"uv": [7, 7, 9, 9], "texture": "#rail"},
				"down": {"uv": [7, 7, 9, 9], "texture": "#rail", "cullface": "down"}
			}
		},
		{
			"name": "3",
			"from": [7, 0, 11],
			"to": [9, 0.5, 13],
			"rotation": {"angle": 0, "axis": "y", "origin": [8, 7.75, 16]},
			"faces": {
				"east": {"uv": [8.5, 11, 9, 13], "rotation": 90, "texture": "#rail"},
				"west": {"uv": [7, 11, 7.5, 13], "rotation": 270, "texture": "#rail"},
				"up": {"uv": [7, 11, 9, 13], "texture": "#rail"},
				"down": {"uv": [7, 11, 9, 13], "texture": "#rail", "cullface": "down"}
			}
		}
	],
	"groups": [
		{
			"name": "group",
			"origin": [8, 8, 8],
			"color": 0,
			"children": [
				{
					"name": "rail",
					"origin": [8, 8, 8],
					"color": 0,
					"children": [0, 1]
				},
				{
					"name": "sleeper",
					"origin": [8, 8, 8],
					"color": 0,
					"children": [2, 3, 4, 5,
						{
							"name": "redstone",
							"origin": [8, 7.75, 8],
							"color": 0,
							"children": [6, 7, 8]
						}
					]
				}
			]
		}
	]
}