{
	"credit": "Created by mullak99",
	"ambientocclusion": false,
	"textures": {
		"particle": "block/mangrove_door_top",
		"door": "block/mangrove_door_top",
		"side_top": "m99-ctm:block/doors/mangrove/side_top",
		"side_top_hinge": "m99-ctm:block/doors/mangrove/side_top_hinge",
		"top": "m99-ctm:block/doors/mangrove/top"
	},
	"elements": [
		{
			"name": "1",
			"from": [0, 0, 13.5],
			"to": [3, 16, 16],
			"rotation": {"angle": 0, "axis": "y", "origin": [1.5, 8.375, 8]},
			"faces": {
				"north": {"uv": [2, 0, 2.5, 16], "texture": "#door"},
				"east": {"uv": [0, 0, 2.5, 16], "texture": "#door"},
				"south": {"uv": [0, 0, 3, 16], "texture": "#side_top_hinge", "cullface": "south"},
				"west": {"uv": [2.5, 0, 0, 16], "texture": "#door", "cullface": "west"},
				"up": {"uv": [0, 0, 2.5, 3], "rotation": 270, "texture": "#top", "cullface": "up"}
			}
		},
		{
			"name": "2",
			"from": [0, 13.5, 2.5],
			"to": [3, 16, 13.5],
			"rotation": {"angle": 0, "axis": "y", "origin": [1.5, 8.375, 8]},
			"faces": {
				"east": {"uv": [2.5, 0, 13.5, 2.5], "texture": "#door"},
				"west": {"uv": [13.5, 0, 2.5, 2.5], "texture": "#door", "cullface": "west"},
				"up": {"uv": [2.5, 0, 13.5, 3], "rotation": 270, "texture": "#top", "cullface": "up"},
				"down": {"uv": [2.5, 2, 13.5, 2.5], "rotation": 90, "texture": "#door"}
			}
		},
		{
			"name": "3",
			"from": [0, 0, 0],
			"to": [3, 16, 2.5],
			"rotation": {"angle": 0, "axis": "y", "origin": [1.5, 8.375, 8]},
			"faces": {
				"north": {"uv": [0, 0, 3, 16], "texture": "#side_top", "cullface": "north"},
				"east": {"uv": [13.5, 0, 16, 16], "texture": "#door"},
				"south": {"uv": [13.5, 0, 14, 16], "texture": "#door"},
				"west": {"uv": [16, 0, 13.5, 16], "texture": "#door", "cullface": "west"},
				"up": {"uv": [13.5, 0, 16, 3], "rotation": 270, "texture": "#top", "cullface": "up"}
			}
		},
		{
			"name": "1",
			"from": [0.5, 0, 11.5],
			"to": [2.5, 13.5, 13.5],
			"rotation": {"angle": 0, "axis": "y", "origin": [1.5, 8.375, 8]},
			"faces": {
				"north": {"uv": [4, 2.5, 4.5, 16], "texture": "#door"},
				"east": {"uv": [2.5, 2.5, 4.5, 16], "texture": "#door"},
				"west": {"uv": [4.5, 2.5, 2.5, 16], "texture": "#door"}
			}
		},
		{
			"name": "2",
			"from": [0.5, 11.5, 4.5],
			"to": [2.5, 13.5, 11.5],
			"rotation": {"angle": 0, "axis": "y", "origin": [1.5, 8.375, 8]},
			"faces": {
				"east": {"uv": [4.5, 2.5, 11.5, 4.5], "texture": "#door"},
				"west": {"uv": [11.5, 0.5, 4.5, 2.5], "texture": "#door"},
				"down": {"uv": [4.5, 4, 11.5, 4.5], "rotation": 90, "texture": "#door"}
			}
		},
		{
			"name": "3",
			"from": [0.5, 0, 2.5],
			"to": [2.5, 13.5, 4.5],
			"rotation": {"angle": 0, "axis": "y", "origin": [1.5, 8.375, 8]},
			"faces": {
				"east": {"uv": [11.5, 2.5, 13.5, 16], "texture": "#door"},
				"south": {"uv": [11.5, 2.5, 12, 16], "texture": "#door"},
				"west": {"uv": [13.5, 2.5, 11.5, 16], "texture": "#door"}
			}
		},
		{
			"name": "4",
			"from": [1, 0, 4.5],
			"to": [2, 11.5, 11.5],
			"rotation": {"angle": 0, "axis": "y", "origin": [1.5, 8.375, 8]},
			"faces": {
				"east": {"uv": [4.5, 4.5, 11.5, 16], "texture": "#door"},
				"west": {"uv": [11.5, 4.5, 4.5, 16], "texture": "#door"}
			}
		},
		{
			"name": "5",
			"from": [0.5, 10.5, 11],
			"to": [2.5, 11, 11.5],
			"rotation": {"angle": 0, "axis": "y", "origin": [1.5, 8.375, 8]},
			"faces": {
				"north": {"uv": [4.5, 5, 5, 5.5], "texture": "#door"},
				"east": {"uv": [4.5, 5, 5, 5.5], "texture": "#door"},
				"west": {"uv": [5, 5, 4.5, 5.5], "texture": "#door"},
				"down": {"uv": [4.5, 5, 5, 5.5], "rotation": 90, "texture": "#door"}
			}
		},
		{
			"name": "6",
			"from": [0.5, 11, 10.5],
			"to": [2.5, 11.5, 11.5],
			"rotation": {"angle": 0, "axis": "y", "origin": [1.5, 8.375, 8]},
			"faces": {
				"north": {"uv": [5, 4.5, 5.5, 5], "texture": "#door"},
				"east": {"uv": [4.5, 4.5, 5.5, 5], "texture": "#door"},
				"west": {"uv": [5.5, 4.5, 4.5, 5], "texture": "#door"},
				"down": {"uv": [4.5, 4.5, 5.5, 5], "rotation": 90, "texture": "#door"}
			}
		},
		{
			"name": "7",
			"from": [0.5, 11, 4.5],
			"to": [2.5, 11.5, 5.5],
			"rotation": {"angle": 0, "axis": "y", "origin": [1.5, 8.375, 8]},
			"faces": {
				"east": {"uv": [10.5, 4.5, 11.5, 5], "texture": "#door"},
				"south": {"uv": [10.5, 4.5, 11, 5], "texture": "#door"},
				"west": {"uv": [11.5, 4.5, 10.5, 5], "texture": "#door"},
				"down": {"uv": [10.5, 4.5, 11.5, 5], "rotation": 90, "texture": "#door"}
			}
		},
		{
			"name": "8",
			"from": [0.5, 10.5, 4.5],
			"to": [2.5, 11, 5],
			"rotation": {"angle": 0, "axis": "y", "origin": [1.5, 8.375, 8]},
			"faces": {
				"east": {"uv": [11, 5, 11.5, 5.5], "texture": "#door"},
				"south": {"uv": [11, 5, 11.5, 5.5], "texture": "#door"},
				"west": {"uv": [11.5, 5, 11, 5.5], "texture": "#door"},
				"down": {"uv": [11, 5, 11.5, 5.5], "rotation": 90, "texture": "#door"}
			}
		},
		{
			"name": "9",
			"from": [0, 12.5, 13],
			"to": [3, 13, 13.5],
			"rotation": {"angle": 0, "axis": "y", "origin": [1.5, 8.375, 8]},
			"faces": {
				"north": {"uv": [2.5, 3, 3, 3.5], "texture": "#door"},
				"east": {"uv": [2.5, 3, 3, 3.5], "texture": "#door"},
				"west": {"uv": [3, 3, 2.5, 3.5], "texture": "#door", "cullface": "west"},
				"down": {"uv": [2.5, 3, 3, 3.5], "rotation": 90, "texture": "#door"}
			}
		},
		{
			"name": "10",
			"from": [0, 13, 12.5],
			"to": [3, 13.5, 13.5],
			"rotation": {"angle": 0, "axis": "y", "origin": [1.5, 8.375, 8]},
			"faces": {
				"north": {"uv": [3, 2.5, 3.5, 3], "texture": "#door"},
				"east": {"uv": [2.5, 2.5, 3.5, 3], "texture": "#door"},
				"west": {"uv": [3.5, 2.5, 2.5, 3], "texture": "#door", "cullface": "west"},
				"down": {"uv": [2.5, 2.5, 3.5, 3], "rotation": 90, "texture": "#door"}
			}
		},
		{
			"name": "11",
			"from": [0, 13, 2.5],
			"to": [3, 13.5, 3.5],
			"rotation": {"angle": 0, "axis": "y", "origin": [1.5, 8.375, 8]},
			"faces": {
				"east": {"uv": [12.5, 2.5, 13.5, 3], "texture": "#door"},
				"south": {"uv": [12.5, 2.5, 13, 3], "texture": "#door"},
				"west": {"uv": [13.5, 2.5, 12.5, 3], "texture": "#door", "cullface": "west"},
				"down": {"uv": [12.5, 2.5, 13.5, 3], "rotation": 90, "texture": "#door"}
			}
		},
		{
			"name": "12",
			"from": [0, 12.5, 2.5],
			"to": [3, 13, 3],
			"rotation": {"angle": 0, "axis": "y", "origin": [1.5, 8.375, 8]},
			"faces": {
				"east": {"uv": [13, 3, 13.5, 3.5], "texture": "#door"},
				"south": {"uv": [13, 3, 13.5, 3.5], "texture": "#door"},
				"west": {"uv": [13.5, 3, 13, 3.5], "texture": "#door", "cullface": "west"},
				"down": {"uv": [13, 3, 13.5, 3.5], "rotation": 90, "texture": "#door"}
			}
		},
		{
			"name": "1",
			"from": [0.5, 6, 6],
			"to": [2.5, 8, 10],
			"rotation": {"angle": 0, "axis": "y", "origin": [1.5, 8.375, 8]},
			"faces": {
				"north": {"uv": [9.5, 8, 10, 10], "texture": "#door"},
				"east": {"uv": [6, 8, 10, 10], "texture": "#door"},
				"south": {"uv": [6, 8, 6.5, 10], "texture": "#door"},
				"west": {"uv": [10, 8, 6, 10], "texture": "#door"},
				"up": {"uv": [6, 8, 10, 8.5], "rotation": 270, "texture": "#door"},
				"down": {"uv": [6, 9.5, 10, 10], "rotation": 90, "texture": "#door"}
			}
		},
		{
			"name": "2",
			"from": [0.5, 8, 7],
			"to": [2.5, 9, 9],
			"rotation": {"angle": 0, "axis": "y", "origin": [1.5, 8.375, 8]},
			"faces": {
				"north": {"uv": [8.5, 7, 9, 8], "texture": "#door"},
				"east": {"uv": [7, 7, 9, 8], "texture": "#door"},
				"south": {"uv": [7, 7, 7.5, 8], "texture": "#door"},
				"west": {"uv": [9, 7, 7, 8], "texture": "#door"},
				"up": {"uv": [7, 7, 9, 7.5], "rotation": 270, "texture": "#door"}
			}
		},
		{
			"name": "3",
			"from": [0.5, 5, 7],
			"to": [2.5, 6, 9],
			"rotation": {"angle": 0, "axis": "y", "origin": [1.5, 8.375, 8]},
			"faces": {
				"north": {"uv": [8.5, 10, 9, 11], "texture": "#door"},
				"east": {"uv": [7, 10, 9, 11], "texture": "#door"},
				"south": {"uv": [7, 10, 7.5, 11], "texture": "#door"},
				"west": {"uv": [9, 10, 7, 11], "texture": "#door"},
				"down": {"uv": [7, 10.5, 9, 11], "rotation": 90, "texture": "#door"}
			}
		},
		{
			"name": "4",
			"from": [0.5, 8, 9],
			"to": [2.5, 8.5, 9.5],
			"rotation": {"angle": 0, "axis": "y", "origin": [1.5, 8.375, 8]},
			"faces": {
				"east": {"uv": [6.5, 7.5, 7, 8], "texture": "#door"},
				"south": {"uv": [6.5, 7.5, 7, 8], "texture": "#door"},
				"west": {"uv": [7, 7.5, 6.5, 8], "texture": "#door"},
				"up": {"uv": [6.5, 7.5, 7, 8], "rotation": 180, "texture": "#door"}
			}
		},
		{
			"name": "5",
			"from": [0.5, 8, 6.5],
			"to": [2.5, 8.5, 7],
			"rotation": {"angle": 0, "axis": "y", "origin": [1.5, 8.375, 8]},
			"faces": {
				"north": {"uv": [9, 8, 9.5, 7.5], "texture": "#door"},
				"east": {"uv": [9, 7.5, 9.5, 8], "texture": "#door"},
				"west": {"uv": [9.5, 7.5, 9, 8], "texture": "#door"},
				"up": {"uv": [9, 7.5, 9.5, 8], "rotation": 180, "texture": "#door"}
			}
		},
		{
			"name": "6",
			"from": [0.5, 5.5, 9],
			"to": [2.5, 6, 9.5],
			"rotation": {"angle": 0, "axis": "y", "origin": [1.5, 8.375, 8]},
			"faces": {
				"east": {"uv": [6.5, 10, 7, 10.5], "texture": "#door"},
				"south": {"uv": [6.5, 10, 7, 10.5], "texture": "#door"},
				"west": {"uv": [7, 10, 6.5, 10.5], "texture": "#door"},
				"down": {"uv": [6.5, 10, 7, 10.5], "rotation": 180, "texture": "#door"}
			}
		},
		{
			"name": "7",
			"from": [0.5, 5.5, 6.5],
			"to": [2.5, 6, 7],
			"rotation": {"angle": 0, "axis": "y", "origin": [1.5, 8.375, 8]},
			"faces": {
				"north": {"uv": [9, 10.5, 9.5, 10], "texture": "#door"},
				"east": {"uv": [9, 10, 9.5, 10.5], "texture": "#door"},
				"west": {"uv": [9.5, 10, 9, 10.5], "texture": "#door"},
				"down": {"uv": [9, 10, 9.5, 10.5], "rotation": 180, "texture": "#door"}
			}
		},
		{
			"name": "8",
			"from": [0, 6, 6.5],
			"to": [3, 8, 9.5],
			"rotation": {"angle": 0, "axis": "y", "origin": [1.5, 8.375, 8]},
			"faces": {
				"north": {"uv": [9, 8, 9.5, 10], "texture": "#door"},
				"east": {"uv": [6.5, 8, 9.5, 10], "texture": "#door"},
				"south": {"uv": [6.5, 8, 7, 10], "texture": "#door"},
				"west": {"uv": [9.5, 8, 6.5, 10], "texture": "#door", "cullface": "west"},
				"up": {"uv": [6.5, 8, 9.5, 8.5], "rotation": 90, "texture": "#door"},
				"down": {"uv": [6.5, 9.5, 9.5, 10], "rotation": 90, "texture": "#door"}
			}
		},
		{
			"name": "9",
			"from": [0, 5.5, 7],
			"to": [3, 6, 9],
			"rotation": {"angle": 0, "axis": "y", "origin": [1.5, 8.375, 8]},
			"faces": {
				"north": {"uv": [8.5, 10, 9, 10.5], "texture": "#door"},
				"east": {"uv": [7, 10, 9, 10.5], "texture": "#door"},
				"south": {"uv": [7, 10, 7.5, 10.5], "texture": "#door"},
				"west": {"uv": [9, 10, 7, 10.5], "texture": "#door", "cullface": "west"},
				"down": {"uv": [7, 10, 9, 10.5], "rotation": 90, "texture": "#door"}
			}
		},
		{
			"name": "10",
			"from": [0, 8, 7],
			"to": [3, 8.5, 9],
			"rotation": {"angle": 0, "axis": "y", "origin": [1.5, 8.375, 8]},
			"faces": {
				"north": {"uv": [8.5, 7.5, 9, 8], "texture": "#door"},
				"east": {"uv": [7, 7.5, 9, 8], "texture": "#door"},
				"south": {"uv": [7, 7.5, 7.5, 8], "texture": "#door"},
				"west": {"uv": [9, 7.5, 7, 8], "texture": "#door", "cullface": "west"},
				"up": {"uv": [7, 7.5, 9, 8], "rotation": 270, "texture": "#door"}
			}
		},
		{
			"name": "1",
			"from": [0.5, 0, 6],
			"to": [2.5, 1, 10],
			"rotation": {"angle": 0, "axis": "y", "origin": [1.5, 8.375, 8]},
			"faces": {
				"north": {"uv": [9.5, 15, 10, 16], "texture": "#door"},
				"east": {"uv": [6, 15, 10, 16], "texture": "#door"},
				"south": {"uv": [6, 15, 6.5, 16], "texture": "#door"},
				"west": {"uv": [10, 15, 6, 16], "texture": "#door"},
				"up": {"uv": [6, 15, 10, 15.5], "rotation": 270, "texture": "#door"}
			}
		},
		{
			"name": "2",
			"from": [0.5, 1, 7],
			"to": [2.5, 2, 9],
			"rotation": {"angle": 0, "axis": "y", "origin": [1.5, 8.375, 8]},
			"faces": {
				"north": {"uv": [8.5, 14, 9, 15], "texture": "#door"},
				"east": {"uv": [7, 14, 9, 15], "texture": "#door"},
				"south": {"uv": [7, 14, 7.5, 15], "texture": "#door"},
				"west": {"uv": [9, 14, 7, 15], "texture": "#door"},
				"up": {"uv": [7, 14, 9, 14.5], "rotation": 270, "texture": "#door"}
			}
		},
		{
			"name": "3",
			"from": [0.5, 1, 9],
			"to": [2.5, 1.5, 9.5],
			"rotation": {"angle": 0, "axis": "y", "origin": [1.5, 8.375, 8]},
			"faces": {
				"east": {"uv": [6.5, 14.5, 7, 15], "texture": "#door"},
				"south": {"uv": [6.5, 14.5, 7, 15], "texture": "#door"},
				"west": {"uv": [7, 14.5, 6.5, 15], "texture": "#door"},
				"up": {"uv": [6.5, 14.5, 7, 15], "rotation": 180, "texture": "#door"}
			}
		},
		{
			"name": "4",
			"from": [0.5, 1, 6.5],
			"to": [2.5, 1.5, 7],
			"rotation": {"angle": 0, "axis": "y", "origin": [1.5, 8.375, 8]},
			"faces": {
				"north": {"uv": [9, 15, 9.5, 14.5], "texture": "#door"},
				"east": {"uv": [9, 14.5, 9.5, 15], "texture": "#door"},
				"west": {"uv": [9.5, 14.5, 9, 15], "texture": "#door"},
				"up": {"uv": [9, 14.5, 9.5, 15], "rotation": 180, "texture": "#door"}
			}
		},
		{
			"name": "5",
			"from": [0, 0, 6.5],
			"to": [3, 1, 9.5],
			"rotation": {"angle": 0, "axis": "y", "origin": [1.5, 8.375, 8]},
			"faces": {
				"north": {"uv": [9, 15, 9.5, 16], "texture": "#door"},
				"east": {"uv": [6.5, 15, 9.5, 16], "texture": "#door"},
				"south": {"uv": [6.5, 15, 7, 16], "texture": "#door"},
				"west": {"uv": [9.5, 15, 6.5, 16], "texture": "#door", "cullface": "west"},
				"up": {"uv": [6.5, 15, 9.5, 15.5], "rotation": 90, "texture": "#door"}
			}
		},
		{
			"name": "6",
			"from": [0, 1, 7],
			"to": [3, 1.5, 9],
			"rotation": {"angle": 0, "axis": "y", "origin": [1.5, 8.375, 8]},
			"faces": {
				"north": {"uv": [8.5, 14.5, 9, 15], "texture": "#door"},
				"east": {"uv": [7, 14.5, 9, 15], "texture": "#door"},
				"south": {"uv": [7, 14.5, 7.5, 15], "texture": "#door"},
				"west": {"uv": [9, 14.5, 7, 15], "texture": "#door", "cullface": "west"},
				"up": {"uv": [7, 14.5, 9, 15], "rotation": 270, "texture": "#door"}
			}
		},
		{
			"name": "1",
			"from": [-0.5, 0, 2],
			"to": [3.5, 3, 3],
			"rotation": {"angle": 0, "axis": "y", "origin": [1.5, 8.375, 8]},
			"faces": {
				"north": {"uv": [13.5, 13, 14, 16], "texture": "#door"},
				"east": {"uv": [13, 13, 14, 16], "texture": "#door"},
				"south": {"uv": [13, 13, 13.5, 16], "texture": "#door"},
				"west": {"uv": [14, 13, 13, 16], "texture": "#door", "cullface": "west"},
				"up": {"uv": [13, 13, 14, 13.5], "rotation": 270, "texture": "#door"}
			}
		},
		{
			"name": "2",
			"from": [-0.5, 2.5, 3],
			"to": [3.5, 3, 4],
			"rotation": {"angle": 0, "axis": "y", "origin": [1.5, 8.375, 8]},
			"faces": {
				"east": {"uv": [12, 13, 13, 13.5], "texture": "#door"},
				"south": {"uv": [12, 13, 12.5, 13.5], "texture": "#door"},
				"west": {"uv": [13, 13, 12, 13.5], "texture": "#door", "cullface": "west"},
				"up": {"uv": [12, 13, 13, 13.5], "rotation": 270, "texture": "#door"},
				"down": {"uv": [12, 13, 13, 13.5], "rotation": 90, "texture": "#door"}
			}
		}
	],
	"groups": [
		{
			"name": "group",
			"origin": [8, 8, 8],
			"color": 0,
			"children": [
				{
					"name": "outer",
					"origin": [0, 0, 0],
					"color": 0,
					"children": [0, 1, 2]
				},
				{
					"name": "inner",
					"origin": [0, 0, 0],
					"color": 0,
					"children": [3, 4, 5, 6, 7, 8, 9, 10, 11, 12, 13, 14]
				},
				{
					"name": "circles",
					"origin": [8, 8, 8],
					"color": 0,
					"children": [
						{
							"name": "1",
							"origin": [0, 0, 0],
							"color": 0,
							"children": [15, 16, 17, 18, 19, 20, 21, 22, 23, 24]
						}
					]
				},
				{
					"name": "group",
					"origin": [0, 0, 0],
					"color": 0,
					"children": [25, 26, 27, 28, 29, 30]
				},
				{
					"name": "handle",
					"origin": [8, 8, 8],
					"color": 0,
					"children": [31, 32]
				}
			]
		}
	]
}