{
	"credit": "Created by mullak99",
	"ambientocclusion": false,
	"textures": {
		"particle": "block/mangrove_door_bottom",
		"door": "block/mangrove_door_bottom",
		"bottom": "m99-ctm:block/doors/mangrove/bottom",
		"side_bottom": "m99-ctm:block/doors/mangrove/side_bottom",
		"side_bottom_hinge": "m99-ctm:block/doors/mangrove/side_bottom_hinge"
	},
	"elements": [
		{
			"name": "1",
			"from": [0, 0, 0],
			"to": [3, 16, 2.5],
			"rotation": {"angle": 0, "axis": "y", "origin": [1.5, 8.375, 8]},
			"faces": {
				"north": {"uv": [0, 0, 3, 16], "texture": "#side_bottom_hinge", "cullface": "north"},
				"east": {"uv": [2.5, 0, 0, 16], "texture": "#door"},
				"south": {"uv": [2, 0, 2.5, 16], "texture": "#door"},
				"west": {"uv": [0, 0, 2.5, 16], "texture": "#door", "cullface": "west"},
				"down": {"uv": [0, 0, 2.5, 3], "rotation": 270, "texture": "#bottom", "cullface": "down"}
			}
		},
		{
			"name": "2",
			"from": [0, 0, 2.5],
			"to": [3, 2.5, 13.5],
			"rotation": {"angle": 0, "axis": "y", "origin": [1.5, 8.375, 8]},
			"faces": {
				"east": {"uv": [13.5, 13.5, 2.5, 16], "texture": "#door"},
				"west": {"uv": [2.5, 13.5, 13.5, 16], "texture": "#door", "cullface": "west"},
				"up": {"uv": [2.5, 13.5, 13.5, 14], "rotation": 90, "texture": "#door"},
				"down": {"uv": [2.5, 0, 13.5, 3], "rotation": 270, "texture": "#bottom", "cullface": "down"}
			}
		},
		{
			"name": "3",
			"from": [0, 0, 13.5],
			"to": [3, 16, 16],
			"rotation": {"angle": 0, "axis": "y", "origin": [1.5, 8.375, 8]},
			"faces": {
				"north": {"uv": [13.5, 0, 14, 16], "texture": "#door"},
				"east": {"uv": [16, 0, 13.5, 16], "texture": "#door"},
				"south": {"uv": [0, 0, 3, 16], "texture": "#side_bottom", "cullface": "south"},
				"west": {"uv": [13.5, 0, 16, 16], "texture": "#door", "cullface": "west"},
				"down": {"uv": [13.5, 0, 16, 3], "rotation": 270, "texture": "#bottom", "cullface": "down"}
			}
		},
		{
			"name": "1",
			"from": [0.5, 2.5, 2.5],
			"to": [2.5, 16, 4.5],
			"rotation": {"angle": 0, "axis": "y", "origin": [1.5, 8.375, 8]},
			"faces": {
				"east": {"uv": [4.5, 0, 2.5, 13.5], "texture": "#door"},
				"south": {"uv": [4, 0, 4.5, 13.5], "texture": "#door"},
				"west": {"uv": [2.5, 0, 4.5, 13.5], "texture": "#door"}
			}
		},
		{
			"name": "2",
			"from": [0.5, 2.5, 4.5],
			"to": [2.5, 4.5, 11.5],
			"rotation": {"angle": 0, "axis": "y", "origin": [1.5, 8.375, 8]},
			"faces": {
				"east": {"uv": [11.5, 11.5, 4.5, 13.5], "texture": "#door"},
				"west": {"uv": [4.5, 11.5, 11.5, 13.5], "texture": "#door"},
				"up": {"uv": [4.5, 11.5, 11.5, 12], "rotation": 270, "texture": "#door"}
			}
		},
		{
			"name": "3",
			"from": [0.5, 2.5, 11.5],
			"to": [2.5, 16, 13.5],
			"rotation": {"angle": 0, "axis": "y", "origin": [1.5, 8.375, 8]},
			"faces": {
				"north": {"uv": [11.5, 0, 12, 13.5], "texture": "#door"},
				"east": {"uv": [13.5, 0, 11.5, 13.5], "texture": "#door"},
				"west": {"uv": [11.5, 0, 13.5, 13.5], "texture": "#door"}
			}
		},
		{
			"name": "4",
			"from": [1, 4.5, 4.5],
			"to": [2, 16, 11.5],
			"rotation": {"angle": 0, "axis": "y", "origin": [1.5, 8.375, 8]},
			"faces": {
				"east": {"uv": [11.5, 0, 4.5, 11.5], "texture": "#door"},
				"west": {"uv": [4.5, 0, 11.5, 11.5], "texture": "#door"}
			}
		},
		{
			"name": "1",
			"from": [0.5, 8, 6],
			"to": [2.5, 10, 10],
			"rotation": {"angle": 0, "axis": "y", "origin": [1.5, 8.375, 8]},
			"faces": {
				"north": {"uv": [6, 6, 6.5, 8], "texture": "#door"},
				"east": {"uv": [10, 6, 6, 8], "texture": "#door"},
				"south": {"uv": [9.5, 6, 10, 8], "texture": "#door"},
				"west": {"uv": [6, 6, 10, 8], "texture": "#door"},
				"up": {"uv": [6, 6, 10, 6.5], "rotation": 90, "texture": "#door"},
				"down": {"uv": [6, 7.5, 10, 8], "rotation": 270, "texture": "#door"}
			}
		},
		{
			"name": "2",
			"from": [0.5, 10, 7],
			"to": [2.5, 11, 9],
			"rotation": {"angle": 0, "axis": "y", "origin": [1.5, 8.375, 8]},
			"faces": {
				"north": {"uv": [7, 5, 7.5, 6], "texture": "#door"},
				"east": {"uv": [9, 5, 7, 6], "texture": "#door"},
				"south": {"uv": [8.5, 5, 9, 6], "texture": "#door"},
				"west": {"uv": [7, 5, 9, 6], "texture": "#door"},
				"up": {"uv": [7, 5, 9, 5.5], "rotation": 90, "texture": "#door"}
			}
		},
		{
			"name": "3",
			"from": [0.5, 7, 7],
			"to": [2.5, 8, 9],
			"rotation": {"angle": 0, "axis": "y", "origin": [1.5, 8.375, 8]},
			"faces": {
				"north": {"uv": [7, 8, 7.5, 9], "texture": "#door"},
				"east": {"uv": [9, 8, 7, 9], "texture": "#door"},
				"south": {"uv": [8.5, 8, 9, 9], "texture": "#door"},
				"west": {"uv": [7, 8, 9, 9], "texture": "#door"},
				"down": {"uv": [7, 8.5, 9, 9], "rotation": 270, "texture": "#door"}
			}
		},
		{
			"name": "4",
			"from": [0.5, 10, 6.5],
			"to": [2.5, 10.5, 7],
			"rotation": {"angle": 0, "axis": "y", "origin": [1.5, 8.375, 8]},
			"faces": {
				"north": {"uv": [6.5, 5.5, 7, 6], "texture": "#door"},
				"east": {"uv": [7, 5.5, 6.5, 6], "texture": "#door"},
				"west": {"uv": [6.5, 5.5, 7, 6], "texture": "#door"},
				"up": {"uv": [6.5, 5.5, 7, 6], "texture": "#door"}
			}
		},
		{
			"name": "5",
			"from": [0.5, 10, 9],
			"to": [2.5, 10.5, 9.5],
			"rotation": {"angle": 0, "axis": "y", "origin": [1.5, 8.375, 8]},
			"faces": {
				"east": {"uv": [9.5, 5.5, 9, 6], "texture": "#door"},
				"south": {"uv": [9, 6, 9.5, 5.5], "texture": "#door"},
				"west": {"uv": [9, 5.5, 9.5, 6], "texture": "#door"},
				"up": {"uv": [9, 5.5, 9.5, 6], "texture": "#door"}
			}
		},
		{
			"name": "6",
			"from": [0.5, 7.5, 6.5],
			"to": [2.5, 8, 7],
			"rotation": {"angle": 0, "axis": "y", "origin": [1.5, 8.375, 8]},
			"faces": {
				"north": {"uv": [6.5, 8, 7, 8.5], "texture": "#door"},
				"east": {"uv": [7, 8, 6.5, 8.5], "texture": "#door"},
				"west": {"uv": [6.5, 8, 7, 8.5], "texture": "#door"},
				"down": {"uv": [6.5, 8, 7, 8.5], "texture": "#door"}
			}
		},
		{
			"name": "7",
			"from": [0.5, 7.5, 9],
			"to": [2.5, 8, 9.5],
			"rotation": {"angle": 0, "axis": "y", "origin": [1.5, 8.375, 8]},
			"faces": {
				"east": {"uv": [9.5, 8, 9, 8.5], "texture": "#door"},
				"south": {"uv": [9, 8.5, 9.5, 8], "texture": "#door"},
				"west": {"uv": [9, 8, 9.5, 8.5], "texture": "#door"},
				"down": {"uv": [9, 8, 9.5, 8.5], "texture": "#door"}
			}
		},
		{
			"name": "8",
			"from": [0, 8, 6.5],
			"to": [3, 10, 9.5],
			"rotation": {"angle": 0, "axis": "y", "origin": [1.5, 8.375, 8]},
			"faces": {
				"north": {"uv": [6.5, 6, 7, 8], "texture": "#door"},
				"east": {"uv": [9.5, 6, 6.5, 8], "texture": "#door"},
				"south": {"uv": [9, 6, 9.5, 8], "texture": "#door"},
				"west": {"uv": [6.5, 6, 9.5, 8], "texture": "#door", "cullface": "west"},
				"up": {"uv": [6.5, 6, 9.5, 6.5], "rotation": 270, "texture": "#door"},
				"down": {"uv": [6.5, 7.5, 9.5, 8], "rotation": 270, "texture": "#door"}
			}
		},
		{
			"name": "9",
			"from": [0, 7.5, 7],
			"to": [3, 8, 9],
			"rotation": {"angle": 0, "axis": "y", "origin": [1.5, 8.375, 8]},
			"faces": {
				"north": {"uv": [7, 8, 7.5, 8.5], "texture": "#door"},
				"east": {"uv": [9, 8, 7, 8.5], "texture": "#door"},
				"south": {"uv": [8.5, 8, 9, 8.5], "texture": "#door"},
				"west": {"uv": [7, 8, 9, 8.5], "texture": "#door", "cullface": "west"},
				"down": {"uv": [7, 8, 9, 8.5], "rotation": 270, "texture": "#door"}
			}
		},
		{
			"name": "10",
			"from": [0, 10, 7],
			"to": [3, 10.5, 9],
			"rotation": {"angle": 0, "axis": "y", "origin": [1.5, 8.375, 8]},
			"faces": {
				"north": {"uv": [7, 5.5, 7.5, 6], "texture": "#door"},
				"east": {"uv": [9, 5.5, 7, 6], "texture": "#door"},
				"south": {"uv": [8.5, 5.5, 9, 6], "texture": "#door"},
				"west": {"uv": [7, 5.5, 9, 6], "texture": "#door", "cullface": "west"},
				"up": {"uv": [7, 5.5, 9, 6], "rotation": 90, "texture": "#door"}
			}
		},
		{
			"name": "1",
			"from": [0.5, 15, 6],
			"to": [2.5, 16, 10],
			"rotation": {"angle": 0, "axis": "y", "origin": [1.5, 8.375, 8]},
			"faces": {
				"north": {"uv": [6, 0, 6.5, 1], "texture": "#door"},
				"east": {"uv": [10, 0, 6, 1], "texture": "#door"},
				"south": {"uv": [9.5, 0, 10, 1], "texture": "#door"},
				"west": {"uv": [6, 0, 10, 1], "texture": "#door"},
				"down": {"uv": [6, 0.5, 10, 1], "rotation": 270, "texture": "#door"}
			}
		},
		{
			"name": "2",
			"from": [0.5, 14, 7],
			"to": [2.5, 15, 9],
			"rotation": {"angle": 0, "axis": "y", "origin": [1.5, 8.375, 8]},
			"faces": {
				"north": {"uv": [7, 1, 7.5, 2], "texture": "#door"},
				"east": {"uv": [9, 1, 7, 2], "texture": "#door"},
				"south": {"uv": [8.5, 1, 9, 2], "texture": "#door"},
				"west": {"uv": [7, 1, 9, 2], "texture": "#door"},
				"down": {"uv": [7, 1.5, 9, 2], "rotation": 270, "texture": "#door"}
			}
		},
		{
			"name": "3",
			"from": [0.5, 14.5, 6.5],
			"to": [2.5, 15, 7],
			"rotation": {"angle": 0, "axis": "y", "origin": [1.5, 8.375, 8]},
			"faces": {
				"north": {"uv": [6.5, 1, 7, 1.5], "texture": "#door"},
				"east": {"uv": [7, 1, 6.5, 1.5], "texture": "#door"},
				"west": {"uv": [6.5, 1, 7, 1.5], "texture": "#door"},
				"down": {"uv": [6.5, 1, 7, 1.5], "texture": "#door"}
			}
		},
		{
			"name": "4",
			"from": [0.5, 14.5, 9],
			"to": [2.5, 15, 9.5],
			"rotation": {"angle": 0, "axis": "y", "origin": [1.5, 8.375, 8]},
			"faces": {
				"east": {"uv": [9.5, 1, 9, 1.5], "texture": "#door"},
				"south": {"uv": [9, 1.5, 9.5, 1], "texture": "#door"},
				"west": {"uv": [9, 1, 9.5, 1.5], "texture": "#door"},
				"down": {"uv": [9, 1, 9.5, 1.5], "texture": "#door"}
			}
		},
		{
			"name": "5",
			"from": [0, 15, 6.5],
			"to": [3, 16, 9.5],
			"rotation": {"angle": 0, "axis": "y", "origin": [1.5, 8.375, 8]},
			"faces": {
				"north": {"uv": [6.5, 0, 7, 1], "texture": "#door"},
				"east": {"uv": [9.5, 0, 6.5, 1], "texture": "#door"},
				"south": {"uv": [9, 0, 9.5, 1], "texture": "#door"},
				"west": {"uv": [6.5, 0, 9.5, 1], "texture": "#door", "cullface": "west"},
				"down": {"uv": [6.5, 0.5, 9.5, 1], "rotation": 270, "texture": "#door"}
			}
		},
		{
			"name": "6",
			"from": [0, 14.5, 7],
			"to": [3, 15, 9],
			"rotation": {"angle": 0, "axis": "y", "origin": [1.5, 8.375, 8]},
			"faces": {
				"north": {"uv": [7, 1, 7.5, 1.5], "texture": "#door"},
				"east": {"uv": [9, 1, 7, 1.5], "texture": "#door"},
				"south": {"uv": [8.5, 1, 9, 1.5], "texture": "#door"},
				"west": {"uv": [7, 1, 9, 1.5], "texture": "#door", "cullface": "west"},
				"down": {"uv": [7, 1, 9, 1.5], "rotation": 270, "texture": "#door"}
			}
		},
		{
			"name": "1",
			"from": [-0.5, 13, 13],
			"to": [3.5, 16, 14],
			"rotation": {"angle": 0, "axis": "y", "origin": [1.5, 8.375, 8]},
			"faces": {
				"north": {"uv": [13, 0, 13.5, 3], "texture": "#door"},
				"east": {"uv": [14, 0, 13, 3], "texture": "#door"},
				"south": {"uv": [13.5, 0, 14, 3], "texture": "#door"},
				"west": {"uv": [13, 0, 14, 3], "texture": "#door", "cullface": "west"},
				"down": {"uv": [13, 2.5, 14, 3], "rotation": 270, "texture": "#door"}
			}
		},
		{
			"name": "2",
			"from": [-0.5, 13, 12],
			"to": [3.5, 13.5, 13],
			"rotation": {"angle": 0, "axis": "y", "origin": [1.5, 8.375, 8]},
			"faces": {
				"north": {"uv": [12, 2.5, 12.5, 3], "texture": "#door"},
				"east": {"uv": [13, 2.5, 12, 3], "texture": "#door"},
				"west": {"uv": [12, 2.5, 13, 3], "texture": "#door", "cullface": "west"},
				"up": {"uv": [12, 2.5, 13, 3], "rotation": 90, "texture": "#door"},
				"down": {"uv": [12, 2.5, 13, 3], "rotation": 270, "texture": "#door"}
			}
		}
	],
	"groups": [
		{
			"name": "group",
			"origin": [8, 8, 8],
			"color": 0,
			"children": [
				{
					"name": "outer",
					"origin": [0, 0, 0],
					"color": 0,
					"children": [0, 1, 2]
				},
				{
					"name": "inner",
					"origin": [0, 0, 0],
					"color": 0,
					"children": [3, 4, 5, 6]
				},
				{
					"name": "circles",
					"origin": [8, 8, 8],
					"color": 0,
					"children": [
						{
							"name": "1",
							"origin": [0, 0, 0],
							"color": 0,
							"children": [7, 8, 9, 10, 11, 12, 13, 14, 15, 16]
						},
						{
							"name": "2",
							"origin": [8, 8, 8],
							"color": 0,
							"children": [17, 18, 19, 20, 21, 22]
						}
					]
				},
				{
					"name": "handle",
					"origin": [8, 8, 8],
					"color": 0,
					"children": [23, 24]
				}
			]
		}
	]
}